timestamp,segment_id,pressure,flow_rate,temperature,valve_status,pump_state,pump_speed,compressor_state,energy_consumption,alarm_triggered,event_type,target,scenario_context
2026-01-01 06:00:00,1,74.604,3.646,23.782,1,1,1445.233,1,142.347,0,normal,0,nominal
2026-01-01 06:00:00,2,67.283,2.798,26.183,1,1,1251.427,1,125.229,0,normal,0,nominal
2026-01-01 06:00:00,3,60.867,2.263,28.818,1,1,1131.985,1,114.538,0,normal,0,nominal
2026-01-01 06:01:00,1,74.515,3.921,23.772,1,1,1431.899,1,145.004,0,normal,0,nominal
2026-01-01 06:01:00,2,66.973,2.594,26.481,1,1,1275.549,1,123.8,0,normal,0,nominal
2026-01-01 06:01:00,3,61.299,2.309,28.944,1,1,1108.345,1,114.168,0,normal,0,nominal
2026-01-01 06:02:00,1,74.142,3.5,23.95,1,1,1424.556,1,139.884,0,normal,0,nominal
2026-01-01 06:02:00,2,67.471,2.393,26.563,1,1,1250.636,1,120.544,0,normal,0,nominal
2026-01-01 06:02:00,3,61.817,2.325,28.85,1,1,1114.657,1,114.589,0,normal,0,nominal
2026-01-01 06:03:00,1,74.583,3.666,23.75,1,1,1414.262,1,141.399,0,normal,0,nominal
2026-01-01 06:03:00,2,67.418,2.848,26.715,1,1,1243.507,1,125.506,0,normal,0,nominal
2026-01-01 06:03:00,3,62.172,2.552,28.911,1,1,1123.126,1,117.529,0,normal,0,nominal
2026-01-01 06:04:00,1,73.654,3.428,23.592,1,1,1396.575,1,137.987,0,normal,0,nominal
2026-01-01 06:04:00,2,67.272,2.933,26.485,1,1,1255.37,1,126.939,0,normal,0,nominal
2026-01-01 06:04:00,3,63.397,2.281,28.735,1,1,1133.45,1,114.808,0,normal,0,nominal
2026-01-01 06:05:00,1,74.554,3.401,23.63,1,1,1417.905,1,138.487,0,normal,0,nominal
2026-01-01 06:05:00,2,67.094,3.276,26.561,1,1,1245.385,1,130.496,0,normal,0,nominal
2026-01-01 06:05:00,3,63.421,2.273,28.79,1,1,1124.566,1,114.369,0,normal,0,nominal
2026-01-01 06:06:00,1,73.3,3.232,23.606,1,1,1421.638,1,136.693,0,normal,0,nominal
2026-01-01 06:06:00,2,67.928,3.069,26.841,1,1,1243.364,1,128.043,0,normal,0,nominal
2026-01-01 06:06:00,3,58.464,1.983,28.712,1,1,1113.618,1,110.624,0,normal,0,nominal
2026-01-01 06:07:00,1,71.696,3.585,23.767,1,1,1414.881,1,140.492,0,normal,0,nominal
2026-01-01 06:07:00,2,68.196,3.532,26.749,1,1,1239.34,1,133.212,0,normal,0,nominal
2026-01-01 06:07:00,3,59.23,2.063,28.744,1,1,1097.796,1,110.935,0,normal,0,nominal
2026-01-01 06:08:00,1,72.687,3.604,23.743,1,1,1420.245,1,140.914,0,normal,0,nominal
2026-01-01 06:08:00,2,68.629,2.842,26.55,1,1,1248.571,1,125.626,0,normal,0,nominal
2026-01-01 06:08:00,3,60.411,2.143,28.67,1,1,1105.21,1,112.148,0,normal,0,nominal
2026-01-01 06:09:00,1,73.3,3.5,23.497,1,1,1423.163,1,139.836,0,normal,0,nominal
2026-01-01 06:09:00,2,68.421,2.651,26.505,1,1,1263.843,1,124.015,0,normal,0,nominal
2026-01-01 06:09:00,3,60.934,2.358,28.989,1,1,1108.016,1,114.719,0,normal,0,nominal
2026-01-01 06:10:00,1,73.191,3.552,23.616,1,1,1433.058,1,140.801,0,normal,0,nominal
2026-01-01 06:10:00,2,67.857,2.963,26.672,1,1,1264.302,1,127.623,0,normal,0,nominal
2026-01-01 06:10:00,3,62.464,2.118,29.04,1,1,1113.789,1,112.176,0,normal,0,nominal
2026-01-01 06:11:00,1,73.629,3.704,23.905,1,1,1421.105,1,142.102,0,normal,0,nominal
2026-01-01 06:11:00,2,67.758,2.428,26.56,1,1,1262.287,1,121.387,0,normal,0,nominal
2026-01-01 06:11:00,3,60.93,2.291,28.902,1,1,1095.099,1,113.462,0,normal,0,nominal
2026-01-01 06:12:00,1,74.436,3.796,23.642,1,1,1441.509,1,143.936,0,normal,0,nominal
2026-01-01 06:12:00,2,67.709,2.941,26.313,1,1,1260.83,1,127.235,0,normal,0,nominal
2026-01-01 06:12:00,3,61.844,2.195,29.015,1,1,1091.972,1,112.237,0,normal,0,nominal
2026-01-01 06:13:00,1,75.738,3.712,24.133,1,1,1426.215,1,142.378,0,normal,0,nominal
2026-01-01 06:13:00,2,67.806,3.193,26.341,1,1,1267.39,1,130.385,0,normal,0,nominal
2026-01-01 06:13:00,3,59.588,2.598,28.894,1,1,1122.96,1,118.053,0,normal,0,nominal
2026-01-01 06:14:00,1,73.154,3.928,24.259,1,1,1423.451,1,144.768,0,normal,0,nominal
2026-01-01 06:14:00,2,67.784,3.235,26.573,1,1,1255.773,1,130.422,0,normal,0,nominal
2026-01-01 06:14:00,3,60.237,2.378,28.645,1,1,1110.411,1,115.047,0,normal,0,nominal
2026-01-01 06:15:00,1,74.629,4.248,24.2,1,1,1426.239,1,148.552,0,normal,0,nominal
2026-01-01 06:15:00,2,67.208,2.879,26.773,1,1,1270.33,1,126.886,0,normal,0,nominal
2026-01-01 06:15:00,3,59.559,2.191,28.457,1,1,1119.046,1,113.219,0,normal,0,nominal
2026-01-01 06:16:00,1,74.817,3.881,24.018,1,1,1415.276,1,143.917,0,normal,0,nominal
2026-01-01 06:16:00,2,66.843,2.677,26.462,1,1,1278.703,1,124.872,0,normal,0,nominal
2026-01-01 06:16:00,3,57.095,2.406,28.645,1,1,1115.558,1,115.555,0,normal,0,nominal
2026-01-01 06:17:00,1,74.247,4.267,24.234,1,1,1401.682,1,147.839,0,normal,0,nominal
2026-01-01 06:17:00,2,67.647,3.228,26.317,1,1,1248.778,1,130.076,0,normal,0,nominal
2026-01-01 06:17:00,3,58.802,2.327,28.759,1,1,1104.723,1,114.242,0,normal,0,nominal
2026-01-01 06:18:00,1,74.508,3.907,24.145,1,1,1415.484,1,144.22,0,normal,0,nominal
2026-01-01 06:18:00,2,67.228,3.438,26.275,1,1,1241.717,1,132.226,0,normal,0,nominal
2026-01-01 06:18:00,3,59.712,2.515,29.085,1,1,1095.563,1,116.053,0,normal,0,nominal
2026-01-01 06:19:00,1,73.682,3.853,24.36,1,1,1419.075,1,143.74,0,normal,0,nominal
2026-01-01 06:19:00,2,67.044,3.625,26.076,1,1,1242.096,1,134.391,0,normal,0,nominal
2026-01-01 06:19:00,3,56.254,1.997,29.165,1,1,1106.608,1,110.521,0,normal,0,nominal
2026-01-01 06:20:00,1,73.586,3.773,23.851,1,1,1441.404,1,143.66,0,normal,0,nominal
2026-01-01 06:20:00,2,67.666,3.326,26.025,1,1,1230.157,1,130.492,0,normal,0,nominal
2026-01-01 06:20:00,3,56.693,2.009,29.359,1,1,1106.308,1,110.642,0,normal,0,nominal
2026-01-01 06:21:00,1,73.784,3.836,23.866,1,1,1424.486,1,143.745,0,normal,0,nominal
2026-01-01 06:21:00,2,68.052,3.686,26.157,1,1,1228.303,1,134.564,0,normal,0,nominal
2026-01-01 06:21:00,3,58.576,2.015,29.325,1,1,1125.156,1,111.426,0,normal,0,nominal
2026-01-01 06:22:00,1,74.728,3.797,23.977,1,1,1448.703,1,144.221,0,normal,0,nominal
2026-01-01 06:22:00,2,68.189,2.78,26.252,1,1,1256.88,1,125.227,0,normal,0,nominal
2026-01-01 06:22:00,3,59.613,2.221,29.164,1,1,1107.869,1,113.139,0,normal,0,nominal
2026-01-01 06:23:00,1,73.71,3.336,23.888,1,1,1437.777,1,138.498,0,normal,0,nominal
2026-01-01 06:23:00,2,67.59,3.208,26.32,1,1,1253.474,1,130.019,0,normal,0,nominal
2026-01-01 06:23:00,3,59.348,2.518,28.501,1,1,1123.75,1,117.163,0,normal,0,nominal
2026-01-01 06:24:00,1,74.229,3.404,24.06,1,1,1433.391,1,139.117,0,normal,0,nominal
2026-01-01 06:24:00,2,67.695,2.654,26.614,1,1,1244.952,1,123.327,0,normal,0,nominal
2026-01-01 06:24:00,3,58.102,2.591,28.848,1,1,1110.265,1,117.481,0,normal,0,nominal
2026-01-01 06:25:00,1,75.312,3.856,23.67,1,1,1426.884,1,144.069,0,normal,0,nominal
2026-01-01 06:25:00,2,67.091,2.441,26.607,1,1,1264.48,1,121.622,0,normal,0,nominal
2026-01-01 06:25:00,3,59.403,2.332,28.644,1,1,1106.406,1,114.365,0,normal,0,nominal
2026-01-01 06:26:00,1,74.507,3.892,23.775,1,1,1408.465,1,143.783,0,normal,0,nominal
2026-01-01 06:26:00,2,66.067,2.822,26.144,1,1,1256.199,1,125.69,0,normal,0,nominal
2026-01-01 06:26:00,3,60.007,2.052,28.634,1,1,1126.982,1,111.927,0,normal,0,nominal
2026-01-01 06:27:00,1,75.888,4.068,23.799,1,1,1425.555,1,146.458,0,normal,0,nominal
2026-01-01 06:27:00,2,66.613,2.932,26.471,1,1,1251.917,1,126.789,0,normal,0,nominal
2026-01-01 06:27:00,3,58.651,2.28,28.409,1,1,1111.236,1,113.943,0,normal,0,nominal
2026-01-01 06:28:00,1,74.64,3.93,23.638,1,1,1400.389,1,143.911,0,normal,0,nominal
2026-01-01 06:28:00,2,67.697,2.598,26.481,1,1,1272.718,1,123.742,0,normal,0,nominal
2026-01-01 06:28:00,3,58.587,2.341,28.634,1,1,1109.114,1,114.568,0,normal,0,nominal
2026-01-01 06:29:00,1,73.357,3.848,23.533,1,1,1407.462,1,143.234,0,normal,0,nominal
2026-01-01 06:29:00,2,66.175,2.934,26.583,1,1,1253.945,1,126.889,0,normal,0,nominal
2026-01-01 06:29:00,3,59.171,2.357,28.834,1,1,1101.077,1,114.446,0,normal,0,nominal
2026-01-01 06:30:00,1,73.956,3.598,23.668,1,1,1401.203,1,140.12,0,normal,0,nominal
2026-01-01 06:30:00,2,65.511,3.084,26.503,1,1,1263.334,1,128.974,0,normal,0,nominal
2026-01-01 06:30:00,3,60.441,2.38,28.738,1,1,1111.757,1,115.12,0,normal,0,nominal
2026-01-01 06:31:00,1,73.323,3.724,23.646,1,1,1412.615,1,142.0,0,normal,0,nominal
2026-01-01 06:31:00,2,65.252,3.304,26.472,1,1,1256.457,1,131.237,0,normal,0,nominal
2026-01-01 06:31:00,3,59.776,2.249,28.92,1,1,1108.936,1,113.501,0,normal,0,nominal
2026-01-01 06:32:00,1,74.773,3.423,23.387,1,1,1412.777,1,138.553,0,normal,0,nominal
2026-01-01 06:32:00,2,66.679,2.913,26.382,1,1,1267.53,1,127.164,0,normal,0,nominal
2026-01-01 06:32:00,3,59.535,1.997,28.819,1,1,1088.425,1,109.821,0,normal,0,nominal
2026-01-01 06:33:00,1,75.369,3.504,23.758,1,1,1408.658,1,139.325,0,normal,0,nominal
2026-01-01 06:33:00,2,67.454,3.061,26.442,1,1,1253.757,1,128.347,0,normal,0,nominal
2026-01-01 06:33:00,3,59.724,2.328,28.601,1,1,1121.948,1,114.901,0,normal,0,nominal
2026-01-01 06:34:00,1,75.513,3.508,23.892,1,1,1403.838,1,139.191,0,normal,0,nominal
2026-01-01 06:34:00,2,68.872,3.209,26.409,1,1,1257.004,1,130.167,0,normal,0,nominal
2026-01-01 06:34:00,3,60.508,2.33,28.682,1,1,1140.627,1,115.636,0,normal,0,nominal
2026-01-01 06:35:00,1,74.859,3.829,24.231,1,1,1432.294,1,143.96,0,normal,0,nominal
2026-01-01 06:35:00,2,67.992,3.33,25.971,1,1,1235.108,1,130.727,0,normal,0,nominal
2026-01-01 06:35:00,3,60.813,2.214,28.63,1,1,1141.69,1,114.348,0,normal,0,nominal
2026-01-01 06:36:00,1,72.879,3.521,23.749,1,1,1447.521,1,140.996,0,normal,0,nominal
2026-01-01 06:36:00,2,66.428,2.834,26.106,1,1,1261.796,1,126.04,0,normal,0,nominal
2026-01-01 06:36:00,3,60.232,1.965,28.77,1,1,1112.769,1,110.381,0,normal,0,nominal
2026-01-01 06:37:00,1,72.191,3.522,24.035,1,1,1442.253,1,140.804,0,normal,0,nominal
2026-01-01 06:37:00,2,71.632,3.314,25.933,1,1,1239.673,1,130.719,0,normal,0,nominal
2026-01-01 06:37:00,3,59.219,2.255,28.942,1,1,1111.146,1,113.653,0,normal,0,nominal
2026-01-01 06:38:00,1,72.07,3.529,23.663,1,1,1440.022,1,140.799,0,normal,0,nominal
2026-01-01 06:38:00,2,70.319,2.692,26.422,1,1,1258.444,1,124.283,0,normal,0,nominal
2026-01-01 06:38:00,3,58.801,2.339,28.865,1,1,1114.412,1,114.749,0,normal,0,nominal
2026-01-01 06:39:00,1,73.126,3.731,23.773,1,1,1420.812,1,142.396,0,normal,0,nominal
2026-01-01 06:39:00,2,68.64,2.591,26.873,1,1,1256.874,1,123.06,0,normal,0,nominal
2026-01-01 06:39:00,3,59.58,2.123,28.866,1,1,1095.725,1,111.553,0,normal,0,nominal
2026-01-01 06:40:00,1,72.059,3.717,23.909,1,1,1426.37,1,142.446,0,normal,0,nominal
2026-01-01 06:40:00,2,67.565,3.103,26.439,1,1,1256.725,1,128.936,0,normal,0,nominal
2026-01-01 06:40:00,3,60.181,2.059,28.805,1,1,1095.648,1,110.816,0,normal,0,nominal
2026-01-01 06:41:00,1,73.269,3.787,24.062,1,1,1434.63,1,143.564,0,normal,0,nominal
2026-01-01 06:41:00,2,67.486,3.192,26.08,1,1,1256.118,1,129.938,0,normal,0,nominal
2026-01-01 06:41:00,3,59.806,2.167,28.919,1,1,1109.421,1,112.575,0,normal,0,nominal
2026-01-01 06:42:00,1,73.611,3.757,23.824,1,1,1426.586,1,142.915,0,normal,0,nominal
2026-01-01 06:42:00,2,66.226,2.915,26.45,1,1,1271.159,1,127.327,0,normal,0,nominal
2026-01-01 06:42:00,3,61.143,2.075,28.676,1,1,1114.157,1,111.701,0,normal,0,nominal
2026-01-01 06:43:00,1,75.546,3.875,23.458,1,1,1427.741,1,144.318,0,normal,0,nominal
2026-01-01 06:43:00,2,67.435,3.097,26.516,1,1,1263.734,1,129.136,0,normal,0,nominal
2026-01-01 06:43:00,3,60.103,2.741,28.98,1,1,1127.91,1,119.883,0,normal,0,nominal
2026-01-01 06:44:00,1,74.949,3.616,23.373,1,1,1423.372,1,141.177,0,normal,0,nominal
2026-01-01 06:44:00,2,68.574,2.357,26.357,1,1,1273.509,1,120.999,0,normal,0,nominal
2026-01-01 06:44:00,3,60.348,2.096,28.965,1,1,1128.97,1,112.507,0,normal,0,nominal
2026-01-01 06:45:00,1,74.748,3.753,23.548,1,1,1423.463,1,142.755,0,normal,0,nominal
2026-01-01 06:45:00,2,67.36,2.513,26.385,1,1,1281.383,1,123.092,0,normal,0,nominal
2026-01-01 06:45:00,3,59.302,2.289,29.232,1,1,1111.839,1,114.072,0,normal,0,nominal
2026-01-01 06:46:00,1,73.377,3.274,23.425,1,1,1429.952,1,137.491,0,normal,0,nominal
2026-01-01 06:46:00,2,68.274,2.436,26.477,1,1,1269.809,1,121.761,0,normal,0,nominal
2026-01-01 06:46:00,3,60.033,2.074,29.069,1,1,1119.032,1,111.876,0,normal,0,nominal
2026-01-01 06:47:00,1,73.015,2.97,23.336,1,1,1426.354,1,133.854,0,normal,0,nominal
2026-01-01 06:47:00,2,68.397,2.757,26.362,1,1,1269.1,1,125.426,0,normal,0,nominal
2026-01-01 06:47:00,3,62.104,2.12,28.551,1,1,1103.255,1,111.804,0,normal,0,nominal
2026-01-01 06:48:00,1,73.111,3.164,23.838,1,1,1429.66,1,136.216,0,normal,0,nominal
2026-01-01 06:48:00,2,66.838,2.336,26.465,1,1,1275.057,1,120.819,0,normal,0,nominal
2026-01-01 06:48:00,3,61.186,2.229,28.548,1,1,1117.627,1,113.603,0,normal,0,nominal
2026-01-01 06:49:00,1,73.909,3.263,23.782,1,1,1417.01,1,136.866,0,normal,0,nominal
2026-01-01 06:49:00,2,67.228,2.308,26.255,1,1,1266.515,1,120.174,0,normal,0,nominal
2026-01-01 06:49:00,3,61.972,2.246,28.058,1,1,1112.752,1,113.613,0,normal,0,nominal
2026-01-01 06:50:00,1,73.102,3.406,23.876,1,1,1430.496,1,139.024,0,normal,0,nominal
2026-01-01 06:50:00,2,66.263,2.286,26.359,1,1,1273.859,1,120.195,0,normal,0,nominal
2026-01-01 06:50:00,3,60.214,2.395,28.722,1,1,1135.925,1,116.206,0,normal,0,nominal
2026-01-01 06:51:00,1,73.486,3.667,23.625,1,1,1421.975,1,141.703,0,normal,0,nominal
2026-01-01 06:51:00,2,68.11,2.581,26.257,1,1,1264.49,1,123.228,0,normal,0,nominal
2026-01-01 06:51:00,3,59.106,2.367,28.606,1,1,1124.707,1,115.464,0,normal,0,nominal
2026-01-01 06:52:00,1,74.258,3.649,23.516,1,1,1418.775,1,141.373,0,normal,0,nominal
2026-01-01 06:52:00,2,66.142,2.729,26.394,1,1,1251.118,1,124.425,0,normal,0,nominal
2026-01-01 06:52:00,3,58.117,2.565,28.32,1,1,1118.585,1,117.509,0,normal,0,nominal
2026-01-01 06:53:00,1,73.769,3.94,23.864,1,1,1420.838,1,144.796,0,normal,0,nominal
2026-01-01 06:53:00,2,65.871,2.772,26.141,1,1,1246.922,1,124.758,0,normal,0,nominal
2026-01-01 06:53:00,3,59.125,2.556,28.421,1,1,1101.853,1,116.765,0,normal,0,nominal
2026-01-01 06:54:00,1,73.857,3.742,23.849,1,1,1403.241,1,141.852,0,normal,0,nominal
2026-01-01 06:54:00,2,65.566,3.127,26.456,1,1,1219.203,1,127.79,0,normal,0,nominal
2026-01-01 06:54:00,3,60.967,2.496,28.23,1,1,1095.303,1,115.829,0,normal,0,nominal
2026-01-01 06:55:00,1,72.956,3.807,23.542,1,1,1418.346,1,143.173,0,normal,0,nominal
2026-01-01 06:55:00,2,65.949,2.9,25.902,1,1,1241.869,1,126.041,0,normal,0,nominal
2026-01-01 06:55:00,3,60.484,2.174,28.681,1,1,1086.233,1,111.78,0,normal,0,nominal
2026-01-01 06:56:00,1,72.861,3.873,23.585,1,1,1400.918,1,143.27,0,normal,0,nominal
2026-01-01 06:56:00,2,66.644,2.945,25.754,1,1,1227.358,1,126.005,0,normal,0,nominal
2026-01-01 06:56:00,3,60.657,2.066,28.973,1,1,1110.429,1,111.454,0,normal,0,nominal
2026-01-01 06:57:00,1,72.162,3.892,23.73,1,1,1409.992,1,143.839,0,normal,0,nominal
2026-01-01 06:57:00,2,66.585,3.206,26.114,1,1,1251.675,1,129.93,0,normal,0,nominal
2026-01-01 06:57:00,3,60.915,2.099,29.287,1,1,1124.258,1,112.355,0,normal,0,nominal
2026-01-01 06:58:00,1,73.033,4.27,23.913,1,1,1427.097,1,148.838,0,normal,0,nominal
2026-01-01 06:58:00,2,66.731,3.114,26.344,1,1,1227.846,1,127.969,0,normal,0,nominal
2026-01-01 06:58:00,3,61.442,2.384,28.986,1,1,1132.826,1,115.968,0,normal,0,nominal
2026-01-01 06:59:00,1,72.87,4.051,23.969,1,1,1418.618,1,145.997,0,normal,0,nominal
2026-01-01 06:59:00,2,66.301,3.052,26.114,1,1,1233.421,1,127.469,0,normal,0,nominal
2026-01-01 06:59:00,3,60.502,2.842,28.854,1,1,1115.909,1,120.593,0,normal,0,nominal
2026-01-01 07:00:00,1,72.8,3.532,24.191,1,1,1425.978,1,140.3,0,normal,0,nominal
2026-01-01 07:00:00,2,67.049,2.87,26.282,1,1,1227.456,1,125.147,0,normal,0,nominal
2026-01-01 07:00:00,3,59.861,2.405,28.716,1,1,1098.313,1,114.898,0,normal,0,nominal
2026-01-01 07:01:00,1,73.873,3.344,24.312,1,1,1414.841,1,137.715,0,normal,0,nominal
2026-01-01 07:01:00,2,66.127,3.044,26.3,1,1,1234.954,1,127.43,0,normal,0,nominal
2026-01-01 07:01:00,3,60.318,2.265,28.935,1,1,1117.811,1,114.03,0,normal,0,nominal
2026-01-01 07:02:00,1,72.132,3.419,24.229,1,1,1411.072,1,138.445,0,normal,0,nominal
2026-01-01 07:02:00,2,65.217,3.055,26.318,1,1,1233.005,1,127.488,0,normal,0,nominal
2026-01-01 07:02:00,3,61.059,2.285,29.297,1,1,1111.592,1,114.021,0,normal,0,nominal
2026-01-01 07:03:00,1,74.986,3.479,24.166,1,1,1406.517,1,138.962,0,normal,0,nominal
2026-01-01 07:03:00,2,66.841,3.034,26.047,1,1,1247.999,1,127.817,0,normal,0,nominal
2026-01-01 07:03:00,3,59.54,2.149,29.235,1,1,1111.385,1,112.449,0,normal,0,nominal
2026-01-01 07:04:00,1,76.12,3.654,23.649,1,1,1405.013,1,140.911,0,normal,0,nominal
2026-01-01 07:04:00,2,68.07,3.196,26.301,1,1,1245.01,1,129.564,0,normal,0,nominal
2026-01-01 07:04:00,3,61.535,2.587,29.027,1,1,1126.594,1,118.056,0,normal,0,nominal
2026-01-01 07:05:00,1,75.43,3.593,23.44,1,1,1419.451,1,140.758,0,normal,0,nominal
2026-01-01 07:05:00,2,68.231,2.979,26.319,1,1,1242.088,1,126.952,0,normal,0,nominal
2026-01-01 07:05:00,3,62.089,2.593,28.559,1,1,1137.176,1,118.528,0,normal,0,nominal
2026-01-01 07:06:00,1,74.127,3.813,23.964,1,1,1414.344,1,143.099,0,normal,0,nominal
2026-01-01 07:06:00,2,67.284,2.645,26.522,1,1,1246.033,1,123.265,0,normal,0,nominal
2026-01-01 07:06:00,3,61.714,2.56,28.794,1,1,1115.602,1,117.335,0,normal,0,nominal
2026-01-01 07:07:00,1,73.325,3.521,24.279,1,1,1421.85,1,140.017,0,normal,0,nominal
2026-01-01 07:07:00,2,67.742,3.058,26.778,1,1,1258.14,1,128.481,0,normal,0,nominal
2026-01-01 07:07:00,3,61.723,2.814,28.767,1,1,1121.608,1,120.488,0,normal,0,nominal
2026-01-01 07:08:00,1,75.144,3.613,24.201,1,1,1427.8,1,141.307,0,normal,0,nominal
2026-01-01 07:08:00,2,67.829,3.376,26.67,1,1,1256.023,1,132.048,0,normal,0,nominal
2026-01-01 07:08:00,3,61.4,2.746,28.833,1,1,1122.175,1,119.722,0,normal,0,nominal
2026-01-01 07:09:00,1,73.255,3.593,23.743,1,1,1428.897,1,141.116,0,normal,0,nominal
2026-01-01 07:09:00,2,68.047,3.378,26.621,1,1,1253.458,1,131.981,0,normal,0,nominal
2026-01-01 07:09:00,3,61.894,2.392,28.349,1,1,1127.059,1,115.833,0,normal,0,nominal
2026-01-01 07:10:00,1,72.718,3.672,23.697,1,1,1413.55,1,141.444,0,normal,0,nominal
2026-01-01 07:10:00,2,67.781,3.222,26.477,1,1,1250.625,1,130.074,0,normal,0,nominal
2026-01-01 07:10:00,3,60.671,2.209,28.238,1,1,1156.021,1,114.833,0,normal,0,nominal
2026-01-01 07:11:00,1,72.18,3.769,24.012,1,1,1429.617,1,143.17,0,normal,0,nominal
2026-01-01 07:11:00,2,66.677,2.704,26.416,1,1,1243.811,1,123.857,0,normal,0,nominal
2026-01-01 07:11:00,3,60.867,2.449,28.262,1,1,1139.574,1,116.97,0,normal,0,nominal
2026-01-01 07:12:00,1,71.868,3.877,23.883,1,1,1431.685,1,144.485,0,normal,0,nominal
2026-01-01 07:12:00,2,67.973,3.051,26.477,1,1,1251.635,1,128.151,0,normal,0,nominal
2026-01-01 07:12:00,3,61.298,2.195,28.257,1,1,1119.836,1,113.3,0,normal,0,nominal
2026-01-01 07:13:00,1,73.294,3.929,23.712,1,1,1410.609,1,144.29,0,normal,0,nominal
2026-01-01 07:13:00,2,67.147,2.285,26.291,1,1,1245.998,1,119.13,0,normal,0,nominal
2026-01-01 07:13:00,3,61.404,2.538,28.489,1,1,1123.637,1,117.382,0,normal,0,nominal
2026-01-01 07:14:00,1,72.626,4.089,23.445,1,1,1407.547,1,146.014,0,normal,0,nominal
2026-01-01 07:14:00,2,68.3,2.545,26.104,1,1,1238.531,1,121.829,0,normal,0,nominal
2026-01-01 07:14:00,3,62.683,2.308,28.611,1,1,1127.43,1,114.881,0,normal,0,nominal
2026-01-01 07:15:00,1,72.907,4.081,24.001,1,1,1416.745,1,146.268,0,normal,0,nominal
2026-01-01 07:15:00,2,67.342,2.848,26.167,1,1,1243.874,1,125.519,0,normal,0,nominal
2026-01-01 07:15:00,3,62.062,2.523,28.601,1,1,1131.543,1,117.51,0,normal,0,nominal
2026-01-01 07:16:00,1,73.498,3.61,24.015,1,1,1422.445,1,141.065,0,normal,0,nominal
2026-01-01 07:16:00,2,66.355,2.627,26.201,1,1,1266.303,1,123.832,0,normal,0,nominal
2026-01-01 07:16:00,3,60.843,2.499,28.701,1,1,1118.035,1,116.723,0,normal,0,nominal
2026-01-01 07:17:00,1,73.399,3.98,23.672,1,1,1424.805,1,145.411,0,normal,0,nominal
2026-01-01 07:17:00,2,65.835,3.032,26.433,1,1,1260.537,1,128.267,0,normal,0,nominal
2026-01-01 07:17:00,3,61.293,2.542,28.752,1,1,1118.531,1,117.233,0,normal,0,nominal
2026-01-01 07:18:00,1,73.946,4.033,23.678,1,1,1410.976,1,145.502,0,normal,0,nominal
2026-01-01 07:18:00,2,66.39,2.902,26.453,1,1,1254.5,1,126.542,0,normal,0,nominal
2026-01-01 07:18:00,3,56.389,2.059,28.745,1,1,1105.42,1,111.18,0,normal,0,nominal
2026-01-01 07:19:00,1,74.596,3.894,23.837,1,1,1401.833,1,143.554,0,normal,0,nominal
2026-01-01 07:19:00,2,66.864,2.881,26.512,1,1,1246.779,1,126.01,0,normal,0,nominal
2026-01-01 07:19:00,3,57.497,2.191,28.726,1,1,1121.133,1,113.299,0,normal,0,nominal
2026-01-01 07:20:00,1,74.72,4.029,24.034,1,1,1422.49,1,145.885,0,normal,0,nominal
2026-01-01 07:20:00,2,66.201,3.296,26.621,1,1,1230.368,1,130.156,0,normal,0,nominal
2026-01-01 07:20:00,3,59.359,2.38,28.511,1,1,1106.705,1,114.924,0,normal,0,nominal
2026-01-01 07:21:00,1,74.926,4.207,23.647,1,1,1424.174,1,148.005,0,normal,0,nominal
2026-01-01 07:21:00,2,64.986,3.338,26.277,1,1,1235.485,1,130.84,0,normal,0,nominal
2026-01-01 07:21:00,3,60.852,2.19,28.685,1,1,1115.361,1,113.067,0,normal,0,nominal
2026-01-01 07:22:00,1,74.22,4.124,23.953,1,1,1429.232,1,147.242,0,normal,0,nominal
2026-01-01 07:22:00,2,65.596,3.188,26.354,1,1,1240.617,1,129.309,0,normal,0,nominal
2026-01-01 07:22:00,3,61.604,2.09,28.533,1,1,1115.464,1,111.92,0,normal,0,nominal
2026-01-01 07:23:00,1,74.482,3.465,23.584,1,1,1433.641,1,139.826,0,normal,0,nominal
2026-01-01 07:23:00,2,65.813,3.372,26.407,1,1,1250.875,1,131.812,0,normal,0,nominal
2026-01-01 07:23:00,3,61.917,2.139,28.604,1,1,1102.28,1,111.986,0,normal,0,nominal
2026-01-01 07:24:00,1,74.196,3.824,23.464,1,1,1434.502,1,143.986,0,normal,0,nominal
2026-01-01 07:24:00,2,65.879,3.342,26.247,1,1,1258.467,1,131.753,0,normal,0,nominal
2026-01-01 07:24:00,3,61.74,2.01,28.784,1,1,1111.742,1,110.864,0,normal,0,nominal
2026-01-01 07:25:00,1,73.752,4.113,23.371,1,1,1407.792,1,146.292,0,normal,0,nominal
2026-01-01 07:25:00,2,65.849,3.484,26.414,1,1,1265.023,1,133.642,0,normal,0,nominal
2026-01-01 07:25:00,3,61.038,2.028,28.431,1,1,1098.446,1,110.568,0,normal,0,nominal
2026-01-01 07:26:00,1,72.767,4.186,23.667,1,1,1399.722,1,146.824,0,normal,0,nominal
2026-01-01 07:26:00,2,66.219,2.811,26.121,1,1,1256.836,1,125.588,0,normal,0,nominal
2026-01-01 07:26:00,3,60.384,2.339,28.65,1,1,1115.292,1,114.779,0,normal,0,nominal
2026-01-01 07:27:00,1,72.666,3.964,23.797,1,1,1415.853,1,144.885,0,normal,0,nominal
2026-01-01 07:27:00,2,67.464,3.185,26.426,1,1,1234.213,1,129.032,0,normal,0,nominal
2026-01-01 07:27:00,3,59.779,2.627,28.866,1,1,1124.766,1,118.452,0,normal,0,nominal
2026-01-01 07:28:00,1,73.852,3.51,23.873,1,1,1413.556,1,139.584,0,normal,0,nominal
2026-01-01 07:28:00,2,66.289,3.311,26.43,1,1,1257.315,1,131.359,0,normal,0,nominal
2026-01-01 07:28:00,3,60.232,2.313,28.706,1,1,1118.791,1,114.613,0,normal,0,nominal
2026-01-01 07:29:00,1,72.342,3.695,23.552,1,1,1440.641,1,142.732,0,normal,0,nominal
2026-01-01 07:29:00,2,65.979,3.206,26.236,1,1,1265.865,1,130.473,0,normal,0,nominal
2026-01-01 07:29:00,3,61.148,2.058,28.869,1,1,1124.985,1,111.915,0,normal,0,nominal
2026-01-01 07:30:00,1,73.716,3.508,23.98,1,1,1446.674,1,140.812,0,normal,0,nominal
2026-01-01 07:30:00,2,66.101,3.564,26.229,1,1,1286.028,1,135.351,0,normal,0,nominal
2026-01-01 07:30:00,3,58.979,2.393,28.915,1,1,1134.106,1,116.118,0,normal,0,nominal
2026-01-01 07:31:00,1,74.016,3.626,23.803,1,1,1435.66,1,141.754,0,normal,0,nominal
2026-01-01 07:31:00,2,66.308,3.327,26.633,1,1,1260.694,1,131.666,0,normal,0,nominal
2026-01-01 07:31:00,3,59.922,2.3,28.821,1,1,1147.74,1,115.568,0,normal,0,nominal
2026-01-01 07:32:00,1,74.723,3.937,23.815,1,1,1430.68,1,145.142,0,normal,0,nominal
2026-01-01 07:32:00,2,66.489,3.693,26.241,1,1,1251.881,1,135.542,0,normal,0,nominal
2026-01-01 07:32:00,3,60.881,2.445,28.826,1,1,1136.177,1,116.79,0,normal,0,nominal
2026-01-01 07:33:00,1,74.548,3.596,24.175,1,1,1444.534,1,141.746,0,normal,0,nominal
2026-01-01 07:33:00,2,67.475,3.381,26.3,1,1,1260.019,1,132.257,0,normal,0,nominal
2026-01-01 07:33:00,3,60.338,2.334,28.594,1,1,1135.747,1,115.502,0,normal,0,nominal
2026-01-01 07:34:00,1,74.505,3.647,23.842,1,1,1432.45,1,141.873,0,normal,0,nominal
2026-01-01 07:34:00,2,66.521,3.097,26.054,1,1,1260.629,1,129.024,0,normal,0,nominal
2026-01-01 07:34:00,3,60.535,2.401,28.743,1,1,1115.981,1,115.513,0,normal,0,nominal
2026-01-01 07:35:00,1,73.233,3.414,23.844,1,1,1418.018,1,138.64,0,normal,0,nominal
2026-01-01 07:35:00,2,65.422,2.903,26.331,1,1,1276.373,1,127.39,0,normal,0,nominal
2026-01-01 07:35:00,3,60.218,2.162,28.823,1,1,1112.835,1,112.654,0,normal,0,nominal
2026-01-01 07:36:00,1,72.841,3.618,23.99,1,1,1423.746,1,141.214,0,normal,0,nominal
2026-01-01 07:36:00,2,66.816,2.816,26.603,1,1,1264.665,1,125.945,0,normal,0,nominal
2026-01-01 07:36:00,3,60.482,2.166,28.631,1,1,1131.673,1,113.417,0,normal,0,nominal
2026-01-01 07:37:00,1,73.064,3.772,23.673,1,1,1443.034,1,143.714,0,normal,0,nominal
2026-01-01 07:37:00,2,67.357,2.741,26.761,1,1,1257.561,1,124.803,0,normal,0,nominal
2026-01-01 07:37:00,3,61.582,2.187,28.826,1,1,1106.42,1,112.691,0,normal,0,nominal
2026-01-01 07:38:00,1,72.2,3.505,23.582,1,1,1431.153,1,140.196,0,normal,0,nominal
2026-01-01 07:38:00,2,66.79,2.671,26.465,1,1,1248.75,1,123.664,0,normal,0,nominal
2026-01-01 07:38:00,3,61.059,2.34,28.978,1,1,1104.024,1,114.363,0,normal,0,nominal
2026-01-01 07:39:00,1,72.569,4.226,23.767,1,1,1426.693,1,148.318,0,normal,0,nominal
2026-01-01 07:39:00,2,65.972,3.22,26.229,1,1,1225.195,1,129.092,0,normal,0,nominal
2026-01-01 07:39:00,3,59.703,2.179,29.022,1,1,1111.99,1,112.809,0,normal,0,nominal
2026-01-01 07:40:00,1,72.59,4.14,23.564,1,1,1419.305,1,147.048,0,normal,0,nominal
2026-01-01 07:40:00,2,66.984,3.03,26.309,1,1,1224.613,1,126.878,0,normal,0,nominal
2026-01-01 07:40:00,3,59.136,2.451,28.979,1,1,1120.928,1,116.28,0,normal,0,nominal
2026-01-01 07:41:00,1,72.334,3.938,23.536,1,1,1418.812,1,144.707,0,normal,0,nominal
2026-01-01 07:41:00,2,64.685,3.332,26.241,1,1,1266.051,1,131.923,0,normal,0,nominal
2026-01-01 07:41:00,3,61.131,2.677,28.542,1,1,1127.167,1,119.122,0,normal,0,nominal
2026-01-01 07:42:00,1,74.015,4.011,23.762,1,1,1413.434,1,145.342,0,normal,0,nominal
2026-01-01 07:42:00,2,66.435,3.311,26.599,1,1,1245.946,1,130.926,0,normal,0,nominal
2026-01-01 07:42:00,3,62.113,2.433,28.731,1,1,1108.93,1,115.619,0,normal,0,nominal
2026-01-01 07:43:00,1,74.04,3.989,23.821,1,1,1416.781,1,145.208,0,normal,0,nominal
2026-01-01 07:43:00,2,65.736,3.534,26.268,1,1,1245.446,1,133.465,0,normal,0,nominal
2026-01-01 07:43:00,3,60.206,3.087,28.742,1,1,1099.244,1,122.776,0,normal,0,nominal
2026-01-01 07:44:00,1,74.059,3.786,24.131,1,1,1418.191,1,142.934,0,normal,0,nominal
2026-01-01 07:44:00,2,65.934,3.042,26.564,1,1,1236.0,1,127.453,0,normal,0,nominal
2026-01-01 07:44:00,3,61.422,3.179,28.396,1,1,1119.653,1,124.607,0,normal,0,nominal
2026-01-01 07:45:00,1,74.257,3.852,24.14,1,1,1431.0,1,144.178,0,normal,0,nominal
2026-01-01 07:45:00,2,65.371,3.579,26.812,1,1,1231.571,1,133.454,0,normal,0,nominal
2026-01-01 07:45:00,3,60.365,2.629,28.692,1,1,1126.273,1,118.526,0,normal,0,nominal
2026-01-01 07:46:00,1,73.551,3.794,24.163,1,1,1425.834,1,143.318,0,normal,0,nominal
2026-01-01 07:46:00,2,65.829,2.924,26.809,1,1,1230.71,1,125.893,0,normal,0,nominal
2026-01-01 07:46:00,3,60.805,2.535,28.599,1,1,1110.19,1,116.836,0,normal,0,nominal
2026-01-01 07:47:00,1,73.736,3.541,23.92,1,1,1414.971,1,139.995,0,normal,0,nominal
2026-01-01 07:47:00,2,65.822,3.653,26.306,1,1,1245.547,1,134.836,0,normal,0,nominal
2026-01-01 07:47:00,3,60.673,2.546,28.904,1,1,1119.149,1,117.304,0,normal,0,nominal
2026-01-01 07:48:00,1,74.059,3.931,23.791,1,1,1438.01,1,145.348,0,normal,0,nominal
2026-01-01 07:48:00,2,67.471,2.753,26.47,1,1,1259.135,1,125.008,0,normal,0,nominal
2026-01-01 07:48:00,3,60.276,2.668,28.886,1,1,1127.923,1,119.046,0,normal,0,nominal
2026-01-01 07:49:00,1,73.728,4.048,23.716,1,1,1425.9,1,146.234,0,normal,0,nominal
2026-01-01 07:49:00,2,67.49,3.099,26.292,1,1,1252.635,1,128.742,0,normal,0,nominal
2026-01-01 07:49:00,3,59.399,2.55,28.719,1,1,1123.424,1,117.511,0,normal,0,nominal
2026-01-01 07:50:00,1,74.635,3.809,23.916,1,1,1424.149,1,143.425,0,normal,0,nominal
2026-01-01 07:50:00,2,67.942,3.165,26.545,1,1,1242.509,1,129.114,0,normal,0,nominal
2026-01-01 07:50:00,3,58.299,2.409,28.407,1,1,1131.573,1,116.204,0,normal,0,nominal
2026-01-01 07:51:00,1,74.306,3.57,23.7,1,1,1434.157,1,141.049,0,normal,0,nominal
2026-01-01 07:51:00,2,67.153,3.061,26.154,1,1,1248.718,1,128.15,0,normal,0,nominal
2026-01-01 07:51:00,3,60.747,2.401,28.978,1,1,1147.388,1,116.709,0,normal,0,nominal
2026-01-01 07:52:00,1,74.26,3.467,24.081,1,1,1422.535,1,139.432,0,normal,0,nominal
2026-01-01 07:52:00,2,66.153,3.026,26.344,1,1,1254.232,1,127.965,0,normal,0,nominal
2026-01-01 07:52:00,3,59.754,2.449,28.762,1,1,1124.245,1,116.38,0,normal,0,nominal
2026-01-01 07:53:00,1,73.67,3.524,24.345,1,1,1423.124,1,140.104,0,normal,0,nominal
2026-01-01 07:53:00,2,65.746,3.479,26.056,1,1,1251.39,1,133.063,0,normal,0,nominal
2026-01-01 07:53:00,3,60.534,2.283,28.553,1,1,1091.883,1,113.243,0,normal,0,nominal
2026-01-01 07:54:00,1,74.078,3.3,24.172,1,1,1422.026,1,137.485,0,normal,0,nominal
2026-01-01 07:54:00,2,67.397,3.156,26.22,1,1,1238.265,1,128.844,0,normal,0,nominal
2026-01-01 07:54:00,3,60.139,2.303,28.483,1,1,1093.418,1,113.54,0,normal,0,nominal
2026-01-01 07:55:00,1,74.653,3.793,24.554,1,1,1429.839,1,143.456,0,normal,0,nominal
2026-01-01 07:55:00,2,67.709,3.124,26.46,1,1,1262.244,1,129.393,0,normal,0,nominal
2026-01-01 07:55:00,3,60.713,1.97,28.856,1,1,1092.284,1,109.659,0,normal,0,nominal
2026-01-01 07:56:00,1,74.596,3.889,24.191,1,1,1443.77,1,145.086,0,normal,0,nominal
2026-01-01 07:56:00,2,67.108,3.239,26.595,1,1,1253.541,1,130.388,0,normal,0,nominal
2026-01-01 07:56:00,3,60.909,1.919,28.68,1,1,1091.331,1,109.038,0,normal,0,nominal
2026-01-01 07:57:00,1,74.425,3.978,23.956,1,1,1431.955,1,145.66,0,normal,0,nominal
2026-01-01 07:57:00,2,66.774,3.36,26.61,1,1,1273.065,1,132.516,0,normal,0,nominal
2026-01-01 07:57:00,3,59.597,2.52,28.802,1,1,1096.145,1,116.137,0,normal,0,nominal
2026-01-01 07:58:00,1,73.769,3.676,24.303,1,1,1426.377,1,141.974,0,normal,0,nominal
2026-01-01 07:58:00,2,66.954,2.982,26.462,1,1,1283.246,1,128.552,0,normal,0,nominal
2026-01-01 07:58:00,3,59.446,2.53,28.703,1,1,1108.851,1,116.729,0,normal,0,nominal
2026-01-01 07:59:00,1,74.881,3.579,24.342,1,1,1438.976,1,141.343,0,normal,0,nominal
2026-01-01 07:59:00,2,66.906,3.428,26.161,1,1,1266.593,1,133.054,0,normal,0,nominal
2026-01-01 07:59:00,3,58.785,2.635,29.049,1,1,1126.349,1,118.599,0,normal,0,nominal
2026-01-01 06:00:00,1,74.125,3.75,23.73,1,1,1446.418,1,143.585,0,normal,0,nominal
2026-01-01 06:00:00,2,66.262,3.158,25.769,1,1,1241.178,1,128.979,0,normal,0,nominal
2026-01-01 06:00:00,3,59.983,2.381,28.816,1,1,1142.991,1,116.321,0,normal,0,nominal
2026-01-01 06:01:00,1,73.13,3.9,23.899,1,1,1448.185,1,145.379,0,normal,0,nominal
2026-01-01 06:01:00,2,65.718,3.591,25.59,1,1,1241.739,1,133.985,0,normal,0,nominal
2026-01-01 06:01:00,3,59.89,2.405,28.921,1,1,1127.594,1,116.01,0,normal,0,nominal
2026-01-01 06:02:00,1,72.636,3.708,24.062,1,1,1425.067,1,142.29,0,normal,0,nominal
2026-01-01 06:02:00,2,66.01,3.385,25.919,1,1,1242.365,1,131.642,0,normal,0,nominal
2026-01-01 06:02:00,3,58.302,2.046,29.131,1,1,1113.45,1,111.344,0,normal,0,nominal
2026-01-01 06:03:00,1,74.131,3.701,23.983,1,1,1418.654,1,141.967,0,normal,0,nominal
2026-01-01 06:03:00,2,66.993,3.255,26.209,1,1,1246.475,1,130.296,0,normal,0,nominal
2026-01-01 06:03:00,3,60.028,2.459,29.122,1,1,1115.314,1,116.158,0,normal,0,nominal
2026-01-01 06:04:00,1,72.936,3.873,23.71,1,1,1434.632,1,144.558,0,normal,0,nominal
2026-01-01 06:04:00,2,67.966,3.476,25.95,1,1,1236.506,1,132.459,0,normal,0,nominal
2026-01-01 06:04:00,3,60.155,2.408,29.064,1,1,1119.281,1,115.726,0,normal,0,nominal
2026-01-01 06:05:00,1,73.731,3.867,23.403,1,1,1420.246,1,143.939,0,normal,0,nominal
2026-01-01 06:05:00,2,67.748,3.062,26.109,1,1,1236.293,1,127.691,0,normal,0,nominal
2026-01-01 06:05:00,3,60.283,2.572,29.085,1,1,1117.938,1,117.555,0,normal,0,nominal
2026-01-01 06:06:00,1,74.189,3.546,23.357,1,1,1426.707,1,140.491,0,normal,0,nominal
2026-01-01 06:06:00,2,68.581,2.535,26.12,1,1,1231.214,1,121.441,0,normal,0,nominal
2026-01-01 06:06:00,3,60.139,2.665,28.867,1,1,1106.322,1,118.184,0,normal,0,nominal
2026-01-01 06:07:00,1,73.983,3.433,23.602,1,1,1407.272,1,138.46,0,normal,0,nominal
2026-01-01 06:07:00,2,67.551,3.155,26.353,1,1,1246.821,1,129.166,0,normal,0,nominal
2026-01-01 06:07:00,3,60.511,2.682,29.165,1,1,1095.581,1,117.97,0,normal,0,nominal
2026-01-01 06:08:00,1,72.168,3.424,23.636,1,1,1439.079,1,139.565,0,normal,0,nominal
2026-01-01 06:08:00,2,66.794,2.696,26.256,1,1,1266.135,1,124.616,0,normal,0,nominal
2026-01-01 06:08:00,3,62.085,2.457,28.838,1,1,1108.017,1,115.856,0,normal,0,nominal
2026-01-01 06:09:00,1,72.303,3.795,23.5,1,1,1401.087,1,142.383,0,normal,0,nominal
2026-01-01 06:09:00,2,66.682,2.641,26.068,1,1,1244.58,1,123.169,0,normal,0,nominal
2026-01-01 06:09:00,3,62.056,2.269,28.926,1,1,1101.458,1,113.447,0,normal,0,nominal
2026-01-01 06:10:00,1,73.796,3.887,23.762,1,1,1411.341,1,143.832,0,normal,0,nominal
2026-01-01 06:10:00,2,66.832,2.593,26.181,1,1,1234.666,1,122.238,0,normal,0,nominal
2026-01-01 06:10:00,3,61.59,1.978,28.625,1,1,1109.647,1,110.412,0,normal,0,nominal
2026-01-01 06:11:00,1,72.946,3.482,23.776,1,1,1408.434,1,139.065,0,normal,0,nominal
2026-01-01 06:11:00,2,67.394,2.886,25.762,1,1,1227.606,1,125.341,0,normal,0,nominal
2026-01-01 06:11:00,3,60.563,2.296,28.924,1,1,1105.724,1,113.924,0,normal,0,nominal
2026-01-01 06:12:00,1,73.502,2.874,23.825,1,1,1403.318,1,131.88,0,normal,0,nominal
2026-01-01 06:12:00,2,66.872,2.922,26.085,1,1,1248.471,1,126.544,0,normal,0,nominal
2026-01-01 06:12:00,3,60.5,2.109,28.987,1,1,1106.76,1,111.81,0,normal,0,nominal
2026-01-01 06:13:00,1,73.55,3.536,23.955,1,1,1404.899,1,139.551,0,normal,0,nominal
2026-01-01 06:13:00,2,67.678,2.781,26.475,1,1,1233.687,1,124.363,0,normal,0,nominal
2026-01-01 06:13:00,3,60.915,2.257,28.923,1,1,1122.73,1,114.118,0,normal,0,nominal
2026-01-01 06:14:00,1,78.269,3.724,24.191,1,1,1413.682,1,142.05,0,normal,0,nominal
2026-01-01 06:14:00,2,67.995,2.853,26.394,1,1,1248.481,1,125.755,0,normal,0,nominal
2026-01-01 06:14:00,3,60.746,2.303,28.614,1,1,1116.367,1,114.41,0,normal,0,nominal
2026-01-01 06:15:00,1,76.469,3.614,24.065,1,1,1409.082,1,140.604,0,normal,0,nominal
2026-01-01 06:15:00,2,67.0,2.893,26.308,1,1,1245.598,1,126.101,0,normal,0,nominal
2026-01-01 06:15:00,3,60.965,2.184,28.36,1,1,1138.511,1,113.875,0,normal,0,nominal
2026-01-01 06:16:00,1,75.317,3.516,24.039,1,1,1419.986,1,139.889,0,normal,0,nominal
2026-01-01 06:16:00,2,67.829,2.961,26.159,1,1,1255.726,1,127.27,0,normal,0,nominal
2026-01-01 06:16:00,3,61.138,2.479,28.62,1,1,1124.012,1,116.72,0,normal,0,nominal
2026-01-01 06:17:00,1,75.839,3.326,23.788,1,1,1424.848,1,137.889,0,normal,0,nominal
2026-01-01 06:17:00,2,68.071,3.246,25.742,1,1,1249.416,1,130.311,0,normal,0,nominal
2026-01-01 06:17:00,3,62.474,2.223,28.798,1,1,1082.583,1,112.201,0,normal,0,nominal
2026-01-01 06:18:00,1,74.87,3.183,24.099,1,1,1407.676,1,135.6,0,normal,0,nominal
2026-01-01 06:18:00,2,67.921,2.962,25.786,1,1,1253.129,1,127.185,0,normal,0,nominal
2026-01-01 06:18:00,3,61.665,2.237,28.891,1,1,1095.469,1,112.849,0,normal,0,nominal
2026-01-01 06:19:00,1,77.859,3.518,23.918,1,1,1416.757,1,139.795,0,normal,0,nominal
2026-01-01 06:19:00,2,67.031,2.776,25.868,1,1,1261.054,1,125.35,0,normal,0,nominal
2026-01-01 06:19:00,3,62.988,2.334,28.658,1,1,1094.316,1,113.922,0,normal,0,nominal
2026-01-01 06:20:00,1,77.68,3.629,23.821,1,1,1431.033,1,141.609,0,normal,0,nominal
2026-01-01 06:20:00,2,67.431,2.719,25.401,1,1,1250.23,1,124.276,0,normal,0,nominal
2026-01-01 06:20:00,3,61.781,2.226,28.506,1,1,1098.178,1,112.826,0,normal,0,nominal
2026-01-01 06:21:00,1,76.524,3.66,23.91,1,1,1422.009,1,141.626,0,normal,0,nominal
2026-01-01 06:21:00,2,67.775,2.793,25.524,1,1,1244.327,1,124.906,0,normal,0,nominal
2026-01-01 06:21:00,3,60.956,1.847,28.841,1,1,1112.561,1,109.023,0,normal,0,nominal
2026-01-01 06:22:00,1,76.564,4.012,24.065,1,1,1429.6,1,145.959,0,normal,0,nominal
2026-01-01 06:22:00,2,66.999,2.761,25.921,1,1,1237.353,1,124.269,0,normal,0,nominal
2026-01-01 06:22:00,3,61.134,1.978,28.811,1,1,1103.57,1,110.184,0,normal,0,nominal
2026-01-01 06:23:00,1,75.333,4.145,23.857,1,1,1413.19,1,146.87,0,normal,0,nominal
2026-01-01 06:23:00,2,66.507,2.775,25.749,1,1,1241.253,1,124.58,0,normal,0,nominal
2026-01-01 06:23:00,3,60.735,2.125,28.802,1,1,1128.635,1,112.831,0,normal,0,nominal
2026-01-01 06:24:00,1,75.233,4.256,23.889,1,1,1418.181,1,148.33,0,normal,0,nominal
2026-01-01 06:24:00,2,66.812,2.921,25.896,1,1,1255.173,1,126.787,0,normal,0,nominal
2026-01-01 06:24:00,3,60.822,2.447,28.707,1,1,1139.236,1,116.926,0,normal,0,nominal
2026-01-01 06:25:00,1,74.399,4.05,23.802,1,1,1428.844,1,146.37,0,normal,0,nominal
2026-01-01 06:25:00,2,67.049,2.888,26.067,1,1,1269.336,1,126.951,0,normal,0,nominal
2026-01-01 06:25:00,3,60.288,2.488,28.657,1,1,1136.639,1,117.306,0,normal,0,nominal
2026-01-01 06:26:00,1,74.218,3.801,23.864,1,1,1433.027,1,143.672,0,normal,0,nominal
2026-01-01 06:26:00,2,67.043,2.789,26.245,1,1,1260.15,1,125.456,0,normal,0,nominal
2026-01-01 06:26:00,3,59.748,1.942,28.562,1,1,1133.974,1,110.925,0,normal,0,nominal
2026-01-01 06:27:00,1,74.28,3.249,23.815,1,1,1446.411,1,137.829,0,normal,0,nominal
2026-01-01 06:27:00,2,66.944,3.053,26.391,1,1,1251.972,1,128.187,0,normal,0,nominal
2026-01-01 06:27:00,3,61.783,2.342,28.536,1,1,1117.29,1,114.886,0,normal,0,nominal
2026-01-01 06:28:00,1,73.982,3.461,23.807,1,1,1429.426,1,139.62,0,normal,0,nominal
2026-01-01 06:28:00,2,66.921,2.752,26.399,1,1,1225.729,1,123.724,0,normal,0,nominal
2026-01-01 06:28:00,3,59.578,2.508,28.34,1,1,1151.468,1,118.093,0,normal,0,nominal
2026-01-01 06:29:00,1,72.373,3.458,23.934,1,1,1431.859,1,139.672,0,normal,0,nominal
2026-01-01 06:29:00,2,68.402,3.094,26.142,1,1,1242.384,1,128.29,0,normal,0,nominal
2026-01-01 06:29:00,3,60.371,2.423,28.24,1,1,1125.714,1,116.145,0,normal,0,nominal
2026-01-01 06:30:00,1,73.657,3.979,23.745,1,1,1413.812,1,144.981,0,normal,0,nominal
2026-01-01 06:30:00,2,68.715,2.23,26.41,1,1,1247.764,1,118.565,0,normal,0,nominal
2026-01-01 06:30:00,3,60.256,2.698,28.566,1,1,1102.756,1,118.428,0,normal,0,nominal
2026-01-01 06:31:00,1,73.672,3.714,23.949,1,1,1401.221,1,141.458,0,normal,0,nominal
2026-01-01 06:31:00,2,68.392,2.696,26.224,1,1,1247.961,1,123.924,0,normal,0,nominal
2026-01-01 06:31:00,3,60.979,2.622,28.887,1,1,1121.973,1,118.291,0,normal,0,nominal
2026-01-01 06:32:00,1,73.779,3.901,24.106,1,1,1401.283,1,143.609,0,normal,0,nominal
2026-01-01 06:32:00,2,68.956,2.793,26.178,1,1,1261.848,1,125.574,0,normal,0,nominal
2026-01-01 06:32:00,3,60.32,2.315,28.966,1,1,1126.27,1,114.921,0,normal,0,nominal
2026-01-01 06:33:00,1,72.738,3.771,23.941,1,1,1409.037,1,142.409,0,normal,0,nominal
2026-01-01 06:33:00,2,68.245,2.494,26.041,1,1,1274.491,1,122.615,0,normal,0,nominal
2026-01-01 06:33:00,3,60.654,2.286,29.1,1,1,1126.82,1,114.611,0,normal,0,nominal
2026-01-01 06:34:00,1,73.897,4.193,23.925,1,1,1405.709,1,147.135,0,normal,0,nominal
2026-01-01 06:34:00,2,67.546,2.267,26.254,1,1,1276.433,1,120.076,0,normal,0,nominal
2026-01-01 06:34:00,3,61.172,2.344,29.376,1,1,1123.722,1,115.16,0,normal,0,nominal
2026-01-01 06:35:00,1,73.784,3.979,23.796,1,1,1406.709,1,144.71,0,normal,0,nominal
2026-01-01 06:35:00,2,66.91,2.801,26.446,1,1,1266.744,1,125.844,0,normal,0,nominal
2026-01-01 06:35:00,3,62.952,2.188,29.396,1,1,1100.953,1,112.501,0,normal,0,nominal
2026-01-01 06:36:00,1,72.835,3.602,24.067,1,1,1410.544,1,140.521,0,normal,0,nominal
2026-01-01 06:36:00,2,66.756,2.322,26.361,1,1,1258.567,1,120.032,0,normal,0,nominal
2026-01-01 06:36:00,3,61.799,2.329,29.43,1,1,1111.462,1,114.514,0,normal,0,nominal
2026-01-01 06:37:00,1,71.902,3.479,24.064,1,1,1425.976,1,139.7,0,normal,0,nominal
2026-01-01 06:37:00,2,66.428,2.201,26.263,1,1,1272.115,1,119.157,0,normal,0,nominal
2026-01-01 06:37:00,3,61.594,2.421,29.256,1,1,1117.26,1,115.798,0,normal,0,nominal
2026-01-01 06:38:00,1,73.481,3.363,23.779,1,1,1436.559,1,138.769,0,normal,0,nominal
2026-01-01 06:38:00,2,66.582,3.186,26.468,1,1,1260.547,1,130.036,0,normal,0,nominal
2026-01-01 06:38:00,3,60.465,2.002,28.987,1,1,1123.16,1,111.2,0,normal,0,nominal
2026-01-01 06:39:00,1,74.512,3.739,23.681,1,1,1456.608,1,143.847,0,normal,0,nominal
2026-01-01 06:39:00,2,67.47,3.353,26.522,1,1,1255.335,1,131.765,0,normal,0,nominal
2026-01-01 06:39:00,3,59.878,1.898,29.167,1,1,1113.375,1,109.634,0,normal,0,nominal
2026-01-01 06:40:00,1,74.754,3.875,23.583,1,1,1436.535,1,144.651,0,normal,0,nominal
2026-01-01 06:40:00,2,66.246,3.493,26.213,1,1,1274.558,1,134.1,0,normal,0,nominal
2026-01-01 06:40:00,3,59.75,1.936,28.937,1,1,1133.379,1,110.827,0,normal,0,nominal
2026-01-01 06:41:00,1,75.392,4.054,23.838,1,1,1434.342,1,146.63,0,normal,0,nominal
2026-01-01 06:41:00,2,68.13,3.068,26.051,1,1,1278.674,1,129.373,0,normal,0,nominal
2026-01-01 06:41:00,3,61.846,2.261,28.824,1,1,1096.157,1,113.154,0,normal,0,nominal
2026-01-01 06:42:00,1,73.878,3.565,23.517,1,1,1428.894,1,140.798,0,normal,0,nominal
2026-01-01 06:42:00,2,68.077,3.05,26.36,1,1,1264.032,1,128.612,0,normal,0,nominal
2026-01-01 06:42:00,3,63.417,2.216,28.669,1,1,1102.034,1,112.866,0,normal,0,nominal
2026-01-01 06:43:00,1,74.05,3.264,23.694,1,1,1426.618,1,137.245,0,normal,0,nominal
2026-01-01 06:43:00,2,67.575,3.267,26.116,1,1,1272.565,1,131.433,0,normal,0,nominal
2026-01-01 06:43:00,3,62.13,2.432,28.963,1,1,1096.377,1,115.132,0,normal,0,nominal
2026-01-01 06:44:00,1,73.266,3.822,23.612,1,1,1422.851,1,143.526,0,normal,0,nominal
2026-01-01 06:44:00,2,67.1,2.94,26.182,1,1,1285.208,1,128.147,0,normal,0,nominal
2026-01-01 06:44:00,3,59.28,2.662,29.082,1,1,1102.571,1,118.015,0,normal,0,nominal
2026-01-01 06:45:00,1,70.72,3.5,23.829,1,1,1438.71,1,140.426,0,normal,0,nominal
2026-01-01 06:45:00,2,67.256,2.795,26.345,1,1,1260.818,1,125.552,0,normal,0,nominal
2026-01-01 06:45:00,3,59.694,2.577,28.962,1,1,1129.23,1,118.043,0,normal,0,nominal
2026-01-01 06:46:00,1,74.728,3.331,23.714,1,1,1446.166,1,138.765,0,normal,0,nominal
2026-01-01 06:46:00,2,67.73,3.162,26.088,1,1,1256.067,1,129.598,0,normal,0,nominal
2026-01-01 06:46:00,3,60.541,2.258,28.563,1,1,1121.706,1,114.091,0,normal,0,nominal
2026-01-01 06:47:00,1,73.947,3.701,23.535,1,1,1464.717,1,143.717,0,normal,0,nominal
2026-01-01 06:47:00,2,68.979,3.45,26.195,1,1,1232.722,1,132.019,0,normal,0,nominal
2026-01-01 06:47:00,3,62.119,2.243,28.799,1,1,1115.802,1,113.699,0,normal,0,nominal
2026-01-01 06:48:00,1,74.175,3.711,23.509,1,1,1435.223,1,142.716,0,normal,0,nominal
2026-01-01 06:48:00,2,68.015,3.445,26.373,1,1,1242.729,1,132.34,0,normal,0,nominal
2026-01-01 06:48:00,3,60.797,2.103,28.705,1,1,1106.803,1,111.739,0,normal,0,nominal
2026-01-01 06:49:00,1,74.935,4.125,23.433,1,1,1430.442,1,147.297,0,normal,0,nominal
2026-01-01 06:49:00,2,69.605,2.948,26.147,1,1,1250.387,1,126.918,0,normal,0,nominal
2026-01-01 06:49:00,3,60.235,2.13,28.542,1,1,1115.017,1,112.365,0,normal,0,nominal
2026-01-01 06:50:00,1,76.223,4.0,23.518,1,1,1419.689,1,145.452,0,normal,0,nominal
2026-01-01 06:50:00,2,69.152,2.963,26.571,1,1,1243.868,1,126.84,0,normal,0,nominal
2026-01-01 06:50:00,3,61.652,2.456,28.878,1,1,1108.566,1,115.867,0,normal,0,nominal
2026-01-01 06:51:00,1,77.395,3.549,23.736,1,1,1421.361,1,140.323,0,normal,0,nominal
2026-01-01 06:51:00,2,68.484,3.097,26.497,1,1,1245.647,1,128.445,0,normal,0,nominal
2026-01-01 06:51:00,3,61.575,2.415,28.906,1,1,1119.035,1,115.793,0,normal,0,nominal
2026-01-01 06:52:00,1,76.369,3.604,23.778,1,1,1414.557,1,140.704,0,normal,0,nominal
2026-01-01 06:52:00,2,67.384,3.231,26.6,1,1,1243.397,1,129.903,0,normal,0,nominal
2026-01-01 06:52:00,3,61.024,2.308,28.835,1,1,1115.122,1,114.418,0,normal,0,nominal
2026-01-01 06:53:00,1,76.297,3.37,23.514,1,1,1431.429,1,138.65,0,normal,0,nominal
2026-01-01 06:53:00,2,67.514,2.867,26.453,1,1,1234.816,1,125.395,0,normal,0,nominal
2026-01-01 06:53:00,3,61.217,2.122,28.615,1,1,1115.394,1,112.292,0,normal,0,nominal
2026-01-01 06:54:00,1,74.641,3.401,23.679,1,1,1426.939,1,138.833,0,normal,0,nominal
2026-01-01 06:54:00,2,67.854,2.782,26.684,1,1,1233.876,1,124.38,0,normal,0,nominal
2026-01-01 06:54:00,3,60.323,2.417,28.465,1,1,1088.074,1,114.637,0,normal,0,nominal
2026-01-01 06:55:00,1,75.768,3.22,23.728,1,1,1432.287,1,136.955,0,normal,0,nominal
2026-01-01 06:55:00,2,66.761,2.403,26.646,1,1,1242.005,1,120.334,0,normal,0,nominal
2026-01-01 06:55:00,3,60.923,2.411,28.655,1,1,1111.98,1,115.48,0,normal,0,nominal
2026-01-01 06:56:00,1,76.481,3.385,23.873,1,1,1429.875,1,138.763,0,normal,0,nominal
2026-01-01 06:56:00,2,66.441,2.608,26.309,1,1,1227.558,1,122.142,0,normal,0,nominal
2026-01-01 06:56:00,3,60.162,2.524,28.757,1,1,1106.397,1,116.565,0,normal,0,nominal
2026-01-01 06:57:00,1,75.561,3.211,23.802,1,1,1420.771,1,136.415,0,normal,0,nominal
2026-01-01 06:57:00,2,66.419,2.901,26.514,1,1,1253.268,1,126.483,0,normal,0,nominal
2026-01-01 06:57:00,3,60.533,2.844,28.933,1,1,1114.188,1,120.544,0,normal,0,nominal
2026-01-01 06:58:00,1,74.952,3.362,23.813,1,1,1421.842,1,138.198,0,normal,0,nominal
2026-01-01 06:58:00,2,66.928,3.227,26.032,1,1,1283.98,1,131.403,0,normal,0,nominal
2026-01-01 06:58:00,3,61.163,2.501,29.238,1,1,1105.189,1,116.264,0,normal,0,nominal
2026-01-01 06:59:00,1,73.083,3.741,23.986,1,1,1449.61,1,143.611,0,normal,0,nominal
2026-01-01 06:59:00,2,66.884,3.163,26.182,1,1,1279.069,1,130.476,0,normal,0,nominal
2026-01-01 06:59:00,3,61.011,2.341,29.089,1,1,1106.947,1,114.489,0,normal,0,nominal
2026-01-01 07:00:00,1,73.948,4.125,23.871,1,1,1438.265,1,147.596,0,normal,0,nominal
2026-01-01 07:00:00,2,66.899,3.199,26.28,1,1,1266.9,1,130.432,0,normal,0,nominal
2026-01-01 07:00:00,3,60.741,2.708,28.875,1,1,1119.467,1,119.184,0,normal,0,nominal
2026-01-01 07:01:00,1,73.225,3.767,23.632,1,1,1433.623,1,143.302,0,normal,0,nominal
2026-01-01 07:01:00,2,67.287,3.154,26.17,1,1,1280.494,1,130.431,0,normal,0,nominal
2026-01-01 07:01:00,3,59.94,2.324,29.113,1,1,1121.555,1,114.847,0,normal,0,nominal
2026-01-01 07:02:00,1,73.595,3.971,23.681,1,1,1443.676,1,146.026,0,normal,0,nominal
2026-01-01 07:02:00,2,67.413,3.17,26.354,1,1,1246.601,1,129.326,0,normal,0,nominal
2026-01-01 07:02:00,3,61.231,2.522,29.173,1,1,1105.118,1,116.497,0,normal,0,nominal
2026-01-01 07:03:00,1,73.585,4.211,23.807,1,1,1447.611,1,148.931,0,normal,0,nominal
2026-01-01 07:03:00,2,68.147,3.105,26.261,1,1,1237.888,1,128.249,0,normal,0,nominal
2026-01-01 07:03:00,3,60.468,2.373,28.826,1,1,1115.795,1,115.187,0,normal,0,nominal
2026-01-01 07:04:00,1,72.991,3.992,24.053,1,1,1433.745,1,145.896,0,normal,0,nominal
2026-01-01 07:04:00,2,66.181,2.988,26.352,1,1,1242.327,1,127.066,0,normal,0,nominal
2026-01-01 07:04:00,3,61.763,2.467,29.022,1,1,1105.808,1,115.889,0,normal,0,nominal
2026-01-01 07:05:00,1,72.355,3.997,24.037,1,1,1419.374,1,145.396,0,normal,0,nominal
2026-01-01 07:05:00,2,65.526,3.437,26.614,1,1,1252.932,1,132.636,0,normal,0,nominal
2026-01-01 07:05:00,3,61.349,2.241,29.235,1,1,1105.363,1,113.272,0,normal,0,nominal
2026-01-01 07:06:00,1,72.22,3.739,24.073,1,1,1431.615,1,142.904,0,normal,0,nominal
2026-01-01 07:06:00,2,65.864,3.0,26.322,1,1,1242.676,1,127.224,0,normal,0,nominal
2026-01-01 07:06:00,3,59.972,2.325,28.821,1,1,1113.111,1,114.532,0,normal,0,nominal
2026-01-01 07:07:00,1,73.277,3.611,24.153,1,1,1423.035,1,141.108,0,normal,0,nominal
2026-01-01 07:07:00,2,66.199,2.993,26.112,1,1,1263.412,1,127.925,0,normal,0,nominal
2026-01-01 07:07:00,3,61.156,2.502,28.737,1,1,1111.917,1,116.525,0,normal,0,nominal
2026-01-01 07:08:00,1,74.155,3.404,23.926,1,1,1421.572,1,138.661,0,normal,0,nominal
2026-01-01 07:08:00,2,66.599,2.851,26.529,1,1,1273.416,1,126.673,0,normal,0,nominal
2026-01-01 07:08:00,3,59.01,2.417,28.852,1,1,1089.598,1,114.696,0,normal,0,nominal
2026-01-01 07:09:00,1,75.118,3.537,23.526,1,1,1429.336,1,140.492,0,normal,0,nominal
2026-01-01 07:09:00,2,66.751,3.154,26.457,1,1,1260.859,1,129.679,0,normal,0,nominal
2026-01-01 07:09:00,3,60.219,2.1,28.743,1,1,1078.104,1,110.622,0,normal,0,nominal
2026-01-01 07:10:00,1,74.667,3.863,23.782,1,1,1428.912,1,144.225,0,normal,0,nominal
2026-01-01 07:10:00,2,66.288,3.109,26.468,1,1,1253.805,1,128.895,0,normal,0,nominal
2026-01-01 07:10:00,3,61.265,2.323,28.489,1,1,1093.233,1,113.76,0,normal,0,nominal
2026-01-01 07:11:00,1,72.766,3.583,23.845,1,1,1421.744,1,140.736,0,normal,0,nominal
2026-01-01 07:11:00,2,66.158,3.319,26.462,1,1,1267.745,1,131.844,0,normal,0,nominal
2026-01-01 07:11:00,3,60.213,2.472,28.231,1,1,1108.609,1,116.049,0,normal,0,nominal
2026-01-01 07:12:00,1,72.84,3.844,23.705,1,1,1417.184,1,143.56,0,normal,0,nominal
2026-01-01 07:12:00,2,66.815,3.295,26.24,1,1,1268.128,1,131.585,0,normal,0,nominal
2026-01-01 07:12:00,3,60.218,2.262,28.412,1,1,1109.782,1,113.682,0,normal,0,nominal
2026-01-01 07:13:00,1,73.218,3.729,23.673,1,1,1409.201,1,141.934,0,normal,0,nominal
2026-01-01 07:13:00,2,66.903,3.253,26.051,1,1,1251.783,1,130.476,0,normal,0,nominal
2026-01-01 07:13:00,3,60.641,2.381,28.38,1,1,1110.507,1,115.079,0,normal,0,nominal
2026-01-01 07:14:00,1,73.624,3.927,23.921,1,1,1399.767,1,143.849,0,normal,0,nominal
2026-01-01 07:14:00,2,67.991,3.297,26.131,1,1,1250.423,1,130.931,0,normal,0,nominal
2026-01-01 07:14:00,3,58.898,2.241,28.631,1,1,1108.87,1,113.407,0,normal,0,nominal
2026-01-01 07:15:00,1,73.207,3.78,23.807,1,1,1418.721,1,142.878,0,normal,0,nominal
2026-01-01 07:15:00,2,66.647,3.494,26.485,1,1,1243.819,1,132.952,0,normal,0,nominal
2026-01-01 07:15:00,3,60.128,2.306,28.982,1,1,1111.42,1,114.251,0,normal,0,nominal
2026-01-01 07:16:00,1,74.591,3.54,23.667,1,1,1421.369,1,140.226,0,normal,0,nominal
2026-01-01 07:16:00,2,66.821,3.153,26.603,1,1,1270.717,1,130.052,0,normal,0,nominal
2026-01-01 07:16:00,3,60.276,2.374,28.823,1,1,1100.099,1,114.6,0,normal,0,nominal
2026-01-01 07:17:00,1,73.572,3.502,23.862,1,1,1445.936,1,140.719,0,normal,0,nominal
2026-01-01 07:17:00,2,67.079,3.201,26.558,1,1,1251.694,1,129.876,0,normal,0,nominal
2026-01-01 07:17:00,3,63.121,2.802,28.579,1,1,1096.695,1,119.4,0,normal,0,nominal
2026-01-01 07:18:00,1,74.504,3.893,23.951,1,1,1442.221,1,145.074,0,normal,0,nominal
2026-01-01 07:18:00,2,67.873,2.817,26.47,1,1,1250.855,1,125.433,0,normal,0,nominal
2026-01-01 07:18:00,3,61.506,2.612,28.314,1,1,1114.972,1,117.908,0,normal,0,nominal
2026-01-01 07:19:00,1,72.482,3.75,24.256,1,1,1423.883,1,142.737,0,normal,0,nominal
2026-01-01 07:19:00,2,67.603,3.403,26.439,1,1,1252.476,1,132.231,0,normal,0,nominal
2026-01-01 07:19:00,3,61.098,2.505,28.167,1,1,1112.943,1,116.594,0,normal,0,nominal
2026-01-01 07:20:00,1,71.866,4.046,24.026,1,1,1430.373,1,146.388,0,normal,0,nominal
2026-01-01 07:20:00,2,66.647,3.555,26.338,1,1,1248.787,1,133.84,0,normal,0,nominal
2026-01-01 07:20:00,3,61.793,2.482,28.715,1,1,1118.955,1,116.562,0,normal,0,nominal
2026-01-01 07:21:00,1,72.686,4.23,23.979,1,1,1431.365,1,148.539,0,normal,0,nominal
2026-01-01 07:21:00,2,67.949,3.55,26.186,1,1,1250.044,1,133.829,0,normal,0,nominal
2026-01-01 07:21:00,3,61.805,2.34,28.757,1,1,1095.681,1,114.043,0,normal,0,nominal
2026-01-01 07:22:00,1,74.905,4.321,23.925,1,1,1450.877,1,150.325,0,normal,0,nominal
2026-01-01 07:22:00,2,69.086,2.649,26.281,1,1,1233.721,1,122.844,0,normal,0,nominal
2026-01-01 07:22:00,3,61.074,2.129,29.067,1,1,1093.074,1,111.523,0,normal,0,nominal
2026-01-01 07:23:00,1,74.515,4.041,23.852,1,1,1434.903,1,146.497,0,normal,0,nominal
2026-01-01 07:23:00,2,67.226,2.791,26.536,1,1,1232.911,1,124.448,0,normal,0,nominal
2026-01-01 07:23:00,3,60.799,2.149,28.823,1,1,1105.054,1,112.209,0,normal,0,nominal
2026-01-01 07:24:00,1,73.813,3.911,23.924,1,1,1428.575,1,144.765,0,normal,0,nominal
2026-01-01 07:24:00,2,67.497,2.731,26.416,1,1,1218.07,1,123.191,0,normal,0,nominal
2026-01-01 07:24:00,3,62.259,2.405,28.609,1,1,1104.145,1,115.117,0,normal,0,nominal
2026-01-01 07:25:00,1,73.934,4.042,23.941,1,1,1429.901,1,146.325,0,normal,0,nominal
2026-01-01 07:25:00,2,67.41,2.625,26.616,1,1,1232.606,1,122.523,0,normal,0,nominal
2026-01-01 07:25:00,3,61.835,2.516,28.418,1,1,1120.047,1,116.995,0,normal,0,nominal
2026-01-01 07:26:00,1,74.348,3.782,24.008,1,1,1417.663,1,142.865,0,normal,0,nominal
2026-01-01 07:26:00,2,67.127,2.696,26.509,1,1,1240.089,1,123.625,0,normal,0,nominal
2026-01-01 07:26:00,3,60.861,2.529,28.504,1,1,1116.508,1,117.008,0,normal,0,nominal
2026-01-01 07:27:00,1,74.685,3.621,24.121,1,1,1413.136,1,140.838,0,normal,0,nominal
2026-01-01 07:27:00,2,67.17,3.073,26.117,1,1,1253.089,1,128.451,0,normal,0,nominal
2026-01-01 07:27:00,3,61.791,2.206,28.53,1,1,1111.471,1,113.109,0,normal,0,nominal
2026-01-01 07:28:00,1,74.013,3.575,24.11,1,1,1437.9,1,141.257,0,normal,0,nominal
2026-01-01 07:28:00,2,68.196,2.515,26.057,1,1,1257.502,1,122.212,0,normal,0,nominal
2026-01-01 07:28:00,3,60.909,2.408,28.616,1,1,1124.135,1,115.907,0,normal,0,nominal
2026-01-01 07:29:00,1,72.966,3.774,24.073,1,1,1407.315,1,142.374,0,normal,0,nominal
2026-01-01 07:29:00,2,67.015,2.916,26.442,1,1,1254.63,1,126.714,0,normal,0,nominal
2026-01-01 07:29:00,3,61.895,2.437,28.345,1,1,1114.531,1,115.873,0,normal,0,nominal
2026-01-01 07:30:00,1,73.889,3.866,23.744,1,1,1413.803,1,143.679,0,normal,0,nominal
2026-01-01 07:30:00,2,66.807,3.814,26.25,1,1,1248.74,1,136.818,0,normal,0,nominal
2026-01-01 07:30:00,3,59.589,2.507,28.573,1,1,1123.451,1,117.026,0,normal,0,nominal
2026-01-01 07:31:00,1,74.452,4.008,23.923,1,1,1415.974,1,145.398,0,normal,0,nominal
2026-01-01 07:31:00,2,67.078,3.55,26.327,1,1,1221.049,1,132.727,0,normal,0,nominal
2026-01-01 07:31:00,3,60.1,2.518,28.406,1,1,1117.14,1,116.904,0,normal,0,nominal
2026-01-01 07:32:00,1,75.338,3.554,23.974,1,1,1429.643,1,140.7,0,normal,0,nominal
2026-01-01 07:32:00,2,66.068,3.2,26.239,1,1,1229.357,1,129.018,0,normal,0,nominal
2026-01-01 07:32:00,3,57.927,2.432,28.407,1,1,1121.835,1,116.1,0,normal,0,nominal
2026-01-01 07:33:00,1,73.865,3.665,23.625,1,1,1433.456,1,142.116,0,normal,0,nominal
2026-01-01 07:33:00,2,66.709,3.397,26.368,1,1,1246.186,1,131.921,0,normal,0,nominal
2026-01-01 07:33:00,3,60.211,2.708,28.478,1,1,1140.345,1,119.978,0,normal,0,nominal
2026-01-01 07:34:00,1,73.731,3.719,23.77,1,1,1427.608,1,142.515,0,normal,0,nominal
2026-01-01 07:34:00,2,66.556,3.155,26.254,1,1,1257.749,1,129.572,0,normal,0,nominal
2026-01-01 07:34:00,3,59.635,2.704,28.84,1,1,1145.742,1,120.133,0,normal,0,nominal
2026-01-01 07:35:00,1,73.857,3.836,24.028,1,1,1431.433,1,144.006,0,normal,0,nominal
2026-01-01 07:35:00,2,66.939,3.104,26.263,1,1,1258.234,1,129.012,0,normal,0,nominal
2026-01-01 07:35:00,3,59.541,2.801,28.887,1,1,1142.858,1,121.145,0,normal,0,nominal
2026-01-01 07:36:00,1,73.641,4.07,23.668,1,1,1426.419,1,146.503,0,normal,0,nominal
2026-01-01 07:36:00,2,67.255,3.024,26.108,1,1,1242.747,1,127.503,0,normal,0,nominal
2026-01-01 07:36:00,3,62.114,2.546,29.042,1,1,1138.059,1,118.024,0,normal,0,nominal
2026-01-01 07:37:00,1,73.661,3.448,24.059,1,1,1411.715,1,138.802,0,normal,0,nominal
2026-01-01 07:37:00,2,67.699,2.989,26.153,1,1,1255.39,1,127.583,0,normal,0,nominal
2026-01-01 07:37:00,3,60.984,2.181,29.323,1,1,1135.443,1,113.723,0,normal,0,nominal
2026-01-01 07:38:00,1,73.343,3.554,23.831,1,1,1416.523,1,140.197,0,normal,0,nominal
2026-01-01 07:38:00,2,67.497,3.003,26.122,1,1,1262.242,1,128.001,0,normal,0,nominal
2026-01-01 07:38:00,3,61.326,2.336,29.0,1,1,1111.027,1,114.584,0,normal,0,nominal
2026-01-01 07:39:00,1,73.324,3.509,23.793,1,1,1440.328,1,140.589,0,normal,0,nominal
2026-01-01 07:39:00,2,68.075,3.037,25.95,1,1,1268.373,1,128.626,0,normal,0,nominal
2026-01-01 07:39:00,3,59.205,2.229,28.769,1,1,1111.82,1,113.38,0,normal,0,nominal
2026-01-01 07:40:00,1,74.101,3.796,23.607,1,1,1441.0,1,143.909,0,normal,0,nominal
2026-01-01 07:40:00,2,66.713,3.456,26.218,1,1,1267.283,1,133.4,0,normal,0,nominal
2026-01-01 07:40:00,3,59.972,2.5,28.464,1,1,1097.556,1,115.953,0,normal,0,nominal
2026-01-01 07:41:00,1,73.128,3.892,23.539,1,1,1431.619,1,144.656,0,normal,0,nominal
2026-01-01 07:41:00,2,67.736,3.337,26.451,1,1,1263.558,1,131.894,0,normal,0,nominal
2026-01-01 07:41:00,3,60.395,2.335,28.43,1,1,1115.092,1,114.724,0,normal,0,nominal
2026-01-01 07:42:00,1,73.118,3.701,24.094,1,1,1445.833,1,143.001,0,normal,0,nominal
2026-01-01 07:42:00,2,66.79,3.195,26.218,1,1,1265.371,1,130.321,0,normal,0,nominal
2026-01-01 07:42:00,3,60.597,2.477,28.93,1,1,1103.134,1,115.909,0,normal,0,nominal
2026-01-01 07:43:00,1,73.068,3.482,24.105,1,1,1411.595,1,139.184,0,normal,0,nominal
2026-01-01 07:43:00,2,67.215,3.224,26.259,1,1,1277.624,1,131.122,0,normal,0,nominal
2026-01-01 07:43:00,3,61.46,2.116,28.929,1,1,1119.721,1,112.387,0,normal,0,nominal
2026-01-01 07:44:00,1,72.868,3.648,23.938,1,1,1419.842,1,141.4,0,normal,0,nominal
2026-01-01 07:44:00,2,66.287,3.052,26.652,1,1,1256.102,1,128.33,0,normal,0,nominal
2026-01-01 07:44:00,3,60.453,2.41,29.023,1,1,1122.883,1,115.884,0,normal,0,nominal
2026-01-01 07:45:00,1,73.248,3.454,23.959,1,1,1440.854,1,139.976,0,normal,0,nominal
2026-01-01 07:45:00,2,65.87,3.137,26.524,1,1,1270.525,1,129.85,0,normal,0,nominal
2026-01-01 07:45:00,3,61.812,2.523,29.177,1,1,1135.123,1,117.644,0,normal,0,nominal
2026-01-01 07:46:00,1,73.519,3.396,24.001,1,1,1431.377,1,138.945,0,normal,0,nominal
2026-01-01 07:46:00,2,65.764,3.055,26.701,1,1,1266.636,1,128.769,0,normal,0,nominal
2026-01-01 07:46:00,3,60.529,2.572,29.224,1,1,1104.504,1,117.045,0,normal,0,nominal
2026-01-01 07:47:00,1,73.259,3.262,23.946,1,1,1433.101,1,137.471,0,normal,0,nominal
2026-01-01 07:47:00,2,66.393,3.334,26.29,1,1,1267.611,1,132.007,0,normal,0,nominal
2026-01-01 07:47:00,3,60.344,2.049,29.089,1,1,1109.766,1,111.229,0,normal,0,nominal
2026-01-01 07:48:00,1,72.889,3.647,23.804,1,1,1451.624,1,142.601,0,normal,0,nominal
2026-01-01 07:48:00,2,67.279,3.256,26.381,1,1,1273.854,1,131.355,0,normal,0,nominal
2026-01-01 07:48:00,3,63.61,2.112,29.11,1,1,1120.228,1,112.359,0,normal,0,nominal
2026-01-01 07:49:00,1,74.069,3.788,24.291,1,1,1417.359,1,142.92,0,normal,0,nominal
2026-01-01 07:49:00,2,66.421,3.079,26.073,1,1,1268.535,1,129.112,0,normal,0,nominal
2026-01-01 07:49:00,3,63.623,2.126,28.859,1,1,1140.71,1,113.295,0,normal,0,nominal
2026-01-01 07:50:00,1,74.461,3.889,24.11,1,1,1425.191,1,144.382,0,normal,0,nominal
2026-01-01 07:50:00,2,68.639,2.407,26.155,1,1,1278.923,1,121.775,0,normal,0,nominal
2026-01-01 07:50:00,3,61.149,2.356,28.891,1,1,1121.55,1,115.215,0,normal,0,nominal
2026-01-01 07:51:00,1,75.01,3.575,24.097,1,1,1424.368,1,140.736,0,normal,0,nominal
2026-01-01 07:51:00,2,68.069,2.899,26.001,1,1,1269.199,1,127.07,0,normal,0,nominal
2026-01-01 07:51:00,3,62.21,2.33,28.831,1,1,1119.075,1,114.816,0,normal,0,nominal
2026-01-01 07:52:00,1,74.039,3.92,24.182,1,1,1441.64,1,145.36,0,normal,0,nominal
2026-01-01 07:52:00,2,67.019,2.511,26.01,1,1,1257.57,1,122.159,0,normal,0,nominal
2026-01-01 07:52:00,3,61.752,2.364,28.974,1,1,1099.343,1,114.466,0,normal,0,nominal
2026-01-01 07:53:00,1,73.465,3.815,23.888,1,1,1447.891,1,144.393,0,normal,0,nominal
2026-01-01 07:53:00,2,67.043,2.809,26.408,1,1,1270.812,1,126.089,0,normal,0,nominal
2026-01-01 07:53:00,3,61.635,2.439,29.037,1,1,1110.912,1,115.766,0,normal,0,nominal
2026-01-01 07:54:00,1,75.052,3.739,23.926,1,1,1447.889,1,143.521,0,normal,0,nominal
2026-01-01 07:54:00,2,67.362,2.77,26.424,1,1,1270.905,1,125.653,0,normal,0,nominal
2026-01-01 07:54:00,3,59.671,2.083,29.128,1,1,1104.346,1,111.421,0,normal,0,nominal
2026-01-01 07:55:00,1,75.914,3.813,24.185,1,1,1452.257,1,144.541,0,normal,0,nominal
2026-01-01 07:55:00,2,68.0,2.606,26.296,1,1,1274.142,1,123.882,0,normal,0,nominal
2026-01-01 07:55:00,3,60.169,2.274,29.132,1,1,1110.34,1,113.845,0,normal,0,nominal
2026-01-01 07:56:00,1,75.36,4.026,23.984,1,1,1429.499,1,146.118,0,normal,0,nominal
2026-01-01 07:56:00,2,66.527,2.623,26.474,1,1,1265.553,1,123.755,0,normal,0,nominal
2026-01-01 07:56:00,3,59.283,2.208,29.095,1,1,1142.572,1,114.304,0,normal,0,nominal
2026-01-01 07:57:00,1,75.057,3.977,24.103,1,1,1417.562,1,145.106,0,normal,0,nominal
2026-01-01 07:57:00,2,66.215,3.114,26.414,1,1,1297.145,1,130.602,0,normal,0,nominal
2026-01-01 07:57:00,3,59.616,2.2,29.119,1,1,1154.823,1,114.68,0,normal,0,nominal
2026-01-01 07:58:00,1,73.809,3.719,23.83,1,1,1422.693,1,142.331,0,normal,0,nominal
2026-01-01 07:58:00,2,66.815,3.085,26.44,1,1,1291.958,1,130.071,0,normal,0,nominal
2026-01-01 07:58:00,3,59.415,2.312,29.362,1,1,1121.337,1,114.694,0,normal,0,nominal
2026-01-01 07:59:00,1,75.209,3.543,23.74,1,1,1396.079,1,139.298,0,normal,0,nominal
2026-01-01 07:59:00,2,67.583,3.479,26.661,1,1,1269.496,1,133.751,0,normal,0,nominal
2026-01-01 07:59:00,3,59.003,2.185,29.105,1,1,1122.253,1,113.278,0,normal,0,nominal
2026-01-01 06:00:00,1,71.913,3.977,23.749,1,1,1434.875,1,145.758,0,normal,0,nominal
2026-01-01 06:00:00,2,67.731,2.674,26.598,1,1,1242.867,1,123.485,0,normal,0,nominal
2026-01-01 06:00:00,3,61.699,2.408,28.714,1,1,1111.255,1,115.416,0,normal,0,nominal
2026-01-01 06:01:00,1,73.274,3.778,23.841,1,1,1423.403,1,143.04,0,normal,0,nominal
2026-01-01 06:01:00,2,68.561,2.223,26.525,1,1,1236.324,1,118.043,0,normal,0,nominal
2026-01-01 06:01:00,3,63.553,2.062,28.762,1,1,1113.698,1,111.529,0,normal,0,nominal
2026-01-01 06:02:00,1,74.45,3.544,23.651,1,1,1416.295,1,140.08,0,normal,0,nominal
2026-01-01 06:02:00,2,67.25,2.438,26.256,1,1,1226.385,1,120.139,0,normal,0,nominal
2026-01-01 06:02:00,3,62.597,2.323,28.782,1,1,1127.439,1,115.054,0,normal,0,nominal
2026-01-01 06:03:00,1,73.625,3.417,23.793,1,1,1406.715,1,138.255,0,normal,0,nominal
2026-01-01 06:03:00,2,67.04,3.011,26.311,1,1,1220.311,1,126.499,0,normal,0,nominal
2026-01-01 06:03:00,3,60.94,2.438,28.445,1,1,1113.119,1,115.838,0,normal,0,nominal
2026-01-01 06:04:00,1,74.068,3.476,23.414,1,1,1422.996,1,139.542,0,normal,0,nominal
2026-01-01 06:04:00,2,67.575,3.088,26.327,1,1,1240.594,1,128.156,0,normal,0,nominal
2026-01-01 06:04:00,3,60.791,2.157,28.438,1,1,1114.778,1,112.664,0,normal,0,nominal
2026-01-01 06:05:00,1,73.774,3.341,23.584,1,1,1427.227,1,138.151,0,normal,0,nominal
2026-01-01 06:05:00,2,66.509,2.803,26.26,1,1,1229.096,1,124.445,0,normal,0,nominal
2026-01-01 06:05:00,3,60.749,2.257,28.32,1,1,1129.557,1,114.376,0,normal,0,nominal
2026-01-01 06:06:00,1,73.155,3.518,23.543,1,1,1434.696,1,140.479,0,normal,0,nominal
2026-01-01 06:06:00,2,67.392,2.096,26.01,1,1,1244.956,1,116.909,0,normal,0,nominal
2026-01-01 06:06:00,3,60.816,1.859,28.756,1,1,1124.336,1,109.605,0,normal,0,nominal
2026-01-01 06:07:00,1,74.875,3.038,23.689,1,1,1437.471,1,135.06,0,normal,0,nominal
2026-01-01 06:07:00,2,67.059,2.092,26.059,1,1,1232.638,1,116.404,0,normal,0,nominal
2026-01-01 06:07:00,3,60.78,2.16,28.928,1,1,1097.706,1,112.048,0,normal,0,nominal
2026-01-01 06:08:00,1,74.961,3.173,23.631,1,1,1438.373,1,136.652,0,normal,0,nominal
2026-01-01 06:08:00,2,67.038,1.867,26.049,1,1,1258.697,1,114.802,0,normal,0,nominal
2026-01-01 06:08:00,3,60.978,2.175,28.645,1,1,1115.962,1,112.923,0,normal,0,nominal
2026-01-01 06:09:00,1,75.123,3.383,24.023,1,1,1423.972,1,138.517,0,normal,0,nominal
2026-01-01 06:09:00,2,67.468,2.506,26.104,1,1,1257.524,1,122.104,0,normal,0,nominal
2026-01-01 06:09:00,3,60.019,2.305,28.982,1,1,1102.602,1,113.911,0,normal,0,nominal
2026-01-01 06:10:00,1,74.478,3.339,24.231,1,1,1430.38,1,138.258,0,normal,0,nominal
2026-01-01 06:10:00,2,66.222,2.628,26.133,1,1,1270.118,1,123.987,0,normal,0,nominal
2026-01-01 06:10:00,3,60.583,2.403,28.653,1,1,1106.126,1,115.162,0,normal,0,nominal
2026-01-01 06:11:00,1,73.789,3.542,23.911,1,1,1397.146,1,139.323,0,normal,0,nominal
2026-01-01 06:11:00,2,65.907,2.723,25.916,1,1,1267.759,1,124.991,0,normal,0,nominal
2026-01-01 06:11:00,3,61.062,2.412,28.494,1,1,1106.51,1,115.281,0,normal,0,nominal
2026-01-01 06:12:00,1,74.114,3.535,23.598,1,1,1413.121,1,139.856,0,normal,0,nominal
2026-01-01 06:12:00,2,65.439,2.228,25.923,1,1,1264.687,1,119.184,0,normal,0,nominal
2026-01-01 06:12:00,3,60.863,2.347,28.801,1,1,1109.157,1,114.644,0,normal,0,nominal
2026-01-01 06:13:00,1,74.3,3.644,23.629,1,1,1422.467,1,141.465,0,normal,0,nominal
2026-01-01 06:13:00,2,65.924,3.066,25.748,1,1,1271.665,1,129.079,0,normal,0,nominal
2026-01-01 06:13:00,3,60.296,2.567,28.981,1,1,1118.996,1,117.538,0,normal,0,nominal
2026-01-01 06:14:00,1,74.062,3.552,23.791,1,1,1431.214,1,140.729,0,normal,0,nominal
2026-01-01 06:14:00,2,66.399,3.003,25.852,1,1,1242.092,1,127.238,0,normal,0,nominal
2026-01-01 06:14:00,3,60.781,2.614,28.976,1,1,1121.284,1,118.17,0,normal,0,nominal
2026-01-01 06:15:00,1,74.446,3.911,23.385,1,1,1449.552,1,145.564,0,normal,0,nominal
2026-01-01 06:15:00,2,65.962,2.923,25.95,1,1,1257.67,1,126.906,0,normal,0,nominal
2026-01-01 06:15:00,3,61.534,2.395,29.033,1,1,1099.691,1,114.827,0,normal,0,nominal
2026-01-01 06:16:00,1,73.248,3.702,23.22,1,1,1441.101,1,142.829,0,normal,0,nominal
2026-01-01 06:16:00,2,66.882,2.886,25.89,1,1,1261.536,1,126.631,0,normal,0,nominal
2026-01-01 06:16:00,3,61.583,2.357,29.19,1,1,1107.28,1,114.679,0,normal,0,nominal
2026-01-01 06:17:00,1,72.663,3.818,23.179,1,1,1428.74,1,143.703,0,normal,0,nominal
2026-01-01 06:17:00,2,68.158,2.471,26.256,1,1,1255.235,1,121.62,0,normal,0,nominal
2026-01-01 06:17:00,3,57.219,1.847,29.098,1,1,1116.184,1,109.158,0,normal,0,nominal
2026-01-01 06:18:00,1,71.4,3.635,23.05,1,1,1432.868,1,141.757,0,normal,0,nominal
2026-01-01 06:18:00,2,69.311,2.217,26.144,1,1,1253.788,1,118.643,0,normal,0,nominal
2026-01-01 06:18:00,3,58.606,1.856,28.99,1,1,1103.409,1,108.769,0,normal,0,nominal
2026-01-01 06:19:00,1,72.398,3.976,23.155,1,1,1422.338,1,145.278,0,normal,0,nominal
2026-01-01 06:19:00,2,68.404,2.733,26.092,1,1,1230.896,1,123.709,0,normal,0,nominal
2026-01-01 06:19:00,3,59.684,1.973,29.07,1,1,1115.983,1,110.602,0,normal,0,nominal
2026-01-01 06:20:00,1,73.75,3.814,23.295,1,1,1427.343,1,143.595,0,normal,0,nominal
2026-01-01 06:20:00,2,67.637,2.893,26.251,1,1,1246.635,1,126.138,0,normal,0,nominal
2026-01-01 06:20:00,3,60.477,2.101,28.732,1,1,1120.401,1,112.238,0,normal,0,nominal
2026-01-01 06:21:00,1,74.662,3.814,23.398,1,1,1440.554,1,144.107,0,normal,0,nominal
2026-01-01 06:21:00,2,68.48,2.866,26.541,1,1,1249.823,1,125.95,0,normal,0,nominal
2026-01-01 06:21:00,3,61.487,2.259,28.774,1,1,1111.24,1,113.702,0,normal,0,nominal
2026-01-01 06:22:00,1,74.455,3.569,23.49,1,1,1433.396,1,141.018,0,normal,0,nominal
2026-01-01 06:22:00,2,67.586,2.885,26.297,1,1,1256.214,1,126.417,0,normal,0,nominal
2026-01-01 06:22:00,3,61.28,2.201,28.722,1,1,1111.978,1,113.069,0,normal,0,nominal
2026-01-01 06:23:00,1,74.188,3.841,23.648,1,1,1437.477,1,144.294,0,normal,0,nominal
2026-01-01 06:23:00,2,67.274,2.812,26.331,1,1,1256.203,1,125.579,0,normal,0,nominal
2026-01-01 06:23:00,3,61.935,2.236,28.473,1,1,1124.89,1,113.954,0,normal,0,nominal
2026-01-01 06:24:00,1,73.287,3.506,23.977,1,1,1438.376,1,140.476,0,normal,0,nominal
2026-01-01 06:24:00,2,66.796,2.672,26.728,1,1,1250.541,1,123.75,0,normal,0,nominal
2026-01-01 06:24:00,3,59.468,2.161,28.912,1,1,1127.656,1,113.2,0,normal,0,nominal
2026-01-01 06:25:00,1,71.545,3.774,23.696,1,1,1425.377,1,143.07,0,normal,0,nominal
2026-01-01 06:25:00,2,65.755,2.578,26.272,1,1,1251.302,1,122.702,0,normal,0,nominal
2026-01-01 06:25:00,3,60.819,2.31,28.698,1,1,1094.494,1,113.659,0,normal,0,nominal
2026-01-01 06:26:00,1,73.149,4.105,24.227,1,1,1415.686,1,146.502,0,normal,0,nominal
2026-01-01 06:26:00,2,65.82,2.938,26.308,1,1,1269.312,1,127.526,0,normal,0,nominal
2026-01-01 06:26:00,3,60.101,2.298,28.76,1,1,1120.747,1,114.518,0,normal,0,nominal
2026-01-01 06:27:00,1,73.161,3.911,24.347,1,1,1447.504,1,145.483,0,normal,0,nominal
2026-01-01 06:27:00,2,66.444,2.863,26.328,1,1,1251.807,1,125.997,0,normal,0,nominal
2026-01-01 06:27:00,3,60.87,2.434,29.149,1,1,1116.16,1,115.909,0,normal,0,nominal
2026-01-01 06:28:00,1,72.566,3.576,23.973,1,1,1438.787,1,141.293,0,normal,0,nominal
2026-01-01 06:28:00,2,66.301,3.423,26.085,1,1,1271.813,1,133.192,0,normal,0,nominal
2026-01-01 06:28:00,3,60.932,2.562,28.963,1,1,1107.016,1,117.032,0,normal,0,nominal
2026-01-01 06:29:00,1,73.224,3.402,23.775,1,1,1439.154,1,139.314,0,normal,0,nominal
2026-01-01 06:29:00,2,67.28,2.929,25.982,1,1,1260.431,1,127.075,0,normal,0,nominal
2026-01-01 06:29:00,3,61.207,2.399,29.14,1,1,1121.725,1,115.709,0,normal,0,nominal
2026-01-01 06:30:00,1,74.137,3.464,23.72,1,1,1431.104,1,139.721,0,normal,0,nominal
2026-01-01 06:30:00,2,66.835,2.627,25.807,1,1,1268.47,1,123.913,0,normal,0,nominal
2026-01-01 06:30:00,3,59.483,2.438,28.966,1,1,1113.999,1,115.874,0,normal,0,nominal
2026-01-01 06:31:00,1,74.039,3.645,23.281,1,1,1447.459,1,142.42,0,normal,0,nominal
2026-01-01 06:31:00,2,67.401,2.651,25.954,1,1,1260.818,1,123.897,0,normal,0,nominal
2026-01-01 06:31:00,3,61.257,2.393,28.527,1,1,1111.443,1,115.25,0,normal,0,nominal
2026-01-01 06:32:00,1,73.264,3.407,23.667,1,1,1427.371,1,138.922,0,normal,0,nominal
2026-01-01 06:32:00,2,67.509,2.658,25.854,1,1,1251.167,1,123.615,0,normal,0,nominal
2026-01-01 06:32:00,3,60.407,2.386,28.441,1,1,1123.979,1,115.651,0,normal,0,nominal
2026-01-01 06:33:00,1,74.442,3.442,23.542,1,1,1424.83,1,139.23,0,normal,0,nominal
2026-01-01 06:33:00,2,67.43,2.476,25.849,1,1,1250.451,1,121.491,0,normal,0,nominal
2026-01-01 06:33:00,3,61.227,2.1,28.532,1,1,1104.184,1,111.614,0,normal,0,nominal
2026-01-01 06:34:00,1,74.528,3.456,23.669,1,1,1420.947,1,139.235,0,normal,0,nominal
2026-01-01 06:34:00,2,66.075,2.656,26.335,1,1,1250.391,1,123.563,0,normal,0,nominal
2026-01-01 06:34:00,3,62.301,2.273,28.498,1,1,1109.124,1,113.79,0,normal,0,nominal
2026-01-01 06:35:00,1,74.552,3.802,23.622,1,1,1422.793,1,143.284,0,normal,0,nominal
2026-01-01 06:35:00,2,65.813,2.685,26.481,1,1,1254.684,1,124.059,0,normal,0,nominal
2026-01-01 06:35:00,3,61.014,2.263,28.676,1,1,1111.844,1,113.778,0,normal,0,nominal
2026-01-01 06:36:00,1,76.321,3.865,23.817,1,1,1420.0,1,143.904,0,normal,0,nominal
2026-01-01 06:36:00,2,66.721,2.187,26.446,1,1,1274.903,1,119.096,0,normal,0,nominal
2026-01-01 06:36:00,3,60.748,2.257,28.439,1,1,1111.422,1,113.69,0,normal,0,nominal
2026-01-01 06:37:00,1,75.185,4.029,23.744,1,1,1412.816,1,145.519,0,normal,0,nominal
2026-01-01 06:37:00,2,66.878,2.53,26.606,1,1,1257.942,1,122.392,0,normal,0,nominal
2026-01-01 06:37:00,3,60.795,2.346,28.286,1,1,1105.531,1,114.484,0,normal,0,nominal
2026-01-01 06:38:00,1,74.944,3.791,23.717,1,1,1429.227,1,143.403,0,normal,0,nominal
2026-01-01 06:38:00,2,67.619,2.77,26.529,1,1,1251.043,1,124.899,0,normal,0,nominal
2026-01-01 06:38:00,3,61.726,2.257,28.175,1,1,1089.032,1,112.842,0,normal,0,nominal
2026-01-01 06:39:00,1,75.306,3.89,23.679,1,1,1417.131,1,144.088,0,normal,0,nominal
2026-01-01 06:39:00,2,66.948,2.668,26.242,1,1,1254.832,1,123.866,0,normal,0,nominal
2026-01-01 06:39:00,3,60.503,2.384,27.913,1,1,1101.93,1,114.786,0,normal,0,nominal
2026-01-01 06:40:00,1,73.999,4.134,24.142,1,1,1407.217,1,146.513,0,normal,0,nominal
2026-01-01 06:40:00,2,66.124,2.083,25.9,1,1,1248.866,1,116.914,0,normal,0,nominal
2026-01-01 06:40:00,3,61.201,2.325,28.48,1,1,1122.787,1,114.904,0,normal,0,nominal
2026-01-01 06:41:00,1,74.783,4.582,23.938,1,1,1425.584,1,152.362,0,normal,0,nominal
2026-01-01 06:41:00,2,66.689,2.834,26.272,1,1,1250.203,1,125.599,0,normal,0,nominal
2026-01-01 06:41:00,3,61.898,2.419,28.907,1,1,1125.541,1,116.094,0,normal,0,nominal
2026-01-01 06:42:00,1,76.201,4.105,23.64,1,1,1418.855,1,146.62,0,normal,0,nominal
2026-01-01 06:42:00,2,67.729,2.909,26.15,1,1,1243.716,1,126.212,0,normal,0,nominal
2026-01-01 06:42:00,3,61.275,2.336,28.793,1,1,1125.603,1,115.134,0,normal,0,nominal
2026-01-01 06:43:00,1,76.458,4.258,23.834,1,1,1441.791,1,149.25,0,normal,0,nominal
2026-01-01 06:43:00,2,67.048,2.863,25.939,1,1,1248.689,1,125.877,0,normal,0,nominal
2026-01-01 06:43:00,3,63.521,2.342,28.962,1,1,1109.875,1,114.611,0,normal,0,nominal
2026-01-01 06:44:00,1,75.799,4.083,23.645,1,1,1426.157,1,146.647,0,normal,0,nominal
2026-01-01 06:44:00,2,67.583,3.029,25.591,1,1,1254.997,1,128.02,0,normal,0,nominal
2026-01-01 06:44:00,3,62.968,2.323,29.26,1,1,1100.674,1,114.036,0,normal,0,nominal
2026-01-01 06:45:00,1,73.769,4.293,23.665,1,1,1409.861,1,148.442,0,normal,0,nominal
2026-01-01 06:45:00,2,67.245,2.828,25.746,1,1,1272.047,1,126.362,0,normal,0,nominal
2026-01-01 06:45:00,3,62.367,2.666,29.307,1,1,1118.465,1,118.662,0,normal,0,nominal
2026-01-01 06:46:00,1,75.164,4.085,23.67,1,1,1412.142,1,146.134,0,normal,0,nominal
2026-01-01 06:46:00,2,68.127,2.786,25.898,1,1,1242.311,1,124.746,0,normal,0,nominal
2026-01-01 06:46:00,3,60.701,2.843,29.182,1,1,1124.198,1,120.914,0,normal,0,nominal
2026-01-01 06:47:00,1,75.653,3.916,23.747,1,1,1413.379,1,144.247,0,normal,0,nominal
2026-01-01 06:47:00,2,66.491,3.103,26.035,1,1,1253.187,1,128.81,0,normal,0,nominal
2026-01-01 06:47:00,3,59.631,2.282,29.218,1,1,1124.178,1,114.466,0,normal,0,nominal
2026-01-01 06:48:00,1,74.455,3.813,23.631,1,1,1391.949,1,142.245,0,normal,0,nominal
2026-01-01 06:48:00,2,66.887,2.781,26.159,1,1,1262.626,1,125.458,0,normal,0,nominal
2026-01-01 06:48:00,3,60.915,2.436,29.058,1,1,1125.579,1,116.288,0,normal,0,nominal
2026-01-01 06:49:00,1,74.714,3.959,23.739,1,1,1412.888,1,144.72,0,normal,0,nominal
2026-01-01 06:49:00,2,66.493,3.084,26.198,1,1,1232.653,1,127.812,0,normal,0,nominal
2026-01-01 06:49:00,3,59.463,2.56,29.219,1,1,1130.424,1,117.891,0,normal,0,nominal
2026-01-01 06:50:00,1,75.935,3.284,23.96,1,1,1415.652,1,137.061,0,normal,0,nominal
2026-01-01 06:50:00,2,66.412,3.166,26.493,1,1,1228.248,1,128.585,0,normal,0,nominal
2026-01-01 06:50:00,3,61.078,2.53,29.07,1,1,1119.357,1,117.13,0,normal,0,nominal
2026-01-01 06:51:00,1,74.539,3.458,23.555,1,1,1415.582,1,139.06,0,normal,0,nominal
2026-01-01 06:51:00,2,67.203,3.085,26.401,1,1,1223.121,1,127.455,0,normal,0,nominal
2026-01-01 06:51:00,3,60.617,2.052,29.208,1,1,1145.899,1,112.64,0,normal,0,nominal
2026-01-01 06:52:00,1,75.241,3.469,23.766,1,1,1431.268,1,139.777,0,normal,0,nominal
2026-01-01 06:52:00,2,66.67,3.406,26.163,1,1,1249.796,1,132.16,0,normal,0,nominal
2026-01-01 06:52:00,3,60.842,2.623,28.988,1,1,1136.116,1,118.835,0,normal,0,nominal
2026-01-01 06:53:00,1,75.052,3.969,23.971,1,1,1428.783,1,145.437,0,normal,0,nominal
2026-01-01 06:53:00,2,67.233,3.787,25.987,1,1,1253.806,1,136.696,0,normal,0,nominal
2026-01-01 06:53:00,3,62.646,2.44,29.054,1,1,1125.272,1,116.323,0,normal,0,nominal
2026-01-01 06:54:00,1,74.61,3.909,23.968,1,1,1431.474,1,144.849,0,normal,0,nominal
2026-01-01 06:54:00,2,67.092,3.448,26.274,1,1,1248.158,1,132.582,0,normal,0,nominal
2026-01-01 06:54:00,3,62.425,2.221,28.965,1,1,1129.673,1,113.964,0,normal,0,nominal
2026-01-01 06:55:00,1,74.442,3.934,23.76,1,1,1400.456,1,143.959,0,normal,0,nominal
2026-01-01 06:55:00,2,66.901,3.231,25.759,1,1,1240.787,1,129.804,0,normal,0,nominal
2026-01-01 06:55:00,3,61.479,2.016,28.976,1,1,1126.131,1,111.48,0,normal,0,nominal
2026-01-01 06:56:00,1,73.654,4.007,23.91,1,1,1412.022,1,145.24,0,normal,0,nominal
2026-01-01 06:56:00,2,66.865,2.725,25.696,1,1,1260.613,1,124.742,0,normal,0,nominal
2026-01-01 06:56:00,3,60.819,1.652,28.812,1,1,1118.144,1,106.993,0,normal,0,nominal
2026-01-01 06:57:00,1,72.775,4.014,23.82,1,1,1427.008,1,145.884,0,normal,0,nominal
2026-01-01 06:57:00,2,66.399,2.94,25.692,1,1,1245.252,1,126.627,0,normal,0,nominal
2026-01-01 06:57:00,3,60.314,1.967,29.066,1,1,1110.587,1,110.328,0,normal,0,nominal
2026-01-01 06:58:00,1,74.539,3.854,23.684,1,1,1395.067,1,142.829,0,normal,0,nominal
2026-01-01 06:58:00,2,65.329,3.115,25.684,1,1,1247.312,1,128.718,0,normal,0,nominal
2026-01-01 06:58:00,3,59.275,1.851,29.253,1,1,1113.839,1,109.118,0,normal,0,nominal
2026-01-01 06:59:00,1,74.214,3.723,24.279,1,1,1411.682,1,141.955,0,normal,0,nominal
2026-01-01 06:59:00,2,65.345,3.345,26.206,1,1,1265.548,1,132.056,0,normal,0,nominal
2026-01-01 06:59:00,3,61.004,2.427,29.33,1,1,1126.038,1,116.201,0,normal,0,nominal
2026-01-01 07:00:00,1,75.18,3.775,24.09,1,1,1434.246,1,143.418,0,normal,0,nominal
2026-01-01 07:00:00,2,66.019,3.131,25.996,1,1,1267.514,1,129.673,0,normal,0,nominal
2026-01-01 07:00:00,3,61.151,2.517,29.12,1,1,1103.705,1,116.39,0,normal,0,nominal
2026-01-01 07:01:00,1,74.992,3.823,23.615,1,1,1444.159,1,144.341,0,normal,0,nominal
2026-01-01 07:01:00,2,67.744,3.324,26.191,1,1,1297.622,1,133.037,0,normal,0,nominal
2026-01-01 07:01:00,3,61.697,2.364,28.769,1,1,1096.956,1,114.369,0,normal,0,nominal
2026-01-01 07:02:00,1,75.28,3.752,23.636,1,1,1433.759,1,143.127,0,normal,0,nominal
2026-01-01 07:02:00,2,67.368,2.869,26.026,1,1,1261.812,1,126.439,0,normal,0,nominal
2026-01-01 07:02:00,3,60.832,2.27,29.033,1,1,1100.538,1,113.42,0,normal,0,nominal
2026-01-01 07:03:00,1,74.881,3.927,23.242,1,1,1426.733,1,144.877,0,normal,0,nominal
2026-01-01 07:03:00,2,66.919,2.681,26.249,1,1,1248.607,1,123.783,0,normal,0,nominal
2026-01-01 07:03:00,3,60.815,2.438,29.054,1,1,1124.753,1,116.277,0,normal,0,nominal
2026-01-01 07:04:00,1,72.97,4.315,23.328,1,1,1444.238,1,150.003,0,normal,0,nominal
2026-01-01 07:04:00,2,66.113,2.522,26.254,1,1,1247.846,1,121.926,0,normal,0,nominal
2026-01-01 07:04:00,3,63.786,2.187,28.882,1,1,1119.49,1,113.189,0,normal,0,nominal
2026-01-01 07:05:00,1,73.045,3.782,23.532,1,1,1439.477,1,143.698,0,normal,0,nominal
2026-01-01 07:05:00,2,67.223,3.153,26.078,1,1,1254.388,1,129.421,0,normal,0,nominal
2026-01-01 07:05:00,3,64.032,2.377,28.724,1,1,1130.092,1,115.78,0,normal,0,nominal
2026-01-01 07:06:00,1,73.895,4.126,23.488,1,1,1427.304,1,147.185,0,normal,0,nominal
2026-01-01 07:06:00,2,67.206,2.739,26.641,1,1,1262.434,1,124.976,0,normal,0,nominal
2026-01-01 07:06:00,3,63.391,2.295,28.773,1,1,1123.199,1,114.578,0,normal,0,nominal
2026-01-01 07:07:00,1,73.815,3.852,23.744,1,1,1410.158,1,143.383,0,normal,0,nominal
2026-01-01 07:07:00,2,66.922,2.888,26.471,1,1,1244.246,1,125.992,0,normal,0,nominal
2026-01-01 07:07:00,3,62.179,2.277,29.149,1,1,1109.685,1,113.85,0,normal,0,nominal
2026-01-01 07:08:00,1,73.594,3.853,23.923,1,1,1430.175,1,144.152,0,normal,0,nominal
2026-01-01 07:08:00,2,66.304,3.054,26.571,1,1,1264.301,1,128.664,0,normal,0,nominal
2026-01-01 07:08:00,3,60.953,2.138,29.103,1,1,1111.61,1,112.326,0,normal,0,nominal
2026-01-01 07:09:00,1,73.745,3.211,24.006,1,1,1428.12,1,136.692,0,normal,0,nominal
2026-01-01 07:09:00,2,66.671,2.657,26.347,1,1,1262.606,1,124.03,0,normal,0,nominal
2026-01-01 07:09:00,3,61.171,2.217,29.13,1,1,1124.89,1,113.74,0,normal,0,nominal
2026-01-01 07:10:00,1,73.9,3.578,24.026,1,1,1432.622,1,141.081,0,normal,0,nominal
2026-01-01 07:10:00,2,66.719,3.192,26.433,1,1,1256.247,1,129.944,0,normal,0,nominal
2026-01-01 07:10:00,3,61.012,2.233,28.875,1,1,1124.238,1,113.896,0,normal,0,nominal
2026-01-01 07:11:00,1,73.755,3.831,24.006,1,1,1436.139,1,144.127,0,normal,0,nominal
2026-01-01 07:11:00,2,66.682,2.891,26.709,1,1,1254.525,1,126.418,0,normal,0,nominal
2026-01-01 07:11:00,3,60.955,2.235,28.814,1,1,1113.709,1,113.525,0,normal,0,nominal
2026-01-01 07:12:00,1,74.343,3.836,24.245,1,1,1438.949,1,144.298,0,normal,0,nominal
2026-01-01 07:12:00,2,65.464,2.854,26.538,1,1,1246.086,1,125.678,0,normal,0,nominal
2026-01-01 07:12:00,3,62.337,2.188,29.2,1,1,1113.143,1,112.961,0,normal,0,nominal
2026-01-01 07:13:00,1,76.078,3.571,24.596,1,1,1420.57,1,140.546,0,normal,0,nominal
2026-01-01 07:13:00,2,65.153,2.716,26.594,1,1,1259.455,1,124.589,0,normal,0,nominal
2026-01-01 07:13:00,3,61.27,2.203,29.066,1,1,1119.608,1,113.379,0,normal,0,nominal
2026-01-01 07:14:00,1,74.193,3.917,24.141,1,1,1415.627,1,144.338,0,normal,0,nominal
2026-01-01 07:14:00,2,66.787,3.045,26.451,1,1,1270.584,1,128.8,0,normal,0,nominal
2026-01-01 07:14:00,3,60.095,2.57,29.451,1,1,1139.425,1,118.355,0,normal,0,nominal
2026-01-01 07:15:00,1,74.048,3.695,24.146,1,1,1428.857,1,142.288,0,normal,0,nominal
2026-01-01 07:15:00,2,66.882,3.033,26.136,1,1,1277.257,1,128.91,0,normal,0,nominal
2026-01-01 07:15:00,3,58.974,2.425,29.309,1,1,1124.847,1,116.136,0,normal,0,nominal
2026-01-01 07:16:00,1,74.405,3.817,24.242,1,1,1417.046,1,143.244,0,normal,0,nominal
2026-01-01 07:16:00,2,66.589,2.663,26.391,1,1,1248.11,1,123.548,0,normal,0,nominal
2026-01-01 07:16:00,3,57.444,2.466,29.455,1,1,1106.523,1,115.905,0,normal,0,nominal
2026-01-01 07:17:00,1,73.896,3.449,23.894,1,1,1434.391,1,139.67,0,normal,0,nominal
2026-01-01 07:17:00,2,65.741,3.361,26.122,1,1,1247.349,1,131.555,0,normal,0,nominal
2026-01-01 07:17:00,3,58.216,2.217,29.368,1,1,1132.072,1,114.019,0,normal,0,nominal
2026-01-01 07:18:00,1,73.098,3.551,23.853,1,1,1419.124,1,140.267,0,normal,0,nominal
2026-01-01 07:18:00,2,65.91,2.969,26.138,1,1,1272.323,1,127.996,0,normal,0,nominal
2026-01-01 07:18:00,3,61.063,2.107,29.391,1,1,1098.4,1,111.475,0,normal,0,nominal
2026-01-01 07:19:00,1,73.703,3.668,23.576,1,1,1408.409,1,141.203,0,normal,0,nominal
2026-01-01 07:19:00,2,67.54,2.974,26.253,1,1,1237.915,1,126.742,0,normal,0,nominal
2026-01-01 07:19:00,3,60.875,2.123,28.702,1,1,1109.258,1,112.064,0,normal,0,nominal
2026-01-01 07:20:00,1,73.53,4.149,23.694,1,1,1391.144,1,146.079,0,normal,0,nominal
2026-01-01 07:20:00,2,66.877,3.138,26.344,1,1,1248.186,1,129.017,0,normal,0,nominal
2026-01-01 07:20:00,3,61.07,2.358,28.66,1,1,1092.959,1,114.15,0,normal,0,nominal
2026-01-01 07:21:00,1,73.114,3.822,23.74,1,1,1409.349,1,143.01,0,normal,0,nominal
2026-01-01 07:21:00,2,66.346,2.725,26.589,1,1,1258.988,1,124.675,0,normal,0,nominal
2026-01-01 07:21:00,3,62.563,2.279,28.728,1,1,1078.061,1,112.675,0,normal,0,nominal
2026-01-01 07:22:00,1,73.209,3.52,24.013,1,1,1410.043,1,139.558,0,normal,0,nominal
2026-01-01 07:22:00,2,66.449,3.139,26.655,1,1,1250.194,1,129.11,0,normal,0,nominal
2026-01-01 07:22:00,3,61.981,2.157,28.615,1,1,1098.605,1,112.056,0,normal,0,nominal
2026-01-01 07:23:00,1,73.901,3.556,23.814,1,1,1421.71,1,140.415,0,normal,0,nominal
2026-01-01 07:23:00,2,66.797,3.374,26.563,1,1,1272.342,1,132.648,0,normal,0,nominal
2026-01-01 07:23:00,3,60.642,2.229,28.564,1,1,1105.077,1,113.127,0,normal,0,nominal
2026-01-01 07:24:00,1,73.167,3.728,23.647,1,1,1402.383,1,141.657,0,normal,0,nominal
2026-01-01 07:24:00,2,66.73,3.483,26.239,1,1,1270.012,1,133.817,0,normal,0,nominal
2026-01-01 07:24:00,3,60.74,2.566,28.456,1,1,1100.69,1,116.838,0,normal,0,nominal
2026-01-01 07:25:00,1,73.017,3.775,23.693,1,1,1428.197,1,143.179,0,normal,0,nominal
2026-01-01 07:25:00,2,66.831,2.978,26.044,1,1,1269.0,1,127.966,0,normal,0,nominal
2026-01-01 07:25:00,3,60.062,2.523,28.465,1,1,1120.361,1,117.086,0,normal,0,nominal
2026-01-01 07:26:00,1,72.509,4.046,23.953,1,1,1424.097,1,146.14,0,normal,0,nominal
2026-01-01 07:26:00,2,65.422,2.665,26.073,1,1,1271.663,1,124.465,0,normal,0,nominal
2026-01-01 07:26:00,3,60.746,2.266,28.624,1,1,1118.518,1,114.064,0,normal,0,nominal
2026-01-01 07:27:00,1,73.395,3.794,23.677,1,1,1421.409,1,143.145,0,normal,0,nominal
2026-01-01 07:27:00,2,65.463,3.103,26.192,1,1,1262.569,1,129.164,0,normal,0,nominal
2026-01-01 07:27:00,3,61.21,2.247,28.658,1,1,1116.806,1,113.782,0,normal,0,nominal
2026-01-01 07:28:00,1,74.303,3.931,23.521,1,1,1426.572,1,144.918,0,normal,0,nominal
2026-01-01 07:28:00,2,65.91,2.615,26.141,1,1,1236.499,1,122.562,0,normal,0,nominal
2026-01-01 07:28:00,3,61.128,2.498,28.672,1,1,1119.683,1,116.776,0,normal,0,nominal
2026-01-01 07:29:00,1,74.594,3.55,23.532,1,1,1419.373,1,140.264,0,normal,0,nominal
2026-01-01 07:29:00,2,66.247,2.57,26.216,1,1,1250.05,1,122.551,0,normal,0,nominal
2026-01-01 07:29:00,3,61.589,2.353,28.64,1,1,1107.842,1,114.653,0,normal,0,nominal
2026-01-01 07:30:00,1,73.994,3.89,23.649,1,1,1439.522,1,144.939,0,normal,0,nominal
2026-01-01 07:30:00,2,69.074,2.477,26.53,1,1,1258.808,1,121.824,0,normal,0,nominal
2026-01-01 07:30:00,3,61.209,2.072,28.506,1,1,1114.731,1,111.683,0,normal,0,nominal
2026-01-01 07:31:00,1,73.635,4.071,23.926,1,1,1445.153,1,147.235,0,normal,0,nominal
2026-01-01 07:31:00,2,67.796,2.502,26.537,1,1,1254.063,1,121.928,0,normal,0,nominal
2026-01-01 07:31:00,3,60.321,2.303,28.9,1,1,1121.43,1,114.598,0,normal,0,nominal
2026-01-01 07:32:00,1,73.923,3.787,23.73,1,1,1430.74,1,143.423,0,normal,0,nominal
2026-01-01 07:32:00,2,67.923,2.499,26.343,1,1,1247.436,1,121.642,0,normal,0,nominal
2026-01-01 07:32:00,3,61.028,2.584,28.624,1,1,1134.195,1,118.321,0,normal,0,nominal
2026-01-01 07:33:00,1,74.052,3.646,24.092,1,1,1453.563,1,142.661,0,normal,0,nominal
2026-01-01 07:33:00,2,68.192,2.648,26.209,1,1,1265.178,1,124.03,0,normal,0,nominal
2026-01-01 07:33:00,3,60.85,2.394,28.705,1,1,1128.721,1,115.927,0,normal,0,nominal
2026-01-01 07:34:00,1,72.94,3.538,23.996,1,1,1431.439,1,140.586,0,normal,0,nominal
2026-01-01 07:34:00,2,68.389,3.135,26.085,1,1,1252.614,1,129.148,0,normal,0,nominal
2026-01-01 07:34:00,3,61.088,2.398,28.865,1,1,1127.718,1,115.927,0,normal,0,nominal
2026-01-01 07:35:00,1,72.91,3.456,23.941,1,1,1429.425,1,139.558,0,normal,0,nominal
2026-01-01 07:35:00,2,68.225,3.488,26.124,1,1,1253.611,1,133.252,0,normal,0,nominal
2026-01-01 07:35:00,3,59.343,2.547,29.001,1,1,1133.136,1,117.853,0,normal,0,nominal
2026-01-01 07:36:00,1,73.554,3.796,23.958,1,1,1449.328,1,144.234,0,normal,0,nominal
2026-01-01 07:36:00,2,67.475,3.531,26.386,1,1,1264.347,1,134.155,0,normal,0,nominal
2026-01-01 07:36:00,3,59.859,2.488,28.856,1,1,1130.692,1,117.08,0,normal,0,nominal
2026-01-01 07:37:00,1,73.715,3.642,24.172,1,1,1438.918,1,142.062,0,normal,0,nominal
2026-01-01 07:37:00,2,67.16,3.417,26.493,1,1,1255.973,1,132.521,0,normal,0,nominal
2026-01-01 07:37:00,3,59.338,2.289,28.831,1,1,1140.354,1,115.151,0,normal,0,nominal
2026-01-01 07:38:00,1,72.83,3.554,24.144,1,1,1432.18,1,140.789,0,normal,0,nominal
2026-01-01 07:38:00,2,65.556,2.79,26.653,1,1,1253.527,1,125.223,0,normal,0,nominal
2026-01-01 07:38:00,3,59.685,2.22,28.794,1,1,1135.222,1,114.164,0,normal,0,nominal
2026-01-01 07:39:00,1,73.033,3.496,24.463,1,1,1418.804,1,139.623,0,normal,0,nominal
2026-01-01 07:39:00,2,66.971,3.184,26.503,1,1,1247.326,1,129.518,0,normal,0,nominal
2026-01-01 07:39:00,3,59.048,2.281,29.271,1,1,1137.941,1,114.97,0,normal,0,nominal
2026-01-01 07:40:00,1,73.459,3.53,24.573,1,1,1411.638,1,139.738,0,normal,0,nominal
2026-01-01 07:40:00,2,66.849,3.287,26.351,1,1,1231.425,1,130.09,0,normal,0,nominal
2026-01-01 07:40:00,3,58.969,2.443,29.423,1,1,1123.385,1,116.284,0,normal,0,nominal
2026-01-01 07:41:00,1,75.125,3.419,24.184,1,1,1421.2,1,138.825,0,normal,0,nominal
2026-01-01 07:41:00,2,66.954,2.39,26.633,1,1,1252.792,1,120.59,0,normal,0,nominal
2026-01-01 07:41:00,3,60.579,2.581,29.093,1,1,1147.779,1,118.798,0,normal,0,nominal
2026-01-01 07:42:00,1,74.422,3.241,24.019,1,1,1434.056,1,137.268,0,normal,0,nominal
2026-01-01 07:42:00,2,69.283,2.593,26.594,1,1,1263.471,1,123.335,0,normal,0,nominal
2026-01-01 07:42:00,3,60.681,2.324,28.92,1,1,1139.115,1,115.518,0,normal,0,nominal
2026-01-01 07:43:00,1,74.029,3.577,23.933,1,1,1440.792,1,141.386,0,normal,0,nominal
2026-01-01 07:43:00,2,68.173,2.895,26.567,1,1,1278.542,1,127.38,0,normal,0,nominal
2026-01-01 07:43:00,3,62.411,2.201,28.853,1,1,1141.342,1,114.18,0,normal,0,nominal
2026-01-01 07:44:00,1,74.269,3.692,23.819,1,1,1412.652,1,141.634,0,normal,0,nominal
2026-01-01 07:44:00,2,68.071,2.89,26.596,1,1,1267.118,1,126.89,0,normal,0,nominal
2026-01-01 07:44:00,3,61.908,2.171,28.657,1,1,1132.56,1,113.501,0,normal,0,nominal
2026-01-01 07:45:00,1,73.415,3.518,23.899,1,1,1420.94,1,139.952,0,normal,0,nominal
2026-01-01 07:45:00,2,67.288,2.517,26.714,1,1,1260.909,1,122.366,0,normal,0,nominal
2026-01-01 07:45:00,3,61.261,2.273,28.646,1,1,1118.567,1,114.144,0,normal,0,nominal
2026-01-01 07:46:00,1,73.972,3.528,23.514,1,1,1449.806,1,141.159,0,normal,0,nominal
2026-01-01 07:46:00,2,67.67,2.528,26.783,1,1,1261.461,1,122.507,0,normal,0,nominal
2026-01-01 07:46:00,3,61.118,2.177,28.603,1,1,1128.042,1,113.401,0,normal,0,nominal
2026-01-01 07:47:00,1,74.118,3.283,23.665,1,1,1438.474,1,137.918,0,normal,0,nominal
2026-01-01 07:47:00,2,67.094,2.74,27.227,1,1,1256.719,1,124.763,0,normal,0,nominal
2026-01-01 07:47:00,3,61.926,2.251,28.878,1,1,1124.924,1,114.131,0,normal,0,nominal
2026-01-01 07:48:00,1,73.88,3.311,23.645,1,1,1437.551,1,138.206,0,normal,0,nominal
2026-01-01 07:48:00,2,65.516,3.119,26.994,1,1,1248.815,1,128.823,0,normal,0,nominal
2026-01-01 07:48:00,3,62.064,2.442,29.108,1,1,1139.978,1,116.9,0,normal,0,nominal
2026-01-01 07:49:00,1,73.786,3.719,23.564,1,1,1421.911,1,142.307,0,normal,0,nominal
2026-01-01 07:49:00,2,66.527,3.252,26.531,1,1,1238.941,1,129.976,0,normal,0,nominal
2026-01-01 07:49:00,3,61.839,2.445,29.122,1,1,1137.342,1,116.839,0,normal,0,nominal
2026-01-01 07:50:00,1,74.027,3.756,23.654,1,1,1405.658,1,142.108,0,normal,0,nominal
2026-01-01 07:50:00,2,66.467,3.054,26.39,1,1,1245.716,1,127.953,0,normal,0,nominal
2026-01-01 07:50:00,3,61.52,2.541,29.075,1,1,1135.935,1,117.889,0,normal,0,nominal
2026-01-01 07:51:00,1,73.681,3.341,23.843,1,1,1416.644,1,137.757,0,normal,0,nominal
2026-01-01 07:51:00,2,67.08,3.017,26.147,1,1,1233.182,1,127.059,0,normal,0,nominal
2026-01-01 07:51:00,3,59.634,2.569,29.219,1,1,1118.9,1,117.564,0,normal,0,nominal
2026-01-01 07:52:00,1,73.582,3.411,23.747,1,1,1414.472,1,138.475,0,normal,0,nominal
2026-01-01 07:52:00,2,68.286,3.383,26.509,1,1,1232.783,1,131.255,0,normal,0,nominal
2026-01-01 07:52:00,3,59.655,2.657,29.249,1,1,1120.379,1,118.634,0,normal,0,nominal
2026-01-01 07:53:00,1,73.789,3.361,23.746,1,1,1420.324,1,138.123,0,normal,0,nominal
2026-01-01 07:53:00,2,67.924,3.208,26.877,1,1,1226.522,1,128.999,0,normal,0,nominal
2026-01-01 07:53:00,3,60.676,2.31,29.469,1,1,1115.381,1,114.451,0,normal,0,nominal
2026-01-01 07:54:00,1,74.758,3.809,23.632,1,1,1404.575,1,142.678,0,normal,0,nominal
2026-01-01 07:54:00,2,67.807,3.057,26.634,1,1,1226.785,1,127.271,0,normal,0,nominal
2026-01-01 07:54:00,3,60.565,2.316,29.332,1,1,1127.636,1,114.986,0,normal,0,nominal
2026-01-01 07:55:00,1,74.403,3.443,23.431,1,1,1418.849,1,139.006,0,normal,0,nominal
2026-01-01 07:55:00,2,65.538,2.937,26.473,1,1,1242.52,1,126.487,0,normal,0,nominal
2026-01-01 07:55:00,3,61.84,2.542,28.707,1,1,1106.953,1,116.793,0,normal,0,nominal
2026-01-01 07:56:00,1,73.161,3.836,23.646,1,1,1446.199,1,144.567,0,normal,0,nominal
2026-01-01 07:56:00,2,65.644,2.959,26.357,1,1,1265.066,1,127.603,0,normal,0,nominal
2026-01-01 07:56:00,3,61.36,2.289,29.025,1,1,1108.296,1,113.942,0,normal,0,nominal
2026-01-01 07:57:00,1,73.985,3.652,23.859,1,1,1442.121,1,142.298,0,normal,0,nominal
2026-01-01 07:57:00,2,64.408,2.897,26.259,1,1,1261.975,1,126.767,0,normal,0,nominal
2026-01-01 07:57:00,3,60.544,2.297,28.652,1,1,1117.763,1,114.393,0,normal,0,nominal
2026-01-01 07:58:00,1,72.937,3.856,23.883,1,1,1429.991,1,144.185,0,normal,0,nominal
2026-01-01 07:58:00,2,64.923,2.997,26.13,1,1,1251.665,1,127.531,0,normal,0,nominal
2026-01-01 07:58:00,3,58.595,2.441,29.061,1,1,1113.884,1,115.902,0,normal,0,nominal
2026-01-01 07:59:00,1,73.697,3.668,24.221,1,1,1413.223,1,141.382,0,normal,0,nominal
2026-01-01 07:59:00,2,66.218,3.373,26.212,1,1,1264.58,1,132.341,0,normal,0,nominal
2026-01-01 07:59:00,3,53.741,2.411,29.094,1,1,1116.599,1,115.658,0,normal,0,nominal
2026-01-01 06:00:00,1,74.332,3.949,23.974,1,1,1444.337,1,145.803,0,normal,0,nominal
2026-01-01 06:00:00,2,67.802,2.894,26.245,1,1,1252.044,1,126.363,0,normal,0,nominal
2026-01-01 06:00:00,3,60.505,2.294,28.829,1,1,1101.25,1,113.725,0,normal,0,nominal
2026-01-01 06:01:00,1,73.95,3.866,23.61,1,1,1440.02,1,144.68,0,normal,0,nominal
2026-01-01 06:01:00,2,67.24,2.773,26.307,1,1,1255.768,1,125.108,0,normal,0,nominal
2026-01-01 06:01:00,3,61.329,2.144,28.835,1,1,1101.068,1,111.996,0,normal,0,nominal
2026-01-01 06:02:00,1,73.307,3.401,23.683,1,1,1424.103,1,138.727,0,normal,0,nominal
2026-01-01 06:02:00,2,67.244,3.288,26.013,1,1,1243.933,1,130.584,0,normal,0,nominal
2026-01-01 06:02:00,3,62.217,2.188,28.965,1,1,1105.949,1,112.684,0,normal,0,nominal
2026-01-01 06:03:00,1,74.603,3.726,23.904,1,1,1413.417,1,142.061,0,normal,0,nominal
2026-01-01 06:03:00,2,67.742,2.625,26.05,1,1,1236.11,1,122.662,0,normal,0,nominal
2026-01-01 06:03:00,3,62.805,2.23,28.778,1,1,1125.57,1,113.922,0,normal,0,nominal
2026-01-01 06:04:00,1,75.986,4.114,24.001,1,1,1418.119,1,146.696,0,normal,0,nominal
2026-01-01 06:04:00,2,67.344,2.958,25.702,1,1,1239.483,1,126.615,0,normal,0,nominal
2026-01-01 06:04:00,3,61.094,2.339,28.341,1,1,1121.959,1,115.028,0,normal,0,nominal
2026-01-01 06:05:00,1,76.395,3.617,23.959,1,1,1402.523,1,140.393,0,normal,0,nominal
2026-01-01 06:05:00,2,67.362,2.906,26.0,1,1,1222.247,1,125.359,0,normal,0,nominal
2026-01-01 06:05:00,3,61.291,2.173,28.536,1,1,1104.169,1,112.45,0,normal,0,nominal
2026-01-01 06:06:00,1,75.176,3.483,23.761,1,1,1416.251,1,139.374,0,normal,0,nominal
2026-01-01 06:06:00,2,66.818,2.784,26.124,1,1,1235.167,1,124.45,0,normal,0,nominal
2026-01-01 06:06:00,3,62.386,2.304,28.591,1,1,1085.241,1,113.24,0,normal,0,nominal
2026-01-01 06:07:00,1,75.466,3.691,23.7,1,1,1406.95,1,141.416,0,normal,0,nominal
2026-01-01 06:07:00,2,67.91,2.831,26.402,1,1,1241.556,1,125.24,0,normal,0,nominal
2026-01-01 06:07:00,3,61.656,2.179,29.081,1,1,1114.122,1,112.892,0,normal,0,nominal
2026-01-01 06:08:00,1,74.678,3.3,23.553,1,1,1420.377,1,137.424,0,normal,0,nominal
2026-01-01 06:08:00,2,67.721,2.866,26.339,1,1,1231.069,1,125.235,0,normal,0,nominal
2026-01-01 06:08:00,3,60.73,1.978,29.11,1,1,1111.375,1,110.476,0,normal,0,nominal
2026-01-01 06:09:00,1,74.296,3.395,23.681,1,1,1409.725,1,138.113,0,normal,0,nominal
2026-01-01 06:09:00,2,67.224,2.23,26.438,1,1,1252.011,1,118.725,0,normal,0,nominal
2026-01-01 06:09:00,3,61.14,2.214,29.171,1,1,1121.205,1,113.567,0,normal,0,nominal
2026-01-01 06:10:00,1,74.513,3.239,23.614,1,1,1401.798,1,136.015,0,normal,0,nominal
2026-01-01 06:10:00,2,66.459,2.493,25.984,1,1,1256.745,1,121.928,0,normal,0,nominal
2026-01-01 06:10:00,3,61.685,2.058,28.696,1,1,1120.523,1,111.751,0,normal,0,nominal
2026-01-01 06:11:00,1,73.354,3.54,23.765,1,1,1422.616,1,140.264,0,normal,0,nominal
2026-01-01 06:11:00,2,67.403,2.686,25.974,1,1,1250.467,1,123.903,0,normal,0,nominal
2026-01-01 06:11:00,3,60.401,2.048,28.75,1,1,1117.614,1,111.523,0,normal,0,nominal
2026-01-01 06:12:00,1,73.163,3.461,23.428,1,1,1448.488,1,140.342,0,normal,0,nominal
2026-01-01 06:12:00,2,66.985,2.899,26.32,1,1,1247.535,1,126.248,0,normal,0,nominal
2026-01-01 06:12:00,3,59.97,2.145,28.813,1,1,1125.848,1,112.955,0,normal,0,nominal
2026-01-01 06:13:00,1,68.839,3.241,23.736,1,1,1450.284,1,137.879,0,normal,0,nominal
2026-01-01 06:13:00,2,65.212,2.334,26.509,1,1,1233.26,1,119.21,0,normal,0,nominal
2026-01-01 06:13:00,3,60.33,2.426,28.694,1,1,1131.241,1,116.391,0,normal,0,nominal
2026-01-01 06:14:00,1,69.805,3.278,23.577,1,1,1428.063,1,137.458,0,normal,0,nominal
2026-01-01 06:14:00,2,65.623,2.406,26.155,1,1,1249.578,1,120.654,0,normal,0,nominal
2026-01-01 06:14:00,3,60.987,2.386,28.614,1,1,1114.159,1,115.276,0,normal,0,nominal
2026-01-01 06:15:00,1,72.501,3.264,23.874,1,1,1448.563,1,138.079,0,normal,0,nominal
2026-01-01 06:15:00,2,66.428,2.658,26.41,1,1,1270.76,1,124.361,0,normal,0,nominal
2026-01-01 06:15:00,3,61.063,2.07,28.649,1,1,1102.597,1,111.203,0,normal,0,nominal
2026-01-01 06:16:00,1,71.939,3.568,23.622,1,1,1450.176,1,141.638,0,normal,0,nominal
2026-01-01 06:16:00,2,65.849,2.864,26.436,1,1,1263.39,1,126.439,0,normal,0,nominal
2026-01-01 06:16:00,3,61.537,2.351,28.922,1,1,1097.995,1,114.257,0,normal,0,nominal
2026-01-01 06:17:00,1,72.359,3.493,23.747,1,1,1444.176,1,140.549,0,normal,0,nominal
2026-01-01 06:17:00,2,66.666,3.192,26.076,1,1,1249.699,1,129.694,0,normal,0,nominal
2026-01-01 06:17:00,3,61.981,2.44,28.796,1,1,1110.28,1,115.748,0,normal,0,nominal
2026-01-01 06:18:00,1,73.392,3.904,23.852,1,1,1445.546,1,145.324,0,normal,0,nominal
2026-01-01 06:18:00,2,67.781,2.839,26.461,1,1,1214.713,1,124.309,0,normal,0,nominal
2026-01-01 06:18:00,3,60.529,2.452,28.696,1,1,1087.966,1,115.046,0,normal,0,nominal
2026-01-01 06:19:00,1,72.327,4.024,23.878,1,1,1447.804,1,146.795,0,normal,0,nominal
2026-01-01 06:19:00,2,66.839,2.691,26.737,1,1,1235.948,1,123.409,0,normal,0,nominal
2026-01-01 06:19:00,3,60.532,2.378,28.896,1,1,1096.886,1,114.533,0,normal,0,nominal
2026-01-01 06:20:00,1,74.096,3.906,23.898,1,1,1425.396,1,144.588,0,normal,0,nominal
2026-01-01 06:20:00,2,67.192,2.763,26.538,1,1,1243.266,1,124.517,0,normal,0,nominal
2026-01-01 06:20:00,3,60.881,2.259,28.628,1,1,1095.772,1,113.113,0,normal,0,nominal
2026-01-01 06:21:00,1,74.422,3.437,23.668,1,1,1400.186,1,138.234,0,normal,0,nominal
2026-01-01 06:21:00,2,67.1,2.898,26.346,1,1,1234.19,1,125.731,0,normal,0,nominal
2026-01-01 06:21:00,3,61.414,2.396,28.594,1,1,1093.664,1,114.61,0,normal,0,nominal
2026-01-01 06:22:00,1,73.488,3.601,24.05,1,1,1387.147,1,139.617,0,normal,0,nominal
2026-01-01 06:22:00,2,67.012,2.989,25.638,1,1,1252.732,1,127.478,0,normal,0,nominal
2026-01-01 06:22:00,3,61.422,2.442,28.439,1,1,1122.202,1,116.221,0,normal,0,nominal
2026-01-01 06:23:00,1,74.405,3.224,23.9,1,1,1422.907,1,136.649,0,normal,0,nominal
2026-01-01 06:23:00,2,67.561,2.51,25.916,1,1,1261.523,1,122.298,0,normal,0,nominal
2026-01-01 06:23:00,3,62.012,2.6,28.657,1,1,1105.292,1,117.401,0,normal,0,nominal
2026-01-01 06:24:00,1,72.55,3.403,24.11,1,1,1432.955,1,139.091,0,normal,0,nominal
2026-01-01 06:24:00,2,68.487,3.092,25.666,1,1,1262.516,1,129.038,0,normal,0,nominal
2026-01-01 06:24:00,3,61.847,2.603,28.688,1,1,1106.174,1,117.463,0,normal,0,nominal
2026-01-01 06:25:00,1,73.358,3.56,24.227,1,1,1433.427,1,140.913,0,normal,0,nominal
2026-01-01 06:25:00,2,68.188,2.996,25.688,1,1,1267.138,1,128.102,0,normal,0,nominal
2026-01-01 06:25:00,3,60.876,2.476,28.819,1,1,1114.678,1,116.332,0,normal,0,nominal
2026-01-01 06:26:00,1,74.097,3.199,24.256,1,1,1433.125,1,136.753,0,normal,0,nominal
2026-01-01 06:26:00,2,68.067,2.698,25.691,1,1,1248.818,1,123.985,0,normal,0,nominal
2026-01-01 06:26:00,3,62.288,2.371,28.971,1,1,1104.088,1,114.723,0,normal,0,nominal
2026-01-01 06:27:00,1,74.022,3.314,24.279,1,1,1441.536,1,138.386,0,normal,0,nominal
2026-01-01 06:27:00,2,68.144,2.938,25.744,1,1,1255.772,1,127.003,0,normal,0,nominal
2026-01-01 06:27:00,3,60.938,2.417,28.947,1,1,1120.697,1,115.88,0,normal,0,nominal
2026-01-01 06:28:00,1,74.305,3.234,23.933,1,1,1439.934,1,137.41,0,normal,0,nominal
2026-01-01 06:28:00,2,67.12,3.014,25.736,1,1,1249.048,1,127.628,0,normal,0,nominal
2026-01-01 06:28:00,3,62.866,2.618,29.162,1,1,1105.357,1,117.607,0,normal,0,nominal
2026-01-01 06:29:00,1,73.97,3.263,23.927,1,1,1421.697,1,137.049,0,normal,0,nominal
2026-01-01 06:29:00,2,67.242,2.694,25.927,1,1,1254.108,1,124.139,0,normal,0,nominal
2026-01-01 06:29:00,3,61.991,2.61,28.824,1,1,1090.167,1,116.941,0,normal,0,nominal
2026-01-01 06:30:00,1,73.054,3.459,23.908,1,1,1421.359,1,139.295,0,normal,0,nominal
2026-01-01 06:30:00,2,66.642,2.816,26.082,1,1,1231.996,1,124.702,0,normal,0,nominal
2026-01-01 06:30:00,3,60.935,2.592,28.981,1,1,1120.379,1,117.886,0,normal,0,nominal
2026-01-01 06:31:00,1,73.879,3.519,23.823,1,1,1413.621,1,139.687,0,normal,0,nominal
2026-01-01 06:31:00,2,66.459,1.985,26.303,1,1,1246.936,1,115.709,0,normal,0,nominal
2026-01-01 06:31:00,3,60.14,2.62,28.976,1,1,1092.3,1,117.133,0,normal,0,nominal
2026-01-01 06:32:00,1,72.437,3.711,24.339,1,1,1411.444,1,141.817,0,normal,0,nominal
2026-01-01 06:32:00,2,67.502,2.742,26.353,1,1,1254.746,1,124.717,0,normal,0,nominal
2026-01-01 06:32:00,3,58.845,2.497,29.117,1,1,1110.941,1,116.427,0,normal,0,nominal
2026-01-01 06:33:00,1,73.036,3.47,24.07,1,1,1420.728,1,139.396,0,normal,0,nominal
2026-01-01 06:33:00,2,66.59,2.87,26.634,1,1,1242.699,1,125.732,0,normal,0,nominal
2026-01-01 06:33:00,3,59.225,2.526,29.106,1,1,1095.172,1,116.166,0,normal,0,nominal
2026-01-01 06:34:00,1,73.037,3.724,23.643,1,1,1426.481,1,142.53,0,normal,0,nominal
2026-01-01 06:34:00,2,66.426,3.096,26.37,1,1,1260.574,1,129.011,0,normal,0,nominal
2026-01-01 06:34:00,3,59.723,2.323,29.022,1,1,1080.458,1,113.271,0,normal,0,nominal
2026-01-01 06:35:00,1,75.054,3.85,23.617,1,1,1416.501,1,143.601,0,normal,0,nominal
2026-01-01 06:35:00,2,66.501,3.083,26.277,1,1,1241.18,1,128.12,0,normal,0,nominal
2026-01-01 06:35:00,3,61.158,2.337,28.904,1,1,1109.978,1,114.549,0,normal,0,nominal
2026-01-01 06:36:00,1,75.108,3.806,23.751,1,1,1421.72,1,143.291,0,normal,0,nominal
2026-01-01 06:36:00,2,67.328,2.765,26.071,1,1,1236.141,1,124.274,0,normal,0,nominal
2026-01-01 06:36:00,3,60.648,2.486,28.832,1,1,1107.437,1,116.17,0,normal,0,nominal
2026-01-01 06:37:00,1,75.066,3.372,23.694,1,1,1432.18,1,138.703,0,normal,0,nominal
2026-01-01 06:37:00,2,67.269,2.465,26.202,1,1,1263.293,1,121.852,0,normal,0,nominal
2026-01-01 06:37:00,3,59.577,2.584,28.818,1,1,1104.991,1,117.206,0,normal,0,nominal
2026-01-01 06:38:00,1,73.981,3.544,23.66,1,1,1424.865,1,140.4,0,normal,0,nominal
2026-01-01 06:38:00,2,67.472,3.261,26.618,1,1,1259.778,1,130.873,0,normal,0,nominal
2026-01-01 06:38:00,3,58.712,2.368,28.619,1,1,1095.03,1,114.349,0,normal,0,nominal
2026-01-01 06:39:00,1,73.077,3.472,23.605,1,1,1414.859,1,139.196,0,normal,0,nominal
2026-01-01 06:39:00,2,68.036,2.961,26.739,1,1,1227.496,1,126.2,0,normal,0,nominal
2026-01-01 06:39:00,3,60.044,2.156,28.73,1,1,1112.522,1,112.567,0,normal,0,nominal
2026-01-01 06:40:00,1,73.13,3.806,23.789,1,1,1436.27,1,143.85,0,normal,0,nominal
2026-01-01 06:40:00,2,67.77,3.095,27.002,1,1,1241.682,1,128.276,0,normal,0,nominal
2026-01-01 06:40:00,3,62.29,2.058,28.704,1,1,1131.116,1,112.144,0,normal,0,nominal
2026-01-01 06:41:00,1,73.121,3.696,23.873,1,1,1427.528,1,142.247,0,normal,0,nominal
2026-01-01 06:41:00,2,66.859,3.17,27.086,1,1,1252.958,1,129.565,0,normal,0,nominal
2026-01-01 06:41:00,3,63.598,2.163,28.705,1,1,1109.718,1,112.54,0,normal,0,nominal
2026-01-01 06:42:00,1,72.895,3.37,24.085,1,1,1412.883,1,137.95,0,normal,0,nominal
2026-01-01 06:42:00,2,66.76,3.239,26.617,1,1,1234.415,1,129.656,0,normal,0,nominal
2026-01-01 06:42:00,3,63.468,2.077,28.76,1,1,1108.965,1,111.53,0,normal,0,nominal
2026-01-01 06:43:00,1,73.368,3.663,24.116,1,1,1421.395,1,141.637,0,normal,0,nominal
2026-01-01 06:43:00,2,67.37,3.18,26.308,1,1,1227.591,1,128.719,0,normal,0,nominal
2026-01-01 06:43:00,3,61.54,2.136,28.67,1,1,1107.077,1,112.129,0,normal,0,nominal
2026-01-01 06:44:00,1,72.968,3.738,23.842,1,1,1420.666,1,142.471,0,normal,0,nominal
2026-01-01 06:44:00,2,66.799,3.152,26.202,1,1,1239.93,1,128.871,0,normal,0,nominal
2026-01-01 06:44:00,3,62.749,2.317,28.725,1,1,1123.041,1,114.819,0,normal,0,nominal
2026-01-01 06:45:00,1,73.967,3.951,23.43,1,1,1427.877,1,145.197,0,normal,0,nominal
2026-01-01 06:45:00,2,67.518,3.137,26.492,1,1,1257.399,1,129.353,0,normal,0,nominal
2026-01-01 06:45:00,3,62.773,2.141,28.731,1,1,1124.604,1,112.853,0,normal,0,nominal
2026-01-01 06:46:00,1,73.499,4.002,23.557,1,1,1434.582,1,146.034,0,normal,0,nominal
2026-01-01 06:46:00,2,66.43,3.219,26.804,1,1,1242.524,1,129.739,0,normal,0,nominal
2026-01-01 06:46:00,3,61.778,2.34,29.04,1,1,1117.603,1,114.881,0,normal,0,nominal
2026-01-01 06:47:00,1,75.259,3.937,23.598,1,1,1423.833,1,144.887,0,normal,0,nominal
2026-01-01 06:47:00,2,66.432,3.058,26.645,1,1,1233.68,1,127.549,0,normal,0,nominal
2026-01-01 06:47:00,3,61.141,2.56,29.236,1,1,1119.389,1,117.476,0,normal,0,nominal
2026-01-01 06:48:00,1,74.857,3.539,23.944,1,1,1421.863,1,140.23,0,normal,0,nominal
2026-01-01 06:48:00,2,66.895,2.36,26.728,1,1,1246.763,1,120.013,0,normal,0,nominal
2026-01-01 06:48:00,3,61.079,2.534,28.791,1,1,1116.676,1,117.076,0,normal,0,nominal
2026-01-01 06:49:00,1,74.878,3.689,23.887,1,1,1415.467,1,141.715,0,normal,0,nominal
2026-01-01 06:49:00,2,66.935,2.814,26.639,1,1,1230.987,1,124.635,0,normal,0,nominal
2026-01-01 06:49:00,3,62.097,2.036,28.764,1,1,1115.315,1,111.299,0,normal,0,nominal
2026-01-01 06:50:00,1,75.573,3.813,23.861,1,1,1438.131,1,144.003,0,normal,0,nominal
2026-01-01 06:50:00,2,66.922,2.931,26.81,1,1,1225.225,1,125.77,0,normal,0,nominal
2026-01-01 06:50:00,3,62.667,1.886,28.738,1,1,1101.014,1,109.033,0,normal,0,nominal
2026-01-01 06:51:00,1,74.49,3.765,24.023,1,1,1430.911,1,143.172,0,normal,0,nominal
2026-01-01 06:51:00,2,68.552,2.145,26.987,1,1,1258.711,1,118.0,0,normal,0,nominal
2026-01-01 06:51:00,3,62.801,2.1,28.961,1,1,1101.597,1,111.515,0,normal,0,nominal
2026-01-01 06:52:00,1,74.33,3.564,24.143,1,1,1413.362,1,140.196,0,normal,0,nominal
2026-01-01 06:52:00,2,68.014,2.778,27.15,1,1,1257.679,1,125.24,0,normal,0,nominal
2026-01-01 06:52:00,3,62.073,2.222,29.235,1,1,1120.79,1,113.64,0,normal,0,nominal
2026-01-01 06:53:00,1,69.391,3.598,24.154,1,1,1417.431,1,140.741,0,normal,0,nominal
2026-01-01 06:53:00,2,66.813,2.559,26.779,1,1,1295.033,1,124.139,0,normal,0,nominal
2026-01-01 06:53:00,3,61.75,2.176,29.4,1,1,1131.595,1,113.525,0,normal,0,nominal
2026-01-01 06:54:00,1,71.085,3.792,24.521,1,1,1414.22,1,142.851,0,normal,0,nominal
2026-01-01 06:54:00,2,67.196,2.233,26.814,1,1,1261.75,1,119.123,0,normal,0,nominal
2026-01-01 06:54:00,3,62.217,2.34,29.087,1,1,1117.602,1,114.879,0,normal,0,nominal
2026-01-01 06:55:00,1,71.949,3.5,24.165,1,1,1409.62,1,139.313,0,normal,0,nominal
2026-01-01 06:55:00,2,67.123,2.514,26.535,1,1,1274.309,1,122.833,0,normal,0,nominal
2026-01-01 06:55:00,3,62.169,2.546,28.803,1,1,1133.668,1,117.854,0,normal,0,nominal
2026-01-01 06:56:00,1,74.028,3.519,24.122,1,1,1425.576,1,140.135,0,normal,0,nominal
2026-01-01 06:56:00,2,67.845,2.683,26.793,1,1,1259.815,1,124.232,0,normal,0,nominal
2026-01-01 06:56:00,3,62.35,2.262,28.71,1,1,1137.069,1,114.724,0,normal,0,nominal
2026-01-01 06:57:00,1,72.683,3.582,23.865,1,1,1423.391,1,140.786,0,normal,0,nominal
2026-01-01 06:57:00,2,67.661,2.765,26.447,1,1,1267.643,1,125.462,0,normal,0,nominal
2026-01-01 06:57:00,3,61.4,2.14,28.457,1,1,1118.958,1,112.626,0,normal,0,nominal
2026-01-01 06:58:00,1,74.376,3.966,24.335,1,1,1419.561,1,145.055,0,normal,0,nominal
2026-01-01 06:58:00,2,68.307,3.138,26.734,1,1,1264.265,1,129.626,0,normal,0,nominal
2026-01-01 06:58:00,3,61.481,2.253,28.474,1,1,1124.602,1,114.149,0,normal,0,nominal
2026-01-01 06:59:00,1,72.7,4.291,24.098,1,1,1417.918,1,148.726,0,normal,0,nominal
2026-01-01 06:59:00,2,67.546,2.972,26.707,1,1,1257.014,1,127.44,0,normal,0,nominal
2026-01-01 06:59:00,3,61.852,2.273,28.923,1,1,1103.878,1,113.585,0,normal,0,nominal
2026-01-01 07:00:00,1,73.881,3.969,24.237,1,1,1411.682,1,144.783,0,normal,0,nominal
2026-01-01 07:00:00,2,67.106,3.162,26.754,1,1,1244.282,1,129.142,0,normal,0,nominal
2026-01-01 07:00:00,3,61.641,2.312,28.897,1,1,1104.81,1,114.065,0,normal,0,nominal
2026-01-01 07:01:00,1,72.322,3.344,24.036,1,1,1407.067,1,137.422,0,normal,0,nominal
2026-01-01 07:01:00,2,67.142,3.186,26.611,1,1,1243.89,1,129.405,0,normal,0,nominal
2026-01-01 07:01:00,3,61.506,2.309,28.772,1,1,1113.309,1,114.36,0,normal,0,nominal
2026-01-01 07:02:00,1,73.4,3.346,24.096,1,1,1440.36,1,138.713,0,normal,0,nominal
2026-01-01 07:02:00,2,68.349,2.861,26.401,1,1,1247.315,1,125.798,0,normal,0,nominal
2026-01-01 07:02:00,3,61.019,2.293,28.479,1,1,1117.626,1,114.345,0,normal,0,nominal
2026-01-01 07:03:00,1,75.276,3.394,23.692,1,1,1438.016,1,139.174,0,normal,0,nominal
2026-01-01 07:03:00,2,68.321,2.942,26.129,1,1,1254.194,1,126.997,0,normal,0,nominal
2026-01-01 07:03:00,3,60.826,2.288,28.734,1,1,1120.362,1,114.388,0,normal,0,nominal
2026-01-01 07:04:00,1,75.361,3.75,24.11,1,1,1441.919,1,143.415,0,normal,0,nominal
2026-01-01 07:04:00,2,68.343,3.332,26.441,1,1,1266.199,1,131.936,0,normal,0,nominal
2026-01-01 07:04:00,3,59.873,2.456,28.739,1,1,1144.845,1,117.249,0,normal,0,nominal
2026-01-01 07:05:00,1,74.49,3.489,23.595,1,1,1430.235,1,139.977,0,normal,0,nominal
2026-01-01 07:05:00,2,66.739,3.077,26.235,1,1,1253.751,1,128.534,0,normal,0,nominal
2026-01-01 07:05:00,3,60.802,2.522,29.207,1,1,1131.145,1,117.486,0,normal,0,nominal
2026-01-01 07:06:00,1,74.56,3.12,23.832,1,1,1427.719,1,135.629,0,normal,0,nominal
2026-01-01 07:06:00,2,66.255,3.007,26.012,1,1,1273.364,1,128.47,0,normal,0,nominal
2026-01-01 07:06:00,3,61.357,2.332,29.472,1,1,1114.217,1,114.659,0,normal,0,nominal
2026-01-01 07:07:00,1,75.387,3.39,23.972,1,1,1414.028,1,138.221,0,normal,0,nominal
2026-01-01 07:07:00,2,65.946,3.411,26.356,1,1,1279.108,1,133.332,0,normal,0,nominal
2026-01-01 07:07:00,3,60.921,2.203,29.166,1,1,1107.358,1,112.912,0,normal,0,nominal
2026-01-01 07:08:00,1,73.215,3.684,23.784,1,1,1424.9,1,142.013,0,normal,0,nominal
2026-01-01 07:08:00,2,67.282,3.099,26.139,1,1,1263.165,1,129.137,0,normal,0,nominal
2026-01-01 07:08:00,3,60.104,2.254,29.123,1,1,1106.649,1,113.479,0,normal,0,nominal
2026-01-01 07:09:00,1,72.059,3.759,23.828,1,1,1429.34,1,143.038,0,normal,0,nominal
2026-01-01 07:09:00,2,67.823,2.836,26.212,1,1,1262.657,1,126.1,0,normal,0,nominal
2026-01-01 07:09:00,3,60.879,2.194,29.195,1,1,1100.605,1,112.555,0,normal,0,nominal
2026-01-01 07:10:00,1,72.84,3.929,23.471,1,1,1427.165,1,144.917,0,normal,0,nominal
2026-01-01 07:10:00,2,66.686,2.72,26.286,1,1,1239.417,1,123.875,0,normal,0,nominal
2026-01-01 07:10:00,3,60.567,2.345,28.726,1,1,1111.4,1,114.702,0,normal,0,nominal
2026-01-01 07:11:00,1,74.078,3.629,23.728,1,1,1432.038,1,141.65,0,normal,0,nominal
2026-01-01 07:11:00,2,67.247,2.997,26.281,1,1,1232.998,1,126.825,0,normal,0,nominal
2026-01-01 07:11:00,3,61.594,2.5,29.031,1,1,1104.655,1,116.227,0,normal,0,nominal
2026-01-01 07:12:00,1,73.234,4.063,23.804,1,1,1412.92,1,145.912,0,normal,0,nominal
2026-01-01 07:12:00,2,67.19,3.036,26.249,1,1,1217.71,1,126.688,0,normal,0,nominal
2026-01-01 07:12:00,3,61.754,2.51,29.635,1,1,1097.166,1,116.063,0,normal,0,nominal
2026-01-01 07:13:00,1,73.675,4.157,23.408,1,1,1425.213,1,147.459,0,normal,0,nominal
2026-01-01 07:13:00,2,67.219,2.998,26.038,1,1,1217.737,1,126.25,0,normal,0,nominal
2026-01-01 07:13:00,3,60.592,2.469,29.589,1,1,1102.939,1,115.809,0,normal,0,nominal
2026-01-01 07:14:00,1,72.236,3.874,23.408,1,1,1423.804,1,144.16,0,normal,0,nominal
2026-01-01 07:14:00,2,67.149,3.295,26.506,1,1,1218.641,1,129.704,0,normal,0,nominal
2026-01-01 07:14:00,3,60.155,2.397,29.408,1,1,1109.885,1,115.238,0,normal,0,nominal
2026-01-01 07:15:00,1,74.168,3.728,23.508,1,1,1431.444,1,142.772,0,normal,0,nominal
2026-01-01 07:15:00,2,68.696,3.417,26.44,1,1,1234.405,1,131.702,0,normal,0,nominal
2026-01-01 07:15:00,3,60.557,2.333,29.137,1,1,1119.889,1,114.88,0,normal,0,nominal
2026-01-01 07:16:00,1,73.375,4.049,23.695,1,1,1426.875,1,146.284,0,normal,0,nominal
2026-01-01 07:16:00,2,68.359,3.22,26.526,1,1,1246.791,1,129.905,0,normal,0,nominal
2026-01-01 07:16:00,3,61.846,2.24,28.952,1,1,1120.97,1,113.853,0,normal,0,nominal
2026-01-01 07:17:00,1,74.415,4.247,23.636,1,1,1437.004,1,148.943,0,normal,0,nominal
2026-01-01 07:17:00,2,70.838,3.56,26.231,1,1,1253.791,1,134.08,0,normal,0,nominal
2026-01-01 07:17:00,3,60.986,2.238,28.988,1,1,1112.364,1,113.502,0,normal,0,nominal
2026-01-01 07:18:00,1,73.731,3.508,24.011,1,1,1452.598,1,141.037,0,normal,0,nominal
2026-01-01 07:18:00,2,68.659,3.577,26.261,1,1,1245.928,1,133.977,0,normal,0,nominal
2026-01-01 07:18:00,3,60.68,2.581,28.381,1,1,1088.733,1,116.548,0,normal,0,nominal
2026-01-01 07:19:00,1,74.378,3.384,23.885,1,1,1421.878,1,138.447,0,normal,0,nominal
2026-01-01 07:19:00,2,67.973,3.282,26.352,1,1,1253.521,1,130.873,0,normal,0,nominal
2026-01-01 07:19:00,3,60.701,2.404,28.401,1,1,1092.37,1,114.657,0,normal,0,nominal
2026-01-01 07:20:00,1,74.143,3.755,23.74,1,1,1401.511,1,141.937,0,normal,0,nominal
2026-01-01 07:20:00,2,68.232,3.35,26.63,1,1,1251.189,1,131.573,0,normal,0,nominal
2026-01-01 07:20:00,3,61.136,2.175,28.721,1,1,1110.429,1,112.71,0,normal,0,nominal
2026-01-01 07:21:00,1,73.824,3.931,23.74,1,1,1418.68,1,144.612,0,normal,0,nominal
2026-01-01 07:21:00,2,67.286,4.115,26.73,1,1,1263.454,1,140.835,0,normal,0,nominal
2026-01-01 07:21:00,3,61.565,2.268,28.829,1,1,1102.756,1,113.492,0,normal,0,nominal
2026-01-01 07:22:00,1,73.772,3.545,23.797,1,1,1442.838,1,141.09,0,normal,0,nominal
2026-01-01 07:22:00,2,65.489,3.147,26.75,1,1,1229.093,1,128.399,0,normal,0,nominal
2026-01-01 07:22:00,3,61.841,2.407,29.043,1,1,1112.902,1,115.47,0,normal,0,nominal
2026-01-01 07:23:00,1,73.846,3.571,24.152,1,1,1420.052,1,140.525,0,normal,0,nominal
2026-01-01 07:23:00,2,66.917,3.333,26.807,1,1,1256.087,1,131.559,0,normal,0,nominal
2026-01-01 07:23:00,3,63.359,2.362,29.053,1,1,1100.999,1,114.499,0,normal,0,nominal
2026-01-01 07:24:00,1,73.071,3.314,23.981,1,1,1412.481,1,137.288,0,normal,0,nominal
2026-01-01 07:24:00,2,67.342,2.835,26.85,1,1,1254.159,1,125.755,0,normal,0,nominal
2026-01-01 07:24:00,3,62.189,2.456,29.08,1,1,1108.508,1,115.862,0,normal,0,nominal
2026-01-01 07:25:00,1,74.072,3.494,23.775,1,1,1421.592,1,139.697,0,normal,0,nominal
2026-01-01 07:25:00,2,67.783,2.999,26.705,1,1,1269.245,1,128.216,0,normal,0,nominal
2026-01-01 07:25:00,3,61.695,2.142,28.865,1,1,1117.134,1,112.578,0,normal,0,nominal
2026-01-01 07:26:00,1,73.391,3.684,24.226,1,1,1440.255,1,142.593,0,normal,0,nominal
2026-01-01 07:26:00,2,63.793,3.27,26.375,1,1,1259.962,1,130.987,0,normal,0,nominal
2026-01-01 07:26:00,3,62.087,2.15,28.573,1,1,1132.203,1,113.247,0,normal,0,nominal
2026-01-01 07:27:00,1,74.607,3.804,23.993,1,1,1429.99,1,143.587,0,normal,0,nominal
2026-01-01 07:27:00,2,64.913,3.167,26.236,1,1,1276.252,1,130.421,0,normal,0,nominal
2026-01-01 07:27:00,3,60.891,2.448,28.702,1,1,1138.701,1,116.922,0,normal,0,nominal
2026-01-01 07:28:00,1,75.173,3.76,23.929,1,1,1421.086,1,142.746,0,normal,0,nominal
2026-01-01 07:28:00,2,66.382,2.91,26.213,1,1,1277.404,1,127.51,0,normal,0,nominal
2026-01-01 07:28:00,3,60.958,2.61,28.733,1,1,1155.186,1,119.409,0,normal,0,nominal
2026-01-01 07:29:00,1,73.661,3.667,24.181,1,1,1404.493,1,141.041,0,normal,0,nominal
2026-01-01 07:29:00,2,69.43,2.277,26.396,1,1,1266.183,1,119.796,0,normal,0,nominal
2026-01-01 07:29:00,3,61.571,2.68,28.774,1,1,1118.212,1,118.808,0,normal,0,nominal
2026-01-01 07:30:00,1,73.761,3.776,24.27,1,1,1414.286,1,142.666,0,normal,0,nominal
2026-01-01 07:30:00,2,67.372,2.557,26.277,1,1,1299.327,1,124.28,0,normal,0,nominal
2026-01-01 07:30:00,3,62.131,2.889,28.693,1,1,1107.623,1,120.808,0,normal,0,nominal
2026-01-01 07:31:00,1,74.221,4.079,23.942,1,1,1406.299,1,145.847,0,normal,0,nominal
2026-01-01 07:31:00,2,67.916,3.336,26.281,1,1,1285.218,1,132.697,0,normal,0,nominal
2026-01-01 07:31:00,3,61.577,2.673,28.831,1,1,1112.686,1,118.521,0,normal,0,nominal
2026-01-01 07:32:00,1,74.98,4.003,23.815,1,1,1416.73,1,145.373,0,normal,0,nominal
2026-01-01 07:32:00,2,67.659,2.796,26.659,1,1,1264.523,1,125.709,0,normal,0,nominal
2026-01-01 07:32:00,3,61.73,2.698,28.589,1,1,1123.581,1,119.22,0,normal,0,nominal
2026-01-01 07:33:00,1,74.304,3.861,23.923,1,1,1417.082,1,143.747,0,normal,0,nominal
2026-01-01 07:33:00,2,67.399,2.877,26.539,1,1,1270.169,1,126.852,0,normal,0,nominal
2026-01-01 07:33:00,3,60.947,2.683,28.575,1,1,1103.374,1,118.287,0,normal,0,nominal
2026-01-01 07:34:00,1,72.792,3.9,23.73,1,1,1424.285,1,144.473,0,normal,0,nominal
2026-01-01 07:34:00,2,66.891,3.143,26.681,1,1,1251.559,1,129.201,0,normal,0,nominal
2026-01-01 07:34:00,3,61.408,2.671,28.838,1,1,1117.827,1,118.699,0,normal,0,nominal
2026-01-01 07:35:00,1,72.982,3.649,23.803,1,1,1421.506,1,141.482,0,normal,0,nominal
2026-01-01 07:35:00,2,67.174,3.586,26.602,1,1,1246.457,1,134.101,0,normal,0,nominal
2026-01-01 07:35:00,3,59.791,2.273,28.656,1,1,1110.412,1,113.834,0,normal,0,nominal
2026-01-01 07:36:00,1,73.369,3.463,24.033,1,1,1429.593,1,139.655,0,normal,0,nominal
2026-01-01 07:36:00,2,67.38,3.648,26.774,1,1,1243.173,1,134.694,0,normal,0,nominal
2026-01-01 07:36:00,3,59.792,2.475,28.712,1,1,1116.971,1,116.412,0,normal,0,nominal
2026-01-01 07:37:00,1,73.5,3.499,24.026,1,1,1416.217,1,139.553,0,normal,0,nominal
2026-01-01 07:37:00,2,66.574,3.402,26.657,1,1,1236.426,1,131.606,0,normal,0,nominal
2026-01-01 07:37:00,3,61.321,2.399,28.958,1,1,1134.357,1,116.189,0,normal,0,nominal
2026-01-01 07:38:00,1,75.183,3.738,24.339,1,1,1419.602,1,142.429,0,normal,0,nominal
2026-01-01 07:38:00,2,67.119,3.441,26.776,1,1,1248.26,1,132.511,0,normal,0,nominal
2026-01-01 07:38:00,3,61.092,2.611,29.05,1,1,1124.704,1,118.261,0,normal,0,nominal
2026-01-01 07:39:00,1,74.794,3.763,24.18,1,1,1427.601,1,143.023,0,normal,0,nominal
2026-01-01 07:39:00,2,63.787,3.009,26.505,1,1,1264.889,1,128.17,0,normal,0,nominal
2026-01-01 07:39:00,3,60.757,2.41,28.818,1,1,1136.125,1,116.387,0,normal,0,nominal
2026-01-01 07:40:00,1,73.304,3.813,24.26,1,1,1425.574,1,143.521,0,normal,0,nominal
2026-01-01 07:40:00,2,64.689,2.963,26.381,1,1,1262.587,1,127.556,0,normal,0,nominal
2026-01-01 07:40:00,3,60.373,2.347,28.687,1,1,1160.937,1,116.602,0,normal,0,nominal
2026-01-01 07:41:00,1,73.122,3.598,24.196,1,1,1453.413,1,142.104,0,normal,0,nominal
2026-01-01 07:41:00,2,66.118,1.821,26.265,1,1,1271.768,1,114.77,0,normal,0,nominal
2026-01-01 07:41:00,3,60.35,2.519,28.631,1,1,1137.692,1,117.698,0,normal,0,nominal
2026-01-01 07:42:00,1,73.049,3.79,24.098,1,1,1425.039,1,143.241,0,normal,0,nominal
2026-01-01 07:42:00,2,66.374,2.251,26.388,1,1,1269.972,1,119.649,0,normal,0,nominal
2026-01-01 07:42:00,3,61.557,2.682,28.864,1,1,1124.505,1,119.072,0,normal,0,nominal
2026-01-01 07:43:00,1,73.178,3.983,23.924,1,1,1417.429,1,145.172,0,normal,0,nominal
2026-01-01 07:43:00,2,67.093,2.469,26.34,1,1,1278.325,1,122.464,0,normal,0,nominal
2026-01-01 07:43:00,3,62.551,3.136,28.981,1,1,1139.17,1,124.847,0,normal,0,nominal
2026-01-01 07:44:00,1,75.341,4.228,23.912,1,1,1416.127,1,147.936,0,normal,0,nominal
2026-01-01 07:44:00,2,67.604,2.785,26.628,1,1,1255.378,1,125.231,0,normal,0,nominal
2026-01-01 07:44:00,3,62.577,2.368,28.834,1,1,1113.299,1,115.035,0,normal,0,nominal
2026-01-01 07:45:00,1,73.935,3.975,23.719,1,1,1404.462,1,144.585,0,normal,0,nominal
2026-01-01 07:45:00,2,67.081,2.874,26.406,1,1,1252.333,1,126.136,0,normal,0,nominal
2026-01-01 07:45:00,3,62.153,2.459,29.279,1,1,1147.125,1,117.365,0,normal,0,nominal
2026-01-01 07:46:00,1,73.609,3.515,23.783,1,1,1421.445,1,139.938,0,normal,0,nominal
2026-01-01 07:46:00,2,66.43,3.237,26.167,1,1,1263.543,1,130.744,0,normal,0,nominal
2026-01-01 07:46:00,3,62.359,2.371,29.386,1,1,1133.781,1,115.855,0,normal,0,nominal
2026-01-01 07:47:00,1,73.049,4.192,23.912,1,1,1412.115,1,147.372,0,normal,0,nominal
2026-01-01 07:47:00,2,67.114,3.486,26.191,1,1,1257.312,1,133.369,0,normal,0,nominal
2026-01-01 07:47:00,3,62.86,2.199,29.189,1,1,1136.605,1,113.974,0,normal,0,nominal
2026-01-01 07:48:00,1,73.09,4.003,24.292,1,1,1434.568,1,146.045,0,normal,0,nominal
2026-01-01 07:48:00,2,67.46,3.356,26.094,1,1,1248.599,1,131.541,0,normal,0,nominal
2026-01-01 07:48:00,3,62.699,2.306,29.064,1,1,1128.144,1,114.891,0,normal,0,nominal
2026-01-01 07:49:00,1,73.884,4.048,24.104,1,1,1447.301,1,147.046,0,normal,0,nominal
2026-01-01 07:49:00,2,66.856,3.427,26.26,1,1,1237.769,1,131.944,0,normal,0,nominal
2026-01-01 07:49:00,3,62.444,2.455,29.209,1,1,1112.922,1,116.023,0,normal,0,nominal
2026-01-01 07:50:00,1,74.809,3.983,23.855,1,1,1451.374,1,146.462,0,normal,0,nominal
2026-01-01 07:50:00,2,66.977,3.042,26.679,1,1,1235.524,1,127.43,0,normal,0,nominal
2026-01-01 07:50:00,3,60.636,2.576,29.042,1,1,1105.575,1,117.133,0,normal,0,nominal
2026-01-01 07:51:00,1,75.09,4.207,23.965,1,1,1443.236,1,148.718,0,normal,0,nominal
2026-01-01 07:51:00,2,67.392,3.386,26.525,1,1,1260.017,1,132.317,0,normal,0,nominal
2026-01-01 07:51:00,3,60.21,2.696,28.838,1,1,1133.435,1,119.578,0,normal,0,nominal
2026-01-01 07:52:00,1,75.246,3.953,23.937,1,1,1453.498,1,146.197,0,normal,0,nominal
2026-01-01 07:52:00,2,67.405,3.537,26.742,1,1,1260.04,1,134.055,0,normal,0,nominal
2026-01-01 07:52:00,3,62.564,2.756,28.785,1,1,1121.828,1,119.826,0,normal,0,nominal
2026-01-01 07:53:00,1,74.404,3.677,23.906,1,1,1448.607,1,142.836,0,normal,0,nominal
2026-01-01 07:53:00,2,66.868,3.034,26.657,1,1,1265.502,1,128.478,0,normal,0,nominal
2026-01-01 07:53:00,3,60.727,2.497,29.121,1,1,1107.782,1,116.316,0,normal,0,nominal
2026-01-01 07:54:00,1,74.947,4.111,23.825,1,1,1455.478,1,148.083,0,normal,0,nominal
2026-01-01 07:54:00,2,65.982,3.689,26.416,1,1,1230.723,1,134.696,0,normal,0,nominal
2026-01-01 07:54:00,3,60.882,2.299,28.686,1,1,1133.377,1,115.008,0,normal,0,nominal
2026-01-01 07:55:00,1,75.277,4.229,23.79,1,1,1434.329,1,148.634,0,normal,0,nominal
2026-01-01 07:55:00,2,66.876,3.258,26.411,1,1,1255.56,1,130.683,0,normal,0,nominal
2026-01-01 07:55:00,3,61.565,2.298,28.799,1,1,1129.776,1,114.86,0,normal,0,nominal
2026-01-01 07:56:00,1,78.49,3.899,24.041,1,1,1432.194,1,144.757,0,normal,0,nominal
2026-01-01 07:56:00,2,69.612,3.134,26.347,1,1,1238.968,1,128.621,0,normal,0,nominal
2026-01-01 07:56:00,3,61.45,2.239,28.804,1,1,1111.644,1,113.49,0,normal,0,nominal
2026-01-01 07:57:00,1,74.292,3.8,23.835,1,1,1444.823,1,144.102,0,normal,0,nominal
2026-01-01 07:57:00,2,68.846,3.407,26.018,1,1,1263.424,1,132.696,0,normal,0,nominal
2026-01-01 07:57:00,3,62.237,2.388,28.352,1,1,1133.533,1,116.035,0,normal,0,nominal
2026-01-01 07:58:00,1,74.265,3.787,23.915,1,1,1432.823,1,143.5,0,normal,0,nominal
2026-01-01 07:58:00,2,68.446,3.265,26.053,1,1,1273.972,1,131.457,0,normal,0,nominal
2026-01-01 07:58:00,3,60.812,2.403,28.585,1,1,1114.728,1,115.491,0,normal,0,nominal
2026-01-01 07:59:00,1,73.679,3.725,24.106,1,1,1436.351,1,142.92,0,normal,0,nominal
2026-01-01 07:59:00,2,67.377,2.787,26.381,1,1,1276.137,1,126.044,0,normal,0,nominal
2026-01-01 07:59:00,3,63.57,2.274,28.641,1,1,1112.799,1,113.933,0,normal,0,nominal
2026-01-01 06:00:00,1,73.022,3.743,23.827,1,1,1447.525,1,143.553,0,normal,0,nominal
2026-01-01 06:00:00,2,66.815,2.737,26.05,1,1,1247.958,1,124.395,0,normal,0,nominal
2026-01-01 06:00:00,3,63.975,2.087,29.108,1,1,1119.587,1,112.046,0,normal,0,nominal
2026-01-01 06:01:00,1,72.967,3.803,23.692,1,1,1422.509,1,143.289,0,normal,0,nominal
2026-01-01 06:01:00,2,66.723,2.678,26.177,1,1,1214.946,1,122.465,0,normal,0,nominal
2026-01-01 06:01:00,3,62.464,2.141,29.083,1,1,1115.669,1,112.516,0,normal,0,nominal
2026-01-01 06:02:00,1,73.168,3.91,23.846,1,1,1415.606,1,144.259,0,normal,0,nominal
2026-01-01 06:02:00,2,66.632,2.817,25.864,1,1,1220.642,1,124.275,0,normal,0,nominal
2026-01-01 06:02:00,3,61.986,2.387,29.188,1,1,1116.807,1,115.391,0,normal,0,nominal
2026-01-01 06:03:00,1,72.986,3.538,23.877,1,1,1412.998,1,139.883,0,normal,0,nominal
2026-01-01 06:03:00,2,66.15,3.116,26.256,1,1,1248.744,1,128.788,0,normal,0,nominal
2026-01-01 06:03:00,3,62.393,2.61,29.232,1,1,1110.044,1,117.699,0,normal,0,nominal
2026-01-01 06:04:00,1,73.444,3.756,23.736,1,1,1412.053,1,142.356,0,normal,0,nominal
2026-01-01 06:04:00,2,66.148,3.043,26.029,1,1,1231.401,1,127.285,0,normal,0,nominal
2026-01-01 06:04:00,3,60.97,2.46,29.041,1,1,1111.298,1,116.024,0,normal,0,nominal
2026-01-01 06:05:00,1,73.333,3.858,23.929,1,1,1422.95,1,143.936,0,normal,0,nominal
2026-01-01 06:05:00,2,65.457,3.319,26.035,1,1,1232.75,1,130.514,0,normal,0,nominal
2026-01-01 06:05:00,3,61.935,2.249,28.878,1,1,1108.888,1,113.503,0,normal,0,nominal
2026-01-01 06:06:00,1,72.829,3.794,23.631,1,1,1429.746,1,143.464,0,normal,0,nominal
2026-01-01 06:06:00,2,65.748,3.11,25.617,1,1,1252.73,1,128.867,0,normal,0,nominal
2026-01-01 06:06:00,3,61.607,2.263,28.768,1,1,1109.445,1,113.688,0,normal,0,nominal
2026-01-01 06:07:00,1,74.02,3.862,23.902,1,1,1424.899,1,144.063,0,normal,0,nominal
2026-01-01 06:07:00,2,65.567,3.123,25.533,1,1,1257.67,1,129.21,0,normal,0,nominal
2026-01-01 06:07:00,3,61.056,2.089,28.502,1,1,1089.369,1,110.924,0,normal,0,nominal
2026-01-01 06:08:00,1,74.08,4.049,23.738,1,1,1407.244,1,145.535,0,normal,0,nominal
2026-01-01 06:08:00,2,66.61,2.722,25.965,1,1,1225.115,1,123.354,0,normal,0,nominal
2026-01-01 06:08:00,3,61.96,1.96,28.636,1,1,1098.22,1,109.769,0,normal,0,nominal
2026-01-01 06:09:00,1,74.241,3.277,23.906,1,1,1413.165,1,136.889,0,normal,0,nominal
2026-01-01 06:09:00,2,67.394,3.094,26.18,1,1,1233.811,1,127.968,0,normal,0,nominal
2026-01-01 06:09:00,3,62.071,2.175,28.7,1,1,1110.253,1,112.697,0,normal,0,nominal
2026-01-01 06:10:00,1,74.791,3.293,23.841,1,1,1398.811,1,136.524,0,normal,0,nominal
2026-01-01 06:10:00,2,66.314,3.18,26.058,1,1,1238.75,1,129.145,0,normal,0,nominal
2026-01-01 06:10:00,3,60.73,2.044,28.788,1,1,1127.032,1,111.837,0,normal,0,nominal
2026-01-01 06:11:00,1,75.217,3.229,24.002,1,1,1415.511,1,136.428,0,normal,0,nominal
2026-01-01 06:11:00,2,67.14,3.106,25.803,1,1,1249.889,1,128.71,0,normal,0,nominal
2026-01-01 06:11:00,3,60.591,2.433,28.54,1,1,1118.933,1,115.998,0,normal,0,nominal
2026-01-01 06:12:00,1,73.965,3.502,23.884,1,1,1404.877,1,139.153,0,normal,0,nominal
2026-01-01 06:12:00,2,65.296,2.99,25.988,1,1,1232.277,1,128.166,0,normal,0,leak_progression
2026-01-01 06:12:00,3,59.471,2.535,29.226,1,1,1107.261,1,116.733,0,normal,0,nominal
2026-01-01 06:13:00,1,75.38,3.737,23.86,1,1,1411.341,1,142.102,0,normal,0,nominal
2026-01-01 06:13:00,2,63.57,3.237,26.245,1,1,1235.033,1,132.693,0,normal,0,leak_progression
2026-01-01 06:13:00,3,60.375,2.478,29.182,1,1,1082.483,1,115.136,0,normal,0,nominal
2026-01-01 06:14:00,1,74.673,3.144,23.92,1,1,1431.049,1,136.032,0,normal,0,nominal
2026-01-01 06:14:00,2,63.519,2.821,26.814,1,1,1243.489,1,129.523,0,normal,1,leak_progression
2026-01-01 06:14:00,3,59.696,2.282,29.161,1,1,1078.361,1,112.717,0,normal,0,nominal
2026-01-01 06:15:00,1,74.23,3.449,23.844,1,1,1422.728,1,139.226,0,normal,0,nominal
2026-01-01 06:15:00,2,61.542,2.457,27.096,1,1,1242.562,1,126.481,0,warning,1,leak_progression
2026-01-01 06:15:00,3,58.884,2.06,29.074,1,1,1095.297,1,110.812,0,normal,0,nominal
2026-01-01 06:16:00,1,73.362,3.527,23.609,1,1,1431.653,1,140.462,0,normal,0,nominal
2026-01-01 06:16:00,2,59.862,2.851,27.447,1,1,1230.638,1,132.409,0,warning,1,leak_progression
2026-01-01 06:16:00,3,60.407,2.163,29.135,1,1,1083.87,1,111.557,0,normal,0,nominal
2026-01-01 06:17:00,1,72.798,3.493,23.739,1,1,1438.672,1,140.335,0,normal,0,nominal
2026-01-01 06:17:00,2,57.492,2.509,27.72,1,1,1228.931,1,129.505,0,warning,1,leak_progression
2026-01-01 06:17:00,3,60.917,2.06,28.963,1,1,1100.811,1,111.027,0,normal,0,nominal
2026-01-01 06:18:00,1,72.581,4.063,23.871,1,1,1432.484,1,146.66,0,normal,0,nominal
2026-01-01 06:18:00,2,54.489,2.498,28.271,1,1,1238.572,1,131.214,0,warning,1,leak_progression
2026-01-01 06:18:00,3,60.22,2.246,28.938,1,1,1113.346,1,113.632,0,normal,0,nominal
2026-01-01 06:19:00,1,73.206,3.602,23.909,1,1,1402.832,1,140.236,0,normal,0,nominal
2026-01-01 06:19:00,2,52.796,2.108,28.505,1,1,1251.456,1,128.004,1,warning,1,leak_progression
2026-01-01 06:19:00,3,60.27,2.317,28.979,1,1,1111.406,1,114.384,0,normal,0,nominal
2026-01-01 06:20:00,1,73.414,3.433,23.792,1,1,1429.14,1,139.287,0,normal,0,nominal
2026-01-01 06:20:00,2,49.329,2.542,28.813,1,1,1239.814,1,134.888,1,warning,1,leak_progression
2026-01-01 06:20:00,3,61.134,2.312,28.774,1,1,1095.426,1,113.712,0,normal,0,nominal
2026-01-01 06:21:00,1,73.058,3.346,23.61,1,1,1419.849,1,137.938,0,normal,0,nominal
2026-01-01 06:21:00,2,46.15,2.735,29.506,1,1,1267.372,1,140.187,1,fault,1,leak_progression
2026-01-01 06:21:00,3,62.547,2.451,29.156,1,1,1106.494,1,115.728,0,normal,0,nominal
2026-01-01 06:22:00,1,74.577,3.319,23.495,1,1,1433.915,1,138.161,0,normal,0,nominal
2026-01-01 06:22:00,2,44.76,2.421,29.86,1,1,1280.617,1,137.9,1,fault,1,leak_progression
2026-01-01 06:22:00,3,61.886,2.62,28.847,1,1,1103.246,1,117.555,0,normal,0,nominal
2026-01-01 06:23:00,1,74.37,3.484,23.664,1,1,1428.603,1,139.855,0,normal,0,nominal
2026-01-01 06:23:00,2,43.127,2.098,30.298,1,1,1267.048,1,134.305,1,fault,1,leak_progression
2026-01-01 06:23:00,3,60.83,2.243,29.033,1,1,1099.173,1,113.064,0,normal,0,nominal
2026-01-01 06:24:00,1,73.541,3.734,23.681,1,1,1427.998,1,142.702,0,normal,0,nominal
2026-01-01 06:24:00,2,39.772,1.966,30.702,1,1,1262.38,1,133.707,1,fault,1,leak_progression
2026-01-01 06:24:00,3,61.359,2.448,28.994,1,1,1109.973,1,115.832,0,normal,0,nominal
2026-01-01 06:25:00,1,73.954,3.768,23.948,1,1,1437.86,1,143.47,0,normal,0,nominal
2026-01-01 06:25:00,2,38.36,1.59,30.938,1,1,1241.534,1,128.743,1,fault,1,leak_progression
2026-01-01 06:25:00,3,59.781,2.355,28.741,1,1,1099.156,1,114.351,0,normal,0,nominal
2026-01-01 06:26:00,1,73.402,3.672,23.789,1,1,1447.213,1,142.719,0,normal,0,nominal
2026-01-01 06:26:00,2,37.672,1.547,31.265,1,1,1241.022,1,128.073,1,fault,1,leak_progression
2026-01-01 06:26:00,3,60.663,2.237,28.727,1,1,1104.01,1,113.173,0,normal,0,nominal
2026-01-01 06:27:00,1,72.003,3.8,23.949,1,1,1416.238,1,143.013,0,normal,0,nominal
2026-01-01 06:27:00,2,36.669,1.584,31.328,1,1,1246.756,1,128.841,1,fault,1,leak_progression
2026-01-01 06:27:00,3,60.722,2.391,28.463,1,1,1106.321,1,115.034,0,normal,0,nominal
2026-01-01 06:28:00,1,73.844,3.641,24.067,1,1,1433.021,1,141.825,0,normal,0,nominal
2026-01-01 06:28:00,2,36.656,1.663,31.279,1,1,1253.606,1,130.308,1,fault,1,leak_progression
2026-01-01 06:28:00,3,59.974,2.322,28.638,1,1,1088.866,1,113.576,0,normal,0,nominal
2026-01-01 06:29:00,1,73.805,3.53,24.435,1,1,1426.081,1,140.291,0,normal,0,nominal
2026-01-01 06:29:00,2,35.589,1.397,31.815,1,1,1242.742,1,125.861,1,fault,1,leak_progression
2026-01-01 06:29:00,3,61.216,2.383,28.53,1,1,1103.815,1,114.85,0,normal,0,nominal
2026-01-01 06:30:00,1,73.927,3.367,24.173,1,1,1416.687,1,138.06,0,normal,0,nominal
2026-01-01 06:30:00,2,35.739,1.76,31.592,1,1,1263.07,1,132.122,1,fault,1,leak_progression
2026-01-01 06:30:00,3,60.466,2.037,28.244,1,1,1128.459,1,111.812,0,normal,0,nominal
2026-01-01 06:31:00,1,72.626,3.428,24.207,1,1,1406.677,1,138.372,0,normal,0,nominal
2026-01-01 06:31:00,2,35.373,1.578,31.826,1,1,1250.596,1,128.907,1,fault,1,leak_progression
2026-01-01 06:31:00,3,56.688,2.107,28.443,1,1,1130.962,1,112.709,0,normal,0,nominal
2026-01-01 06:32:00,1,73.981,3.622,23.971,1,1,1423.388,1,141.242,0,normal,0,nominal
2026-01-01 06:32:00,2,36.464,1.508,31.721,1,1,1244.442,1,127.605,1,fault,1,leak_progression
2026-01-01 06:32:00,3,59.427,2.502,28.732,1,1,1114.239,1,116.61,0,normal,0,nominal
2026-01-01 06:33:00,1,74.297,3.726,24.013,1,1,1401.416,1,141.603,0,normal,0,nominal
2026-01-01 06:33:00,2,37.009,1.607,31.803,1,1,1238.664,1,128.881,1,fault,1,leak_progression
2026-01-01 06:33:00,3,60.75,2.263,28.912,1,1,1121.965,1,114.164,0,normal,0,nominal
2026-01-01 06:34:00,1,74.437,4.15,23.735,1,1,1416.46,1,147.045,0,normal,0,nominal
2026-01-01 06:34:00,2,35.765,1.727,31.774,1,1,1242.349,1,130.842,1,fault,1,leak_progression
2026-01-01 06:34:00,3,59.698,2.327,28.436,1,1,1136.056,1,115.43,0,normal,0,nominal
2026-01-01 06:35:00,1,72.921,4.02,23.572,1,1,1419.35,1,145.664,0,normal,0,nominal
2026-01-01 06:35:00,2,35.374,1.794,31.909,1,1,1262.943,1,132.638,1,fault,1,leak_progression
2026-01-01 06:35:00,3,60.83,2.124,28.69,1,1,1102.237,1,111.806,0,normal,0,nominal
2026-01-01 06:36:00,1,72.18,4.016,23.725,1,1,1427.681,1,145.937,0,normal,0,nominal
2026-01-01 06:36:00,2,35.268,2.021,32.06,1,1,1258.655,1,135.916,1,fault,1,leak_progression
2026-01-01 06:36:00,3,60.92,2.18,28.607,1,1,1099.625,1,112.357,0,normal,0,nominal
2026-01-01 06:37:00,1,73.891,3.568,23.774,1,1,1439.465,1,141.229,0,normal,0,nominal
2026-01-01 06:37:00,2,34.357,1.937,31.901,1,1,1267.341,1,134.967,1,fault,1,leak_progression
2026-01-01 06:37:00,3,60.553,2.017,28.662,1,1,1110.554,1,110.896,0,normal,0,nominal
2026-01-01 06:38:00,1,73.77,3.407,23.758,1,1,1417.574,1,138.549,0,normal,0,nominal
2026-01-01 06:38:00,2,34.26,1.714,31.89,1,1,1266.634,1,131.568,1,fault,1,leak_progression
2026-01-01 06:38:00,3,59.499,2.018,29.032,1,1,1117.232,1,111.16,0,normal,0,nominal
2026-01-01 06:39:00,1,73.036,3.555,23.51,1,1,1433.683,1,140.865,0,normal,0,nominal
2026-01-01 06:39:00,2,36.26,1.62,31.533,1,1,1260.432,1,129.915,1,fault,1,leak_progression
2026-01-01 06:39:00,3,61.067,2.065,29.286,1,1,1112.715,1,111.529,0,normal,0,nominal
2026-01-01 06:40:00,1,74.66,3.594,23.629,1,1,1445.434,1,141.758,0,normal,0,nominal
2026-01-01 06:40:00,2,35.174,1.912,31.787,1,1,1267.762,1,134.614,1,fault,1,leak_progression
2026-01-01 06:40:00,3,60.46,2.259,29.014,1,1,1091.485,1,112.951,0,normal,0,nominal
2026-01-01 06:41:00,1,74.004,3.268,23.826,1,1,1413.817,1,136.806,0,normal,0,nominal
2026-01-01 06:41:00,2,35.397,1.494,31.523,1,1,1256.654,1,127.858,1,fault,1,leak_progression
2026-01-01 06:41:00,3,60.443,2.037,28.685,1,1,1098.549,1,110.669,0,normal,0,nominal
2026-01-01 06:42:00,1,74.259,3.137,24.156,1,1,1404.037,1,134.932,0,normal,0,nominal
2026-01-01 06:42:00,2,36.535,1.338,31.309,1,1,1240.677,1,124.893,1,fault,1,leak_progression
2026-01-01 06:42:00,3,60.889,2.052,28.543,1,1,1114.674,1,111.453,0,normal,0,nominal
2026-01-01 06:43:00,1,73.746,3.389,24.342,1,1,1420.334,1,138.446,0,normal,0,nominal
2026-01-01 06:43:00,2,36.036,1.945,31.577,1,1,1231.402,1,133.727,1,fault,1,leak_progression
2026-01-01 06:43:00,3,59.8,2.492,28.394,1,1,1096.603,1,115.83,0,normal,0,nominal
2026-01-01 06:44:00,1,73.263,3.049,24.169,1,1,1408.404,1,134.088,0,normal,0,nominal
2026-01-01 06:44:00,2,36.906,2.098,31.758,1,1,1243.952,1,133.814,1,fault,1,leak_progression
2026-01-01 06:44:00,3,59.988,2.418,28.802,1,1,1113.534,1,115.622,0,normal,0,nominal
2026-01-01 06:45:00,1,74.456,3.721,24.344,1,1,1422.151,1,142.33,0,normal,0,nominal
2026-01-01 06:45:00,2,40.743,1.857,31.563,1,1,1252.188,1,128.12,1,fault,1,leak_progression
2026-01-01 06:45:00,3,59.477,2.49,28.802,1,1,1098.116,1,115.869,0,normal,0,nominal
2026-01-01 06:46:00,1,73.455,3.558,24.129,1,1,1426.437,1,140.621,0,normal,0,nominal
2026-01-01 06:46:00,2,44.367,2.028,30.657,1,1,1279.625,1,129.058,1,warning,1,leak_progression
2026-01-01 06:46:00,3,60.121,2.584,28.615,1,1,1108.903,1,117.349,0,normal,0,nominal
2026-01-01 06:47:00,1,74.249,3.839,24.035,1,1,1425.534,1,143.816,0,normal,0,nominal
2026-01-01 06:47:00,2,47.584,1.949,30.232,1,1,1261.045,1,124.888,0,warning,1,leak_progression
2026-01-01 06:47:00,3,59.93,2.212,29.016,1,1,1117.879,1,113.42,0,normal,0,nominal
2026-01-01 06:48:00,1,73.101,3.691,24.123,1,1,1427.932,1,142.207,0,normal,0,nominal
2026-01-01 06:48:00,2,51.079,2.002,29.697,1,1,1255.896,1,123.027,0,warning,1,leak_progression
2026-01-01 06:48:00,3,60.96,1.941,28.756,1,1,1100.427,1,109.642,0,normal,0,nominal
2026-01-01 06:49:00,1,73.701,3.354,23.883,1,1,1421.188,1,138.075,0,normal,0,nominal
2026-01-01 06:49:00,2,54.803,2.384,29.023,1,1,1244.898,1,125.949,0,warning,1,leak_progression
2026-01-01 06:49:00,3,61.711,2.192,28.411,1,1,1108.71,1,112.841,0,normal,0,nominal
2026-01-01 06:50:00,1,74.484,3.421,24.075,1,1,1412.143,1,138.499,0,normal,0,nominal
2026-01-01 06:50:00,2,56.602,2.911,28.741,1,1,1237.138,1,132.183,0,warning,1,leak_progression
2026-01-01 06:50:00,3,61.237,2.425,28.893,1,1,1124.349,1,116.109,0,normal,0,nominal
2026-01-01 06:51:00,1,74.746,3.844,24.181,1,1,1439.608,1,144.415,0,normal,0,nominal
2026-01-01 06:51:00,2,59.901,2.855,28.718,1,1,1235.19,1,131.416,0,warning,1,leak_progression
2026-01-01 06:51:00,3,61.161,2.401,28.984,1,1,1115.182,1,115.488,0,normal,0,nominal
2026-01-01 06:52:00,1,74.534,3.477,24.318,1,1,1432.977,1,139.944,0,normal,0,nominal
2026-01-01 06:52:00,2,59.693,2.526,28.652,1,1,1257.383,1,128.184,0,warning,1,leak_progression
2026-01-01 06:52:00,3,61.816,2.337,28.881,1,1,1113.155,1,114.674,0,normal,0,nominal
2026-01-01 06:53:00,1,74.966,3.825,24.295,1,1,1417.247,1,143.344,0,normal,0,nominal
2026-01-01 06:53:00,2,57.992,2.721,28.468,1,1,1253.132,1,130.439,0,warning,1,leak_progression
2026-01-01 06:53:00,3,61.719,2.248,28.818,1,1,1104.8,1,113.334,0,normal,0,nominal
2026-01-01 06:54:00,1,73.219,3.726,24.006,1,1,1427.665,1,142.596,0,normal,0,nominal
2026-01-01 06:54:00,2,56.986,2.472,28.583,1,1,1235.976,1,126.696,0,warning,1,leak_progression
2026-01-01 06:54:00,3,60.016,2.3,29.013,1,1,1115.433,1,114.335,0,normal,0,nominal
2026-01-01 06:55:00,1,72.33,3.799,23.864,1,1,1420.081,1,143.157,0,normal,0,nominal
2026-01-01 06:55:00,2,57.683,2.146,28.305,1,1,1252.415,1,123.28,0,warning,1,leak_progression
2026-01-01 06:55:00,3,60.94,1.864,28.87,1,1,1115.482,1,109.319,0,normal,0,nominal
2026-01-01 06:56:00,1,74.07,3.89,24.001,1,1,1440.583,1,144.974,0,normal,0,nominal
2026-01-01 06:56:00,2,57.652,2.274,28.17,1,1,1263.373,1,125.285,0,warning,1,leak_progression
2026-01-01 06:56:00,3,60.679,2.094,29.151,1,1,1109.571,1,111.745,0,normal,0,nominal
2026-01-01 06:57:00,1,75.628,3.523,24.027,1,1,1427.646,1,140.268,0,normal,0,nominal
2026-01-01 06:57:00,2,56.931,1.944,28.571,1,1,1271.6,1,121.508,0,warning,1,leak_progression
2026-01-01 06:57:00,3,61.64,2.147,28.737,1,1,1132.405,1,113.219,0,normal,0,nominal
2026-01-01 06:58:00,1,76.517,3.249,23.628,1,1,1443.105,1,137.701,0,normal,0,nominal
2026-01-01 06:58:00,2,53.921,1.983,28.215,1,1,1259.277,1,121.531,0,warning,1,leak_progression
2026-01-01 06:58:00,3,61.035,2.229,28.523,1,1,1114.879,1,113.503,0,normal,0,nominal
2026-01-01 06:59:00,1,75.679,3.641,23.379,1,1,1433.864,1,141.864,0,normal,0,nominal
2026-01-01 06:59:00,2,56.133,2.359,28.185,1,1,1255.157,1,126.034,0,warning,1,leak_progression
2026-01-01 06:59:00,3,62.11,2.483,28.571,1,1,1119.858,1,116.614,0,normal,0,nominal
2026-01-01 07:00:00,1,75.282,3.528,23.524,1,1,1430.463,1,140.431,0,normal,0,nominal
2026-01-01 07:00:00,2,57.737,2.292,28.431,1,1,1245.69,1,124.839,0,warning,1,leak_progression
2026-01-01 07:00:00,3,62.428,2.232,28.507,1,1,1120.888,1,113.762,0,normal,0,nominal
2026-01-01 07:01:00,1,73.131,3.374,23.482,1,1,1440.786,1,139.055,0,normal,0,nominal
2026-01-01 07:01:00,2,58.388,2.426,28.506,1,1,1243.877,1,126.432,0,warning,1,leak_progression
2026-01-01 07:01:00,3,60.426,2.231,28.548,1,1,1133.233,1,114.218,0,normal,0,nominal
2026-01-01 07:02:00,1,73.751,3.539,23.389,1,1,1444.907,1,141.109,0,normal,0,nominal
2026-01-01 07:02:00,2,58.667,2.437,28.456,1,1,1253.213,1,126.928,0,warning,1,leak_progression
2026-01-01 07:02:00,3,61.382,2.072,28.925,1,1,1130.469,1,112.282,0,normal,0,nominal
2026-01-01 07:03:00,1,73.829,3.694,23.378,1,1,1414.715,1,141.736,0,normal,0,nominal
2026-01-01 07:03:00,2,59.048,2.493,28.401,1,1,1246.635,1,127.363,0,warning,1,leak_progression
2026-01-01 07:03:00,3,60.913,2.159,28.934,1,1,1102.612,1,112.226,0,normal,0,nominal
2026-01-01 07:04:00,1,73.812,3.776,23.414,1,1,1413.06,1,142.619,0,normal,0,nominal
2026-01-01 07:04:00,2,58.033,2.57,28.194,1,1,1240.859,1,128.105,0,warning,1,leak_progression
2026-01-01 07:04:00,3,60.025,2.335,28.769,1,1,1112.684,1,114.638,0,normal,0,nominal
2026-01-01 07:05:00,1,74.651,3.558,23.508,1,1,1396.806,1,139.497,0,normal,0,nominal
2026-01-01 07:05:00,2,58.441,2.317,27.987,1,1,1235.509,1,124.762,0,warning,1,leak_progression
2026-01-01 07:05:00,3,58.997,2.36,28.796,1,1,1121.179,1,115.241,0,normal,0,nominal
2026-01-01 07:06:00,1,74.496,3.513,23.609,1,1,1400.75,1,139.133,0,normal,0,nominal
2026-01-01 07:06:00,2,58.134,2.364,27.764,1,1,1252.787,1,125.995,0,warning,1,leak_progression
2026-01-01 07:06:00,3,59.885,2.276,28.938,1,1,1125.914,1,114.463,0,normal,0,nominal
2026-01-01 07:07:00,1,74.87,3.46,23.645,1,1,1428.473,1,139.577,0,normal,0,nominal
2026-01-01 07:07:00,2,58.826,2.514,28.143,1,1,1245.251,1,127.568,0,warning,1,leak_progression
2026-01-01 07:07:00,3,61.449,2.425,29.062,1,1,1117.321,1,115.844,0,normal,0,nominal
2026-01-01 07:08:00,1,74.411,3.872,23.506,1,1,1445.439,1,144.959,0,normal,0,nominal
2026-01-01 07:08:00,2,57.117,2.417,28.162,1,1,1258.044,1,126.857,0,warning,1,leak_progression
2026-01-01 07:08:00,3,60.429,2.512,29.171,1,1,1115.675,1,116.787,0,normal,0,nominal
2026-01-01 07:09:00,1,74.509,3.616,23.601,1,1,1436.22,1,141.657,0,normal,0,nominal
2026-01-01 07:09:00,2,56.888,2.511,28.314,1,1,1248.156,1,127.643,0,warning,1,leak_progression
2026-01-01 07:09:00,3,60.083,2.454,29.083,1,1,1133.0,1,116.773,0,normal,0,nominal
2026-01-01 07:10:00,1,75.242,3.875,23.73,1,1,1415.272,1,143.84,0,normal,0,nominal
2026-01-01 07:10:00,2,56.256,2.252,28.153,1,1,1230.279,1,123.761,0,warning,1,leak_progression
2026-01-01 07:10:00,3,59.949,2.428,28.874,1,1,1109.293,1,115.576,0,normal,0,nominal
2026-01-01 07:11:00,1,74.05,3.579,24.051,1,1,1425.757,1,140.836,0,normal,0,nominal
2026-01-01 07:11:00,2,57.178,2.563,28.033,1,1,1243.206,1,128.101,0,warning,1,leak_progression
2026-01-01 07:11:00,3,61.609,2.521,28.923,1,1,1109.575,1,116.656,0,normal,0,nominal
2026-01-01 07:12:00,1,71.909,3.855,24.246,1,1,1421.012,1,143.831,0,normal,0,nominal
2026-01-01 07:12:00,2,57.567,2.474,28.272,1,1,1259.37,1,127.61,0,warning,1,leak_progression
2026-01-01 07:12:00,3,60.777,2.058,28.988,1,1,1121.078,1,111.773,0,normal,0,nominal
2026-01-01 07:13:00,1,70.838,3.639,24.184,1,1,1434.91,1,141.88,0,normal,0,nominal
2026-01-01 07:13:00,2,56.99,2.462,28.202,1,1,1256.587,1,127.355,0,warning,1,leak_progression
2026-01-01 07:13:00,3,61.861,2.095,28.796,1,1,1122.81,1,112.262,0,normal,0,nominal
2026-01-01 07:14:00,1,71.297,4.034,24.336,1,1,1436.324,1,146.472,0,normal,0,nominal
2026-01-01 07:14:00,2,57.424,2.484,28.333,1,1,1237.304,1,126.903,0,warning,1,leak_progression
2026-01-01 07:14:00,3,62.705,2.343,28.769,1,1,1098.508,1,114.189,0,normal,0,nominal
2026-01-01 07:15:00,1,72.789,3.667,23.917,1,1,1409.405,1,141.226,0,normal,0,nominal
2026-01-01 07:15:00,2,57.561,2.75,28.63,1,1,1248.064,1,130.599,0,warning,1,leak_progression
2026-01-01 07:15:00,3,62.571,2.365,28.384,1,1,1112.231,1,114.958,0,normal,0,nominal
2026-01-01 07:16:00,1,74.482,3.302,24.169,1,1,1415.569,1,137.27,0,normal,0,nominal
2026-01-01 07:16:00,2,56.381,2.507,28.407,1,1,1245.709,1,127.502,0,warning,1,leak_progression
2026-01-01 07:16:00,3,62.364,2.219,28.65,1,1,1091.796,1,112.505,0,normal,0,nominal
2026-01-01 07:17:00,1,74.087,3.306,23.687,1,1,1419.539,1,137.462,0,normal,0,nominal
2026-01-01 07:17:00,2,56.699,2.505,28.08,1,1,1255.159,1,127.843,0,warning,1,leak_progression
2026-01-01 07:17:00,3,61.407,2.343,28.838,1,1,1102.784,1,114.355,0,normal,0,nominal
2026-01-01 07:18:00,1,73.732,4.119,23.913,1,1,1410.543,1,146.471,0,normal,0,nominal
2026-01-01 07:18:00,2,57.682,2.697,28.015,1,1,1261.662,1,130.466,0,warning,1,leak_progression
2026-01-01 07:18:00,3,60.816,2.3,28.68,1,1,1111.987,1,114.201,0,normal,0,nominal
2026-01-01 07:19:00,1,73.642,3.893,23.678,1,1,1414.734,1,144.033,0,normal,0,nominal
2026-01-01 07:19:00,2,57.11,2.711,28.157,1,1,1265.239,1,130.776,0,warning,1,leak_progression
2026-01-01 07:19:00,3,61.913,2.426,28.919,1,1,1092.49,1,114.912,0,normal,0,nominal
2026-01-01 07:20:00,1,73.51,3.557,23.645,1,1,1416.68,1,140.238,0,normal,0,nominal
2026-01-01 07:20:00,2,57.475,2.446,28.031,1,1,1254.517,1,127.082,0,warning,1,leak_progression
2026-01-01 07:20:00,3,61.829,2.49,28.734,1,1,1106.6,1,116.191,0,normal,0,nominal
2026-01-01 07:21:00,1,74.55,3.87,23.777,1,1,1425.076,1,144.163,0,normal,0,nominal
2026-01-01 07:21:00,2,57.973,2.179,28.035,1,1,1245.039,1,123.413,0,warning,1,leak_progression
2026-01-01 07:21:00,3,60.756,2.345,28.556,1,1,1126.957,1,115.293,0,normal,0,nominal
2026-01-01 07:22:00,1,73.817,3.643,23.782,1,1,1446.554,1,142.362,0,normal,0,nominal
2026-01-01 07:22:00,2,58.048,2.44,27.92,1,1,1259.585,1,127.202,0,warning,1,leak_progression
2026-01-01 07:22:00,3,60.253,2.226,28.738,1,1,1154.342,1,114.969,0,normal,0,nominal
2026-01-01 07:23:00,1,74.429,3.286,24.167,1,1,1432.863,1,137.739,0,normal,0,nominal
2026-01-01 07:23:00,2,58.26,2.571,27.789,1,1,1249.221,1,128.426,0,warning,1,leak_progression
2026-01-01 07:23:00,3,61.448,2.32,28.934,1,1,1140.148,1,115.51,0,normal,0,nominal
2026-01-01 07:24:00,1,74.025,3.131,23.998,1,1,1416.562,1,135.336,0,normal,0,nominal
2026-01-01 07:24:00,2,57.899,2.177,28.046,1,1,1273.889,1,124.484,0,warning,1,leak_progression
2026-01-01 07:24:00,3,60.96,2.096,28.795,1,1,1126.505,1,112.412,0,normal,0,nominal
2026-01-01 07:25:00,1,74.126,3.455,24.064,1,1,1458.871,1,140.666,0,normal,0,nominal
2026-01-01 07:25:00,2,59.058,2.398,28.26,1,1,1268.29,1,127.011,0,warning,1,leak_progression
2026-01-01 07:25:00,3,60.625,2.597,28.561,1,1,1125.975,1,118.156,0,normal,0,nominal
2026-01-01 07:26:00,1,73.294,3.914,24.009,1,1,1426.914,1,144.735,0,normal,0,nominal
2026-01-01 07:26:00,2,59.124,2.484,27.958,1,1,1268.807,1,128.094,0,warning,1,leak_progression
2026-01-01 07:26:00,3,60.003,2.528,28.572,1,1,1119.29,1,117.103,0,normal,0,nominal
2026-01-01 07:27:00,1,73.328,3.659,24.082,1,1,1426.361,1,141.782,0,normal,0,nominal
2026-01-01 07:27:00,2,59.977,2.245,27.831,1,1,1269.342,1,125.161,0,warning,1,leak_progression
2026-01-01 07:27:00,3,61.708,2.331,28.727,1,1,1113.542,1,114.626,0,normal,0,nominal
2026-01-01 07:28:00,1,73.254,3.543,23.955,1,1,1428.715,1,140.535,0,normal,0,nominal
2026-01-01 07:28:00,2,58.523,2.391,27.945,1,1,1232.707,1,125.579,0,warning,1,leak_progression
2026-01-01 07:28:00,3,62.302,2.221,28.646,1,1,1125.929,1,113.831,0,normal,0,nominal
2026-01-01 07:29:00,1,74.091,3.461,23.781,1,1,1420.921,1,139.291,0,normal,0,nominal
2026-01-01 07:29:00,2,58.362,2.29,27.712,1,1,1267.185,1,125.63,0,warning,1,leak_progression
2026-01-01 07:29:00,3,62.079,2.347,29.03,1,1,1100.594,1,114.312,0,normal,0,nominal
2026-01-01 07:30:00,1,74.137,3.515,23.719,1,1,1434.243,1,140.428,0,normal,0,nominal
2026-01-01 07:30:00,2,57.316,2.524,27.778,1,1,1260.41,1,128.279,0,warning,1,leak_progression
2026-01-01 07:30:00,3,61.549,2.476,29.377,1,1,1117.963,1,116.453,0,normal,0,nominal
2026-01-01 07:31:00,1,73.619,3.42,23.482,1,1,1443.183,1,139.666,0,normal,0,nominal
2026-01-01 07:31:00,2,56.667,2.645,27.945,1,1,1230.962,1,128.656,0,warning,1,leak_progression
2026-01-01 07:31:00,3,61.539,2.455,29.033,1,1,1101.91,1,115.61,0,normal,0,nominal
2026-01-01 07:32:00,1,74.695,3.526,23.642,1,1,1436.278,1,140.628,0,normal,0,nominal
2026-01-01 07:32:00,2,57.813,3.119,28.19,1,1,1257.44,1,135.535,0,warning,1,leak_progression
2026-01-01 07:32:00,3,62.126,2.334,28.626,1,1,1080.731,1,113.409,0,normal,0,nominal
2026-01-01 07:33:00,1,73.419,3.583,23.719,1,1,1421.611,1,140.723,0,normal,0,nominal
2026-01-01 07:33:00,2,57.796,2.486,27.948,1,1,1258.614,1,127.729,0,warning,1,leak_progression
2026-01-01 07:33:00,3,61.268,2.501,28.815,1,1,1090.564,1,115.701,0,normal,0,nominal
2026-01-01 07:34:00,1,74.251,3.72,23.642,1,1,1444.902,1,143.181,0,normal,0,nominal
2026-01-01 07:34:00,2,58.843,2.531,27.941,1,1,1246.378,1,127.822,0,warning,1,leak_progression
2026-01-01 07:34:00,3,60.131,2.377,28.978,1,1,1110.773,1,115.043,0,normal,0,nominal
2026-01-01 07:35:00,1,73.783,3.996,23.66,1,1,1457.179,1,146.825,0,normal,0,nominal
2026-01-01 07:35:00,2,57.922,2.152,28.337,1,1,1244.873,1,123.073,0,warning,1,leak_progression
2026-01-01 07:35:00,3,60.499,2.443,28.604,1,1,1104.4,1,115.563,0,normal,0,nominal
2026-01-01 07:36:00,1,72.213,3.635,23.693,1,1,1423.868,1,141.414,0,normal,0,nominal
2026-01-01 07:36:00,2,56.497,1.986,28.594,1,1,1251.22,1,121.254,0,warning,1,leak_progression
2026-01-01 07:36:00,3,62.505,2.373,28.855,1,1,1090.282,1,114.22,0,normal,0,nominal
2026-01-01 07:37:00,1,73.725,3.688,24.291,1,1,1429.405,1,142.231,0,normal,0,nominal
2026-01-01 07:37:00,2,56.658,2.497,28.065,1,1,1248.314,1,127.485,0,warning,1,leak_progression
2026-01-01 07:37:00,3,61.325,2.436,28.673,1,1,1094.966,1,115.119,0,normal,0,nominal
2026-01-01 07:38:00,1,73.584,3.583,24.343,1,1,1444.691,1,141.6,0,normal,0,nominal
2026-01-01 07:38:00,2,56.152,2.291,28.393,1,1,1266.771,1,125.631,0,warning,1,leak_progression
2026-01-01 07:38:00,3,60.294,2.341,29.175,1,1,1104.178,1,114.376,0,normal,0,nominal
2026-01-01 07:39:00,1,72.9,4.094,24.455,1,1,1419.593,1,146.526,0,normal,0,nominal
2026-01-01 07:39:00,2,57.264,2.447,28.537,1,1,1255.38,1,127.13,0,warning,1,leak_progression
2026-01-01 07:39:00,3,59.475,2.626,29.066,1,1,1109.337,1,117.857,0,normal,0,nominal
2026-01-01 07:40:00,1,72.704,3.915,24.093,1,1,1414.62,1,144.272,0,normal,0,nominal
2026-01-01 07:40:00,2,56.065,2.963,28.472,1,1,1269.044,1,134.043,0,warning,1,leak_progression
2026-01-01 07:40:00,3,61.105,2.6,28.725,1,1,1106.595,1,117.45,0,normal,0,nominal
2026-01-01 07:41:00,1,73.187,3.928,24.124,1,1,1397.285,1,143.765,0,normal,0,nominal
2026-01-01 07:41:00,2,55.806,3.08,28.008,1,1,1264.567,1,135.317,0,warning,1,leak_progression
2026-01-01 07:41:00,3,58.926,2.706,28.768,1,1,1119.708,1,119.166,0,normal,0,nominal
2026-01-01 07:42:00,1,74.228,4.038,24.217,1,1,1377.072,1,144.263,0,normal,0,nominal
2026-01-01 07:42:00,2,57.021,2.476,27.884,1,1,1263.636,1,127.807,0,warning,1,leak_progression
2026-01-01 07:42:00,3,60.046,2.423,28.828,1,1,1127.006,1,116.189,0,normal,0,nominal
2026-01-01 07:43:00,1,74.356,4.034,24.458,1,1,1403.325,1,145.223,0,normal,0,nominal
2026-01-01 07:43:00,2,56.942,2.731,28.105,1,1,1265.902,1,131.042,0,warning,1,leak_progression
2026-01-01 07:43:00,3,61.135,2.38,28.679,1,1,1128.845,1,115.772,0,normal,0,nominal
2026-01-01 07:44:00,1,73.212,3.668,24.188,1,1,1425.629,1,141.857,0,normal,0,nominal
2026-01-01 07:44:00,2,57.222,2.453,28.669,1,1,1266.351,1,127.617,0,warning,1,leak_progression
2026-01-01 07:44:00,3,60.097,2.376,28.764,1,1,1111.824,1,115.072,0,normal,0,nominal
2026-01-01 07:45:00,1,72.238,4.105,24.279,1,1,1428.182,1,146.982,0,normal,0,nominal
2026-01-01 07:45:00,2,56.91,2.539,28.454,1,1,1254.229,1,128.222,0,warning,1,leak_progression
2026-01-01 07:45:00,3,61.174,2.285,28.944,1,1,1107.188,1,113.853,0,normal,0,nominal
2026-01-01 07:46:00,1,74.465,4.176,24.433,1,1,1423.534,1,147.617,0,normal,0,nominal
2026-01-01 07:46:00,2,57.689,2.531,28.133,1,1,1248.914,1,127.921,0,warning,1,leak_progression
2026-01-01 07:46:00,3,59.865,2.115,28.796,1,1,1117.891,1,112.297,0,normal,0,nominal
2026-01-01 07:47:00,1,72.944,3.787,24.254,1,1,1400.295,1,142.26,0,normal,0,nominal
2026-01-01 07:47:00,2,56.881,2.486,28.034,1,1,1271.424,1,128.22,0,warning,1,leak_progression
2026-01-01 07:47:00,3,59.923,2.181,29.059,1,1,1122.664,1,113.238,0,normal,0,nominal
2026-01-01 07:48:00,1,71.587,3.738,24.275,1,1,1396.115,1,141.536,0,normal,0,nominal
2026-01-01 07:48:00,2,57.44,2.34,28.072,1,1,1260.889,1,126.009,0,warning,1,leak_progression
2026-01-01 07:48:00,3,60.71,2.466,28.893,1,1,1128.233,1,116.729,0,normal,0,nominal
2026-01-01 07:49:00,1,74.322,3.547,24.391,1,1,1403.695,1,139.632,0,normal,0,nominal
2026-01-01 07:49:00,2,56.43,2.072,28.046,1,1,1262.723,1,122.757,0,warning,1,leak_progression
2026-01-01 07:49:00,3,60.92,2.262,28.617,1,1,1115.728,1,113.91,0,normal,0,nominal
2026-01-01 07:50:00,1,74.533,3.533,24.345,1,1,1432.58,1,140.566,0,normal,0,nominal
2026-01-01 07:50:00,2,57.252,2.331,27.969,1,1,1265.584,1,126.073,0,warning,1,leak_progression
2026-01-01 07:50:00,3,60.595,2.619,28.383,1,1,1120.219,1,118.19,0,normal,0,nominal
2026-01-01 07:51:00,1,74.849,3.555,24.139,1,1,1413.929,1,140.116,0,normal,0,nominal
2026-01-01 07:51:00,2,57.225,2.739,28.127,1,1,1243.994,1,130.319,0,warning,1,leak_progression
2026-01-01 07:51:00,3,60.149,2.372,28.638,1,1,1100.478,1,114.601,0,normal,0,nominal
2026-01-01 07:52:00,1,74.576,3.367,24.053,1,1,1415.187,1,138.002,0,normal,0,nominal
2026-01-01 07:52:00,2,56.999,2.783,28.407,1,1,1255.698,1,131.299,0,warning,1,leak_progression
2026-01-01 07:52:00,3,60.353,2.242,28.578,1,1,1116.549,1,113.708,0,normal,0,nominal
2026-01-01 07:53:00,1,75.983,3.555,24.089,1,1,1423.328,1,140.464,0,normal,0,nominal
2026-01-01 07:53:00,2,57.799,2.271,28.083,1,1,1236.562,1,124.229,0,warning,1,leak_progression
2026-01-01 07:53:00,3,60.338,2.336,28.749,1,1,1110.975,1,114.577,0,normal,0,nominal
2026-01-01 07:54:00,1,74.395,3.566,24.589,1,1,1413.877,1,140.233,0,normal,0,nominal
2026-01-01 07:54:00,2,57.92,2.24,27.975,1,1,1255.311,1,124.559,0,warning,1,leak_progression
2026-01-01 07:54:00,3,60.36,2.771,28.769,1,1,1106.92,1,119.431,0,normal,0,nominal
2026-01-01 07:55:00,1,71.508,3.752,24.555,1,1,1417.776,1,142.521,0,normal,0,nominal
2026-01-01 07:55:00,2,57.416,2.143,27.727,1,1,1252.435,1,123.254,0,warning,1,leak_progression
2026-01-01 07:55:00,3,59.546,2.907,28.764,1,1,1104.472,1,120.905,0,normal,0,nominal
2026-01-01 07:56:00,1,72.56,3.682,24.112,1,1,1398.073,1,140.968,0,normal,0,nominal
2026-01-01 07:56:00,2,57.949,2.615,27.925,1,1,1258.113,1,129.312,0,warning,1,leak_progression
2026-01-01 07:56:00,3,60.047,2.359,28.836,1,1,1114.669,1,114.988,0,normal,0,nominal
2026-01-01 07:57:00,1,73.678,3.727,23.771,1,1,1402.884,1,141.669,0,normal,0,nominal
2026-01-01 07:57:00,2,57.159,2.762,27.682,1,1,1257.251,1,131.098,0,warning,1,leak_progression
2026-01-01 07:57:00,3,58.991,2.193,28.783,1,1,1122.408,1,113.365,0,normal,0,nominal
2026-01-01 07:58:00,1,72.913,3.802,23.553,1,1,1397.268,1,142.315,0,normal,0,nominal
2026-01-01 07:58:00,2,56.899,2.515,27.655,1,1,1281.523,1,128.965,0,warning,1,leak_progression
2026-01-01 07:58:00,3,59.424,2.299,28.708,1,1,1132.392,1,114.964,0,normal,0,nominal
2026-01-01 07:59:00,1,74.044,3.615,23.569,1,1,1413.498,1,140.788,0,normal,0,nominal
2026-01-01 07:59:00,2,57.35,2.59,27.702,1,1,1258.027,1,129.007,0,warning,1,leak_progression
2026-01-01 07:59:00,3,61.761,2.083,28.425,1,1,1117.196,1,111.912,0,normal,0,nominal
2026-01-01 06:00:00,1,74.404,3.58,23.701,1,1,1392.368,1,139.58,0,normal,0,nominal
2026-01-01 06:00:00,2,66.842,3.12,26.135,1,1,1211.348,1,127.407,0,normal,0,nominal
2026-01-01 06:00:00,3,60.213,2.219,28.462,1,1,1124.71,1,113.76,0,normal,0,nominal
2026-01-01 06:01:00,1,73.104,3.533,23.672,1,1,1404.173,1,139.493,0,normal,0,nominal
2026-01-01 06:01:00,2,66.685,2.647,26.203,1,1,1227.186,1,122.57,0,normal,0,nominal
2026-01-01 06:01:00,3,59.108,2.239,28.671,1,1,1137.274,1,114.461,0,normal,0,nominal
2026-01-01 06:02:00,1,72.977,3.966,24.058,1,1,1430.093,1,145.447,0,normal,0,nominal
2026-01-01 06:02:00,2,66.542,2.904,25.837,1,1,1243.089,1,126.138,0,normal,0,nominal
2026-01-01 06:02:00,3,59.077,2.188,28.659,1,1,1130.383,1,113.618,0,normal,0,nominal
2026-01-01 06:03:00,1,72.646,3.919,23.869,1,1,1422.206,1,144.615,0,normal,0,nominal
2026-01-01 06:03:00,2,67.183,2.754,26.101,1,1,1229.442,1,123.893,0,normal,0,nominal
2026-01-01 06:03:00,3,59.926,2.303,28.498,1,1,1127.711,1,114.835,0,normal,0,nominal
2026-01-01 06:04:00,1,72.237,3.803,23.924,1,1,1427.756,1,143.486,0,normal,0,nominal
2026-01-01 06:04:00,2,66.693,2.846,26.056,1,1,1272.56,1,126.582,0,normal,0,nominal
2026-01-01 06:04:00,3,60.317,2.119,28.309,1,1,1128.829,1,112.765,0,normal,0,nominal
2026-01-01 06:05:00,1,72.877,3.667,23.829,1,1,1416.707,1,141.506,0,normal,0,nominal
2026-01-01 06:05:00,2,65.172,2.73,25.882,1,1,1270.906,1,125.193,0,normal,0,nominal
2026-01-01 06:05:00,3,61.283,2.144,28.168,1,1,1115.637,1,112.555,0,normal,0,nominal
2026-01-01 06:06:00,1,72.277,3.752,24.379,1,1,1421.238,1,142.657,0,normal,0,nominal
2026-01-01 06:06:00,2,65.569,2.684,25.724,1,1,1262.578,1,124.345,0,normal,0,nominal
2026-01-01 06:06:00,3,61.613,2.29,28.465,1,1,1107.869,1,113.938,0,normal,0,nominal
2026-01-01 06:07:00,1,72.897,3.538,24.238,1,1,1408.528,1,139.705,0,normal,0,nominal
2026-01-01 06:07:00,2,66.435,3.065,25.803,1,1,1263.575,1,128.765,0,normal,0,nominal
2026-01-01 06:07:00,3,60.555,2.361,28.684,1,1,1101.971,1,114.531,0,normal,0,nominal
2026-01-01 06:08:00,1,73.375,3.347,24.398,1,1,1418.098,1,137.874,0,normal,0,nominal
2026-01-01 06:08:00,2,65.976,2.545,25.912,1,1,1279.629,1,123.39,0,normal,0,nominal
2026-01-01 06:08:00,3,62.84,1.813,28.509,1,1,1102.701,1,108.257,0,normal,0,nominal
2026-01-01 06:09:00,1,73.456,3.23,24.336,1,1,1425.249,1,136.809,0,normal,0,nominal
2026-01-01 06:09:00,2,67.167,2.739,26.306,1,1,1255.329,1,124.698,0,normal,0,nominal
2026-01-01 06:09:00,3,62.805,2.221,28.471,1,1,1100.766,1,112.871,0,normal,0,nominal
2026-01-01 06:10:00,1,74.838,3.412,24.063,1,1,1422.202,1,138.787,0,normal,0,nominal
2026-01-01 06:10:00,2,68.891,2.913,26.018,1,1,1250.994,1,126.535,0,normal,0,nominal
2026-01-01 06:10:00,3,63.632,2.333,28.546,1,1,1101.954,1,114.199,0,normal,0,nominal
2026-01-01 06:11:00,1,76.06,3.022,24.328,1,1,1436.494,1,134.837,0,normal,0,nominal
2026-01-01 06:11:00,2,68.045,3.013,26.07,1,1,1246.723,1,127.523,0,normal,0,nominal
2026-01-01 06:11:00,3,62.778,2.135,28.517,1,1,1117.801,1,112.534,0,normal,0,nominal
2026-01-01 06:12:00,1,76.064,3.434,24.388,1,1,1395.249,1,138.009,0,normal,0,nominal
2026-01-01 06:12:00,2,66.164,3.378,26.191,1,1,1268.291,1,134.079,0,normal,0,leak_progression
2026-01-01 06:12:00,3,62.795,2.012,28.549,1,1,1091.469,1,110.119,0,normal,0,nominal
2026-01-01 06:13:00,1,74.439,3.838,23.83,1,1,1411.223,1,143.267,0,normal,0,nominal
2026-01-01 06:13:00,2,64.401,2.669,26.425,1,1,1232.218,1,125.821,0,normal,0,leak_progression
2026-01-01 06:13:00,3,63.53,2.24,28.801,1,1,1087.753,1,112.597,0,normal,0,nominal
2026-01-01 06:14:00,1,73.97,4.365,23.645,1,1,1382.706,1,148.236,0,normal,0,nominal
2026-01-01 06:14:00,2,62.89,2.483,26.782,1,1,1235.959,1,125.146,0,normal,1,leak_progression
2026-01-01 06:14:00,3,61.37,2.331,29.07,1,1,1099.27,1,114.077,0,normal,0,nominal
2026-01-01 06:15:00,1,74.359,3.644,23.913,1,1,1377.572,1,139.749,0,normal,0,nominal
2026-01-01 06:15:00,2,59.719,2.46,27.356,1,1,1247.105,1,126.686,0,warning,1,leak_progression
2026-01-01 06:15:00,3,61.192,2.243,29.005,1,1,1114.313,1,113.64,0,normal,0,nominal
2026-01-01 06:16:00,1,71.656,3.758,23.828,1,1,1403.569,1,142.054,0,normal,0,nominal
2026-01-01 06:16:00,2,60.716,2.425,27.652,1,1,1238.9,1,127.364,0,warning,1,leak_progression
2026-01-01 06:16:00,3,61.843,2.264,28.994,1,1,1094.905,1,113.144,0,normal,0,nominal
2026-01-01 06:17:00,1,72.751,3.516,23.97,1,1,1409.965,1,139.515,0,normal,0,nominal
2026-01-01 06:17:00,2,57.473,2.495,27.829,1,1,1243.185,1,129.864,0,warning,1,leak_progression
2026-01-01 06:17:00,3,62.04,2.4,28.857,1,1,1115.628,1,115.495,0,normal,0,nominal
2026-01-01 06:18:00,1,71.859,3.499,24.003,1,1,1408.684,1,139.265,0,normal,0,nominal
2026-01-01 06:18:00,2,54.642,2.317,27.959,1,1,1259.968,1,129.663,0,warning,1,leak_progression
2026-01-01 06:18:00,3,60.905,2.776,28.761,1,1,1104.098,1,119.374,0,normal,0,nominal
2026-01-01 06:19:00,1,71.955,3.884,23.78,1,1,1399.945,1,143.369,0,normal,0,nominal
2026-01-01 06:19:00,2,51.953,2.381,28.315,1,1,1284.694,1,132.916,1,warning,1,leak_progression
2026-01-01 06:19:00,3,60.62,2.511,28.774,1,1,1100.029,1,116.178,0,normal,0,nominal
2026-01-01 06:20:00,1,71.129,3.801,23.741,1,1,1400.526,1,142.426,0,normal,0,nominal
2026-01-01 06:20:00,2,48.702,2.419,28.759,1,1,1277.605,1,134.657,1,warning,1,leak_progression
2026-01-01 06:20:00,3,59.708,2.616,28.753,1,1,1095.943,1,117.226,0,normal,0,nominal
2026-01-01 06:21:00,1,72.571,3.951,23.596,1,1,1413.85,1,144.658,0,normal,0,nominal
2026-01-01 06:21:00,2,46.751,2.161,29.342,1,1,1275.567,1,132.54,1,fault,1,leak_progression
2026-01-01 06:21:00,3,60.026,2.405,28.739,1,1,1138.206,1,116.415,0,normal,0,nominal
2026-01-01 06:22:00,1,73.167,3.598,23.622,1,1,1411.93,1,140.525,0,normal,0,nominal
2026-01-01 06:22:00,2,44.863,1.608,29.771,1,1,1256.234,1,125.458,1,fault,1,leak_progression
2026-01-01 06:22:00,3,60.204,2.486,28.835,1,1,1135.201,1,117.232,0,normal,0,nominal
2026-01-01 06:23:00,1,73.266,3.768,23.711,1,1,1406.347,1,142.272,0,normal,0,nominal
2026-01-01 06:23:00,2,43.55,1.748,30.62,1,1,1255.295,1,128.793,1,fault,1,leak_progression
2026-01-01 06:23:00,3,61.102,2.157,28.652,1,1,1130.223,1,113.249,0,normal,0,nominal
2026-01-01 06:24:00,1,74.009,4.0,23.35,1,1,1432.919,1,145.952,0,normal,0,nominal
2026-01-01 06:24:00,2,41.588,1.929,30.747,1,1,1271.214,1,133.492,1,fault,1,leak_progression
2026-01-01 06:24:00,3,60.215,2.285,28.62,1,1,1120.521,1,114.355,0,normal,0,nominal
2026-01-01 06:25:00,1,74.642,3.757,23.803,1,1,1413.553,1,142.422,0,normal,0,nominal
2026-01-01 06:25:00,2,39.975,1.837,31.225,1,1,1269.427,1,133.529,1,fault,1,leak_progression
2026-01-01 06:25:00,3,61.246,2.41,28.751,1,1,1134.638,1,116.33,0,normal,0,nominal
2026-01-01 06:26:00,1,75.686,3.474,23.56,1,1,1402.843,1,138.755,0,normal,0,nominal
2026-01-01 06:26:00,2,37.964,2.077,31.346,1,1,1253.201,1,136.551,1,fault,1,leak_progression
2026-01-01 06:26:00,3,62.441,2.519,28.789,1,1,1136.608,1,117.661,0,normal,0,nominal
2026-01-01 06:27:00,1,73.392,3.568,23.646,1,1,1417.42,1,140.39,0,normal,0,nominal
2026-01-01 06:27:00,2,37.52,2.173,31.892,1,1,1234.488,1,137.287,1,fault,1,leak_progression
2026-01-01 06:27:00,3,59.949,2.251,28.77,1,1,1133.151,1,114.449,0,normal,0,nominal
2026-01-01 06:28:00,1,74.295,3.657,23.428,1,1,1419.663,1,141.502,0,normal,0,nominal
2026-01-01 06:28:00,2,37.425,1.905,32.138,1,1,1236.395,1,133.306,1,fault,1,leak_progression
2026-01-01 06:28:00,3,60.748,2.097,28.578,1,1,1125.058,1,112.367,0,normal,0,nominal
2026-01-01 06:29:00,1,74.048,3.562,23.596,1,1,1406.078,1,139.892,0,normal,0,nominal
2026-01-01 06:29:00,2,34.499,1.634,32.253,1,1,1222.927,1,128.69,1,fault,1,leak_progression
2026-01-01 06:29:00,3,59.623,2.309,28.609,1,1,1122.511,1,114.711,0,normal,0,nominal
2026-01-01 06:30:00,1,74.887,3.644,23.473,1,1,1431.521,1,141.801,0,normal,0,nominal
2026-01-01 06:30:00,2,34.113,1.855,32.29,1,1,1227.706,1,132.215,1,fault,1,leak_progression
2026-01-01 06:30:00,3,60.13,2.385,28.526,1,1,1125.237,1,115.684,0,normal,0,nominal
2026-01-01 06:31:00,1,74.381,3.924,24.004,1,1,1417.421,1,144.487,0,normal,0,nominal
2026-01-01 06:31:00,2,35.291,2.002,32.115,1,1,1248.969,1,135.251,1,fault,1,leak_progression
2026-01-01 06:31:00,3,61.159,2.517,28.832,1,1,1124.187,1,117.164,0,normal,0,nominal
2026-01-01 06:32:00,1,73.521,3.691,24.145,1,1,1397.45,1,141.054,0,normal,0,nominal
2026-01-01 06:32:00,2,35.858,1.731,32.083,1,1,1251.429,1,131.253,1,fault,1,leak_progression
2026-01-01 06:32:00,3,62.339,2.07,28.397,1,1,1125.288,1,112.061,0,normal,0,nominal
2026-01-01 06:33:00,1,72.673,4.005,24.052,1,1,1397.897,1,144.683,0,normal,0,nominal
2026-01-01 06:33:00,2,35.7,1.777,32.179,1,1,1256.841,1,132.149,1,fault,1,leak_progression
2026-01-01 06:33:00,3,61.784,1.986,28.597,1,1,1129.71,1,111.269,0,normal,0,nominal
2026-01-01 06:34:00,1,73.036,3.462,24.266,1,1,1424.305,1,139.433,0,normal,0,nominal
2026-01-01 06:34:00,2,36.026,1.406,31.901,1,1,1247.516,1,126.181,1,fault,1,leak_progression
2026-01-01 06:34:00,3,59.18,1.904,28.47,1,1,1123.516,1,110.094,0,normal,0,nominal
2026-01-01 06:35:00,1,73.522,3.329,24.088,1,1,1442.905,1,138.616,0,normal,0,nominal
2026-01-01 06:35:00,2,37.136,1.327,32.096,1,1,1234.559,1,124.5,1,fault,1,leak_progression
2026-01-01 06:35:00,3,60.713,2.327,28.375,1,1,1108.908,1,114.397,0,normal,0,nominal
2026-01-01 06:36:00,1,73.582,3.5,23.654,1,1,1418.525,1,139.65,0,normal,0,nominal
2026-01-01 06:36:00,2,36.382,1.476,31.98,1,1,1234.698,1,126.746,1,fault,1,leak_progression
2026-01-01 06:36:00,3,61.4,2.35,28.659,1,1,1101.174,1,114.374,0,normal,0,nominal
2026-01-01 06:37:00,1,74.471,3.611,23.578,1,1,1404.719,1,140.405,0,normal,0,nominal
2026-01-01 06:37:00,2,36.142,1.898,31.931,1,1,1240.079,1,133.346,1,fault,1,leak_progression
2026-01-01 06:37:00,3,62.102,2.213,28.823,1,1,1094.595,1,112.549,0,normal,0,nominal
2026-01-01 06:38:00,1,72.749,3.473,23.56,1,1,1407.862,1,138.935,0,normal,0,nominal
2026-01-01 06:38:00,2,36.304,2.286,32.193,1,1,1241.391,1,139.264,1,fault,1,leak_progression
2026-01-01 06:38:00,3,62.663,2.218,28.82,1,1,1108.84,1,113.144,0,normal,0,nominal
2026-01-01 06:39:00,1,73.123,3.352,23.278,1,1,1397.859,1,137.168,0,normal,0,nominal
2026-01-01 06:39:00,2,35.55,2.301,32.061,1,1,1224.682,1,138.854,1,fault,1,leak_progression
2026-01-01 06:39:00,3,61.194,2.274,28.981,1,1,1138.373,1,114.912,0,normal,0,nominal
2026-01-01 06:40:00,1,72.997,3.582,23.497,1,1,1401.558,1,139.948,0,normal,0,nominal
2026-01-01 06:40:00,2,35.467,2.478,31.829,1,1,1252.349,1,142.586,1,fault,1,leak_progression
2026-01-01 06:40:00,3,63.421,2.028,28.944,1,1,1147.195,1,112.411,0,normal,0,nominal
2026-01-01 06:41:00,1,71.862,3.292,23.38,1,1,1421.242,1,137.37,0,normal,0,nominal
2026-01-01 06:41:00,2,34.461,2.018,31.933,1,1,1264.228,1,136.078,1,fault,1,leak_progression
2026-01-01 06:41:00,3,61.694,2.143,28.633,1,1,1111.282,1,112.37,0,normal,0,nominal
2026-01-01 06:42:00,1,74.844,3.654,23.788,1,1,1435.118,1,142.058,0,normal,0,nominal
2026-01-01 06:42:00,2,34.198,2.048,31.808,1,1,1262.736,1,136.467,1,fault,1,leak_progression
2026-01-01 06:42:00,3,60.373,2.213,28.613,1,1,1113.325,1,113.251,0,normal,0,nominal
2026-01-01 06:43:00,1,73.84,3.913,23.864,1,1,1427.567,1,144.75,0,normal,0,nominal
2026-01-01 06:43:00,2,35.044,2.224,32.186,1,1,1239.995,1,138.273,1,fault,1,leak_progression
2026-01-01 06:43:00,3,61.169,2.503,28.982,1,1,1092.688,1,115.801,0,normal,0,nominal
2026-01-01 06:44:00,1,75.659,4.028,24.004,1,1,1391.891,1,144.716,0,normal,0,nominal
2026-01-01 06:44:00,2,37.001,2.152,32.037,1,1,1260.028,1,135.207,1,fault,1,leak_progression
2026-01-01 06:44:00,3,60.9,2.687,28.879,1,1,1106.887,1,118.46,0,normal,0,nominal
2026-01-01 06:45:00,1,74.756,3.637,24.118,1,1,1429.956,1,141.668,0,normal,0,nominal
2026-01-01 06:45:00,2,39.452,1.838,31.629,1,1,1238.175,1,127.327,1,fault,1,leak_progression
2026-01-01 06:45:00,3,59.319,2.469,28.79,1,1,1124.79,1,116.636,0,normal,0,nominal
2026-01-01 06:46:00,1,73.594,4.014,23.878,1,1,1423.852,1,145.768,0,normal,0,nominal
2026-01-01 06:46:00,2,43.005,2.039,30.843,1,1,1257.609,1,128.375,1,warning,1,leak_progression
2026-01-01 06:46:00,3,59.742,2.297,28.827,1,1,1122.819,1,114.583,0,normal,0,nominal
2026-01-01 06:47:00,1,74.636,3.798,24.041,1,1,1405.369,1,142.576,0,normal,0,nominal
2026-01-01 06:47:00,2,45.874,2.495,30.68,1,1,1248.107,1,131.538,0,warning,1,leak_progression
2026-01-01 06:47:00,3,61.38,2.462,28.779,1,1,1118.493,1,116.313,0,normal,0,nominal
2026-01-01 06:48:00,1,75.294,3.525,23.935,1,1,1411.313,1,139.664,0,normal,0,nominal
2026-01-01 06:48:00,2,50.171,2.583,29.944,1,1,1253.58,1,130.276,0,warning,1,leak_progression
2026-01-01 06:48:00,3,62.352,2.09,28.897,1,1,1136.542,1,112.726,0,normal,0,nominal
2026-01-01 06:49:00,1,74.473,3.51,23.982,1,1,1404.229,1,139.231,0,normal,0,nominal
2026-01-01 06:49:00,2,52.818,2.645,29.04,1,1,1273.551,1,130.277,0,warning,1,leak_progression
2026-01-01 06:49:00,3,61.108,1.946,28.877,1,1,1118.543,1,110.385,0,normal,0,nominal
2026-01-01 06:50:00,1,74.186,3.849,23.806,1,1,1427.214,1,143.995,0,normal,0,nominal
2026-01-01 06:50:00,2,54.232,2.66,28.596,1,1,1260.388,1,129.963,0,warning,1,leak_progression
2026-01-01 06:50:00,3,61.821,2.194,28.875,1,1,1116.172,1,113.144,0,normal,0,nominal
2026-01-01 06:51:00,1,72.851,3.457,24.002,1,1,1434.444,1,139.768,0,normal,0,nominal
2026-01-01 06:51:00,2,55.261,3.428,28.936,1,1,1257.034,1,139.352,0,warning,1,leak_progression
2026-01-01 06:51:00,3,61.863,2.176,28.998,1,1,1112.925,1,112.812,0,normal,0,nominal
2026-01-01 06:52:00,1,73.001,3.251,24.032,1,1,1432.988,1,137.345,0,normal,0,nominal
2026-01-01 06:52:00,2,56.127,3.243,28.651,1,1,1226.508,1,135.896,0,warning,1,leak_progression
2026-01-01 06:52:00,3,59.308,2.666,28.618,1,1,1095.178,1,117.77,0,normal,0,nominal
2026-01-01 06:53:00,1,73.04,3.473,24.071,1,1,1407.971,1,138.938,0,normal,0,nominal
2026-01-01 06:53:00,2,57.036,2.632,28.449,1,1,1272.194,1,130.061,0,warning,1,leak_progression
2026-01-01 06:53:00,3,59.351,2.332,29.104,1,1,1112.866,1,114.608,0,normal,0,nominal
2026-01-01 06:54:00,1,73.372,3.595,23.823,1,1,1417.025,1,140.689,0,normal,0,nominal
2026-01-01 06:54:00,2,56.641,2.228,28.318,1,1,1266.516,1,124.837,0,warning,1,leak_progression
2026-01-01 06:54:00,3,59.963,2.458,28.877,1,1,1120.057,1,116.329,0,normal,0,nominal
2026-01-01 06:55:00,1,74.806,4.022,23.929,1,1,1415.352,1,145.539,0,normal,0,nominal
2026-01-01 06:55:00,2,56.937,2.225,28.223,1,1,1268.24,1,124.865,0,warning,1,leak_progression
2026-01-01 06:55:00,3,61.14,2.247,28.89,1,1,1117.725,1,113.817,0,normal,0,nominal
2026-01-01 06:56:00,1,74.315,3.67,23.837,1,1,1422.808,1,141.767,0,normal,0,nominal
2026-01-01 06:56:00,2,56.143,2.293,28.471,1,1,1257.895,1,125.318,0,warning,1,leak_progression
2026-01-01 06:56:00,3,61.807,2.634,28.798,1,1,1116.471,1,118.218,0,normal,0,nominal
2026-01-01 06:57:00,1,73.473,3.688,23.578,1,1,1430.578,1,142.271,0,normal,0,nominal
2026-01-01 06:57:00,2,56.715,2.048,28.399,1,1,1267.875,1,122.655,0,warning,1,leak_progression
2026-01-01 06:57:00,3,60.871,2.424,28.936,1,1,1126.862,1,116.195,0,normal,0,nominal
2026-01-01 06:58:00,1,71.955,3.705,23.794,1,1,1418.077,1,141.994,0,normal,0,nominal
2026-01-01 06:58:00,2,54.693,2.271,28.123,1,1,1251.557,1,124.799,0,warning,1,leak_progression
2026-01-01 06:58:00,3,58.616,1.806,28.981,1,1,1120.269,1,108.84,0,normal,0,nominal
2026-01-01 06:59:00,1,74.222,3.89,24.085,1,1,1424.831,1,144.381,0,normal,0,nominal
2026-01-01 06:59:00,2,55.898,2.564,27.943,1,1,1262.867,1,128.859,0,warning,1,leak_progression
2026-01-01 06:59:00,3,59.369,2.406,29.171,1,1,1122.83,1,115.834,0,normal,0,nominal
2026-01-01 07:00:00,1,74.065,3.611,24.139,1,1,1437.445,1,141.654,0,normal,0,nominal
2026-01-01 07:00:00,2,55.786,2.837,28.254,1,1,1260.572,1,132.158,0,warning,1,leak_progression
2026-01-01 07:00:00,3,60.494,2.672,28.914,1,1,1105.792,1,118.253,0,normal,0,nominal
2026-01-01 07:01:00,1,74.133,3.284,23.873,1,1,1418.736,1,137.176,0,normal,0,nominal
2026-01-01 07:01:00,2,57.253,2.358,28.277,1,1,1259.087,1,126.164,0,warning,1,leak_progression
2026-01-01 07:01:00,3,62.683,2.463,28.978,1,1,1101.706,1,115.691,0,normal,0,nominal
2026-01-01 07:02:00,1,72.966,3.926,23.907,1,1,1431.902,1,145.061,0,normal,0,nominal
2026-01-01 07:02:00,2,56.388,2.765,28.454,1,1,1265.124,1,131.44,0,warning,1,leak_progression
2026-01-01 07:02:00,3,61.495,2.208,28.884,1,1,1111.146,1,113.12,0,normal,0,nominal
2026-01-01 07:03:00,1,75.647,4.164,23.86,1,1,1424.221,1,147.506,0,normal,0,nominal
2026-01-01 07:03:00,2,57.063,2.546,28.47,1,1,1273.939,1,129.059,0,warning,1,leak_progression
2026-01-01 07:03:00,3,60.732,2.403,29.01,1,1,1117.84,1,115.612,0,normal,0,nominal
2026-01-01 07:04:00,1,74.854,3.576,23.731,1,1,1434.1,1,141.12,0,normal,0,nominal
2026-01-01 07:04:00,2,57.2,2.814,28.504,1,1,1257.554,1,131.759,0,warning,1,leak_progression
2026-01-01 07:04:00,3,60.438,2.26,28.872,1,1,1109.865,1,113.659,0,normal,0,nominal
2026-01-01 07:05:00,1,74.218,3.574,23.065,1,1,1425.351,1,140.762,0,normal,0,nominal
2026-01-01 07:05:00,2,57.577,2.313,28.155,1,1,1244.391,1,125.053,0,warning,1,leak_progression
2026-01-01 07:05:00,3,60.143,2.088,29.186,1,1,1108.846,1,111.649,0,normal,0,nominal
2026-01-01 07:06:00,1,74.674,3.254,23.214,1,1,1426.78,1,137.135,0,normal,0,nominal
2026-01-01 07:06:00,2,58.412,2.067,28.264,1,1,1256.867,1,122.474,0,warning,1,leak_progression
2026-01-01 07:06:00,3,59.932,2.26,28.992,1,1,1114.604,1,113.847,0,normal,0,nominal
2026-01-01 07:07:00,1,74.47,3.202,23.172,1,1,1437.081,1,136.929,0,normal,0,nominal
2026-01-01 07:07:00,2,58.41,2.373,28.451,1,1,1260.055,1,126.39,0,warning,1,leak_progression
2026-01-01 07:07:00,3,56.034,1.89,29.117,1,1,1118.984,1,109.753,0,normal,0,nominal
2026-01-01 07:08:00,1,73.916,3.537,23.425,1,1,1419.389,1,140.108,0,normal,0,nominal
2026-01-01 07:08:00,2,56.701,2.971,28.326,1,1,1273.86,1,134.321,0,warning,1,leak_progression
2026-01-01 07:08:00,3,57.935,2.149,28.851,1,1,1099.518,1,111.99,0,normal,0,nominal
2026-01-01 07:09:00,1,73.06,3.615,23.628,1,1,1404.52,1,140.447,0,normal,0,nominal
2026-01-01 07:09:00,2,57.406,2.572,28.051,1,1,1269.264,1,129.204,0,warning,1,leak_progression
2026-01-01 07:09:00,3,63.617,2.273,28.959,1,1,1087.066,1,112.953,0,normal,0,nominal
2026-01-01 07:10:00,1,72.565,3.882,23.532,1,1,1391.751,1,143.028,0,normal,0,nominal
2026-01-01 07:10:00,2,61.14,2.346,27.952,1,1,1255.773,1,125.898,0,warning,1,leak_progression
2026-01-01 07:10:00,3,67.418,2.579,28.567,1,1,1087.421,1,116.477,0,normal,0,nominal
2026-01-01 07:11:00,1,75.006,3.583,23.672,1,1,1400.819,1,139.931,0,normal,0,nominal
2026-01-01 07:11:00,2,58.519,1.96,28.146,1,1,1280.9,1,122.068,0,warning,1,leak_progression
2026-01-01 07:11:00,3,64.785,2.65,28.54,1,1,1102.969,1,117.884,0,normal,0,nominal
2026-01-01 07:12:00,1,73.677,3.351,23.689,1,1,1404.859,1,137.418,0,normal,0,nominal
2026-01-01 07:12:00,2,58.844,2.938,28.12,1,1,1256.592,1,133.258,0,warning,1,leak_progression
2026-01-01 07:12:00,3,60.656,2.474,28.564,1,1,1087.638,1,115.279,0,normal,0,nominal
2026-01-01 07:13:00,1,73.896,3.366,23.928,1,1,1431.25,1,138.596,0,normal,0,nominal
2026-01-01 07:13:00,2,59.089,3.061,28.103,1,1,1245.077,1,134.348,0,warning,1,leak_progression
2026-01-01 07:13:00,3,60.639,2.137,28.702,1,1,1121.097,1,112.678,0,normal,0,nominal
2026-01-01 07:14:00,1,75.115,3.532,24.135,1,1,1438.841,1,140.793,0,normal,0,nominal
2026-01-01 07:14:00,2,58.3,2.644,27.898,1,1,1241.003,1,129.026,0,warning,1,leak_progression
2026-01-01 07:14:00,3,61.654,2.157,28.668,1,1,1125.298,1,113.069,0,normal,0,nominal
2026-01-01 07:15:00,1,74.384,4.034,24.076,1,1,1429.842,1,146.23,0,normal,0,nominal
2026-01-01 07:15:00,2,58.904,2.723,28.222,1,1,1243.088,1,130.086,0,warning,1,leak_progression
2026-01-01 07:15:00,3,60.237,2.375,29.005,1,1,1130.764,1,115.786,0,normal,0,nominal
2026-01-01 07:16:00,1,74.155,4.093,24.353,1,1,1424.778,1,146.709,0,normal,0,nominal
2026-01-01 07:16:00,2,57.864,2.41,28.044,1,1,1248.7,1,126.416,0,warning,1,leak_progression
2026-01-01 07:16:00,3,61.415,2.5,28.701,1,1,1123.34,1,116.938,0,normal,0,nominal
2026-01-01 07:17:00,1,73.672,3.401,24.44,1,1,1428.127,1,138.885,0,normal,0,nominal
2026-01-01 07:17:00,2,57.572,2.49,27.881,1,1,1250.886,1,127.49,0,warning,1,leak_progression
2026-01-01 07:17:00,3,61.077,2.367,28.761,1,1,1105.429,1,114.732,0,normal,0,nominal
2026-01-01 07:18:00,1,72.923,3.519,24.132,1,1,1420.467,1,139.943,0,normal,0,nominal
2026-01-01 07:18:00,2,57.084,2.324,28.269,1,1,1243.745,1,125.161,0,warning,1,leak_progression
2026-01-01 07:18:00,3,59.757,2.278,28.697,1,1,1122.694,1,114.36,0,normal,0,nominal
2026-01-01 07:19:00,1,70.655,3.499,24.202,1,1,1435.966,1,140.306,0,normal,0,nominal
2026-01-01 07:19:00,2,57.802,2.385,28.11,1,1,1259.614,1,126.517,0,warning,1,leak_progression
2026-01-01 07:19:00,3,62.802,2.025,29.025,1,1,1119.004,1,111.308,0,normal,0,nominal
2026-01-01 07:20:00,1,73.509,3.76,24.162,1,1,1445.449,1,143.662,0,normal,0,nominal
2026-01-01 07:20:00,2,57.34,2.429,28.429,1,1,1231.995,1,126.016,0,warning,1,leak_progression
2026-01-01 07:20:00,3,62.604,2.007,29.114,1,1,1112.745,1,110.863,0,normal,0,nominal
2026-01-01 07:21:00,1,72.758,3.762,23.857,1,1,1435.339,1,143.305,0,normal,0,nominal
2026-01-01 07:21:00,2,58.247,2.216,28.196,1,1,1238.344,1,123.624,0,warning,1,leak_progression
2026-01-01 07:21:00,3,62.586,2.489,29.485,1,1,1112.602,1,116.404,0,normal,0,nominal
2026-01-01 07:22:00,1,72.731,3.303,23.622,1,1,1416.093,1,137.3,0,normal,0,nominal
2026-01-01 07:22:00,2,58.108,2.731,28.085,1,1,1231.5,1,129.74,0,warning,1,leak_progression
2026-01-01 07:22:00,3,59.862,2.768,29.109,1,1,1120.24,1,119.904,0,normal,0,nominal
2026-01-01 07:23:00,1,73.311,3.464,23.959,1,1,1434.106,1,139.835,0,normal,0,nominal
2026-01-01 07:23:00,2,58.092,2.408,27.723,1,1,1238.194,1,125.988,0,warning,1,leak_progression
2026-01-01 07:23:00,3,60.905,2.426,29.134,1,1,1114.355,1,115.748,0,normal,0,nominal
2026-01-01 07:24:00,1,73.748,3.863,24.228,1,1,1427.632,1,144.17,0,normal,0,nominal
2026-01-01 07:24:00,2,56.605,2.55,27.745,1,1,1242.589,1,127.918,0,warning,1,leak_progression
2026-01-01 07:24:00,3,60.457,2.225,28.92,1,1,1095.517,1,112.718,0,normal,0,nominal
2026-01-01 07:25:00,1,74.084,3.681,24.245,1,1,1403.948,1,141.181,0,normal,0,nominal
2026-01-01 07:25:00,2,55.774,2.708,27.69,1,1,1234.419,1,129.561,0,warning,1,leak_progression
2026-01-01 07:25:00,3,60.543,2.38,29.062,1,1,1088.042,1,114.213,0,normal,0,nominal
2026-01-01 07:26:00,1,73.793,3.585,23.8,1,1,1410.371,1,140.324,0,normal,0,nominal
2026-01-01 07:26:00,2,56.133,2.69,27.856,1,1,1244.617,1,129.734,0,warning,1,leak_progression
2026-01-01 07:26:00,3,60.436,2.584,28.956,1,1,1098.192,1,116.945,0,normal,0,nominal
2026-01-01 07:27:00,1,72.727,3.586,23.877,1,1,1432.339,1,141.17,0,normal,0,nominal
2026-01-01 07:27:00,2,56.888,3.29,27.642,1,1,1227.41,1,136.514,0,warning,1,leak_progression
2026-01-01 07:27:00,3,60.549,2.955,28.703,1,1,1097.919,1,121.203,0,normal,0,nominal
2026-01-01 07:28:00,1,74.374,3.696,23.65,1,1,1415.174,1,141.784,0,normal,0,nominal
2026-01-01 07:28:00,2,58.031,3.091,27.485,1,1,1257.508,1,135.188,0,warning,1,leak_progression
2026-01-01 07:28:00,3,60.417,2.851,28.884,1,1,1110.367,1,120.483,0,normal,0,nominal
2026-01-01 07:29:00,1,74.836,3.61,23.686,1,1,1412.542,1,140.694,0,normal,0,nominal
2026-01-01 07:29:00,2,56.833,3.016,27.56,1,1,1288.296,1,135.424,0,warning,1,leak_progression
2026-01-01 07:29:00,3,60.967,2.989,29.009,1,1,1109.827,1,122.052,0,normal,0,nominal
2026-01-01 07:30:00,1,74.551,3.363,23.798,1,1,1403.672,1,137.517,0,normal,0,nominal
2026-01-01 07:30:00,2,58.199,2.549,27.685,1,1,1284.68,1,129.509,0,warning,1,leak_progression
2026-01-01 07:30:00,3,59.996,2.99,28.81,1,1,1119.864,1,122.435,0,normal,0,nominal
2026-01-01 07:31:00,1,74.316,3.587,23.728,1,1,1409.928,1,140.333,0,normal,0,nominal
2026-01-01 07:31:00,2,58.203,2.615,27.825,1,1,1281.961,1,130.225,0,warning,1,leak_progression
2026-01-01 07:31:00,3,60.737,2.662,29.04,1,1,1096.512,1,117.785,0,normal,0,nominal
2026-01-01 07:32:00,1,74.173,3.446,23.915,1,1,1422.495,1,139.181,0,normal,0,nominal
2026-01-01 07:32:00,2,57.388,2.524,28.368,1,1,1270.195,1,128.648,0,warning,1,leak_progression
2026-01-01 07:32:00,3,61.103,2.419,28.937,1,1,1125.672,1,116.1,0,normal,0,nominal
2026-01-01 07:33:00,1,74.391,3.391,24.069,1,1,1430.62,1,138.854,0,normal,0,nominal
2026-01-01 07:33:00,2,57.602,2.006,28.351,1,1,1268.072,1,122.146,0,warning,1,leak_progression
2026-01-01 07:33:00,3,60.894,2.477,28.804,1,1,1110.119,1,116.175,0,normal,0,nominal
2026-01-01 07:34:00,1,73.4,3.724,24.011,1,1,1435.456,1,142.877,0,normal,0,nominal
2026-01-01 07:34:00,2,56.704,2.832,28.364,1,1,1252.629,1,131.792,0,warning,1,leak_progression
2026-01-01 07:34:00,3,59.32,2.719,28.636,1,1,1124.946,1,119.519,0,normal,0,nominal
2026-01-01 07:35:00,1,73.662,3.489,24.307,1,1,1416.735,1,139.454,0,normal,0,nominal
2026-01-01 07:35:00,2,57.276,2.689,28.689,1,1,1271.983,1,130.761,0,warning,1,leak_progression
2026-01-01 07:35:00,3,59.34,2.459,28.544,1,1,1141.375,1,117.146,0,normal,0,nominal
2026-01-01 07:36:00,1,74.677,3.435,24.102,1,1,1443.798,1,139.871,0,normal,0,nominal
2026-01-01 07:36:00,2,57.17,2.705,28.581,1,1,1258.604,1,130.451,0,warning,1,leak_progression
2026-01-01 07:36:00,3,59.58,2.227,28.839,1,1,1123.125,1,113.788,0,normal,0,nominal
2026-01-01 07:37:00,1,72.809,3.724,24.14,1,1,1424.564,1,142.462,0,normal,0,nominal
2026-01-01 07:37:00,2,57.171,2.567,28.357,1,1,1261.342,1,128.841,0,warning,1,leak_progression
2026-01-01 07:37:00,3,59.965,2.596,28.97,1,1,1136.36,1,118.533,0,normal,0,nominal
2026-01-01 07:38:00,1,72.822,3.701,24.174,1,1,1414.539,1,141.815,0,normal,0,nominal
2026-01-01 07:38:00,2,56.369,2.596,27.984,1,1,1252.882,1,128.881,0,warning,1,leak_progression
2026-01-01 07:38:00,3,61.246,2.606,29.133,1,1,1112.773,1,117.751,0,normal,0,nominal
2026-01-01 07:39:00,1,73.409,3.453,24.25,1,1,1430.544,1,139.572,0,normal,0,nominal
2026-01-01 07:39:00,2,56.278,2.502,28.178,1,1,1259.17,1,127.949,0,warning,1,leak_progression
2026-01-01 07:39:00,3,62.302,2.357,28.99,1,1,1112.42,1,114.879,0,normal,0,nominal
2026-01-01 07:40:00,1,72.312,4.089,24.07,1,1,1428.352,1,146.796,0,normal,0,nominal
2026-01-01 07:40:00,2,57.285,2.72,28.124,1,1,1246.91,1,130.184,0,warning,1,leak_progression
2026-01-01 07:40:00,3,61.123,2.142,28.881,1,1,1111.387,1,112.362,0,normal,0,nominal
2026-01-01 07:41:00,1,72.814,3.948,23.934,1,1,1413.038,1,144.597,0,normal,0,nominal
2026-01-01 07:41:00,2,57.953,3.16,28.278,1,1,1275.341,1,136.72,0,warning,1,leak_progression
2026-01-01 07:41:00,3,61.541,2.263,29.078,1,1,1115.395,1,113.905,0,normal,0,nominal
2026-01-01 07:42:00,1,72.939,3.686,23.98,1,1,1432.033,1,142.301,0,normal,0,nominal
2026-01-01 07:42:00,2,57.91,2.259,28.313,1,1,1270.388,1,125.368,0,warning,1,leak_progression
2026-01-01 07:42:00,3,60.744,2.443,28.974,1,1,1123.902,1,116.3,0,normal,0,nominal
2026-01-01 07:43:00,1,72.774,3.531,23.762,1,1,1428.094,1,140.371,0,normal,0,nominal
2026-01-01 07:43:00,2,58.356,2.472,28.007,1,1,1266.027,1,127.837,0,warning,1,leak_progression
2026-01-01 07:43:00,3,59.909,2.717,28.79,1,1,1121.191,1,119.356,0,normal,0,nominal
2026-01-01 07:44:00,1,72.749,3.814,24.091,1,1,1447.216,1,144.353,0,normal,0,nominal
2026-01-01 07:44:00,2,57.765,2.433,28.046,1,1,1251.354,1,126.802,0,warning,1,leak_progression
2026-01-01 07:44:00,3,59.326,2.641,28.775,1,1,1105.29,1,117.874,0,normal,0,nominal
2026-01-01 07:45:00,1,73.366,3.583,24.094,1,1,1422.627,1,140.765,0,normal,0,nominal
2026-01-01 07:45:00,2,53.884,2.04,28.176,1,1,1267.722,1,122.55,0,warning,1,leak_progression
2026-01-01 07:45:00,3,59.056,2.749,29.0,1,1,1103.807,1,119.063,0,normal,0,nominal
2026-01-01 07:46:00,1,73.489,3.942,24.104,1,1,1427.193,1,145.068,0,normal,0,nominal
2026-01-01 07:46:00,2,56.114,2.093,28.511,1,1,1246.853,1,122.423,0,warning,1,leak_progression
2026-01-01 07:46:00,3,58.544,2.656,28.801,1,1,1118.918,1,118.56,0,normal,0,nominal
2026-01-01 07:47:00,1,70.516,3.458,23.911,1,1,1425.178,1,139.426,0,normal,0,nominal
2026-01-01 07:47:00,2,56.584,1.923,28.228,1,1,1239.086,1,120.014,0,warning,1,leak_progression
2026-01-01 07:47:00,3,59.689,2.668,29.061,1,1,1109.266,1,118.337,0,normal,0,nominal
2026-01-01 07:48:00,1,70.923,3.605,23.994,1,1,1434.715,1,141.479,0,normal,0,nominal
2026-01-01 07:48:00,2,56.372,1.892,28.061,1,1,1244.542,1,119.842,0,warning,1,leak_progression
2026-01-01 07:48:00,3,60.586,2.319,29.125,1,1,1109.734,1,114.34,0,normal,0,nominal
2026-01-01 07:49:00,1,73.81,3.923,23.91,1,1,1414.942,1,144.379,0,normal,0,nominal
2026-01-01 07:49:00,2,58.001,1.825,28.196,1,1,1240.926,1,118.869,0,warning,1,leak_progression
2026-01-01 07:49:00,3,60.027,2.634,28.602,1,1,1140.521,1,119.133,0,normal,0,nominal
2026-01-01 07:50:00,1,74.316,3.735,23.914,1,1,1436.972,1,143.061,0,normal,0,nominal
2026-01-01 07:50:00,2,58.929,1.933,27.929,1,1,1256.757,1,120.805,0,warning,1,leak_progression
2026-01-01 07:50:00,3,60.572,2.468,28.553,1,1,1139.134,1,117.175,0,normal,0,nominal
2026-01-01 07:51:00,1,75.424,3.67,23.927,1,1,1451.756,1,142.876,0,normal,0,nominal
2026-01-01 07:51:00,2,58.583,2.059,27.939,1,1,1260.547,1,122.512,0,warning,1,leak_progression
2026-01-01 07:51:00,3,61.049,2.407,28.382,1,1,1150.286,1,116.891,0,normal,0,nominal
2026-01-01 07:52:00,1,75.274,3.665,23.759,1,1,1434.088,1,142.146,0,normal,0,nominal
2026-01-01 07:52:00,2,58.011,2.336,27.858,1,1,1246.843,1,125.423,0,warning,1,leak_progression
2026-01-01 07:52:00,3,61.175,1.977,28.586,1,1,1145.764,1,111.775,0,normal,0,nominal
2026-01-01 07:53:00,1,73.282,3.425,23.848,1,1,1410.672,1,138.497,0,normal,0,nominal
2026-01-01 07:53:00,2,59.638,2.548,27.913,1,1,1234.518,1,127.586,0,warning,1,leak_progression
2026-01-01 07:53:00,3,61.349,2.218,28.921,1,1,1121.773,1,113.639,0,normal,0,nominal
2026-01-01 07:54:00,1,74.208,3.397,23.655,1,1,1403.819,1,137.913,0,normal,0,nominal
2026-01-01 07:54:00,2,58.381,2.351,27.59,1,1,1220.706,1,124.618,0,warning,1,leak_progression
2026-01-01 07:54:00,3,61.152,2.006,29.035,1,1,1106.428,1,110.608,0,normal,0,nominal
2026-01-01 07:55:00,1,74.436,3.874,23.994,1,1,1422.279,1,144.101,0,normal,0,nominal
2026-01-01 07:55:00,2,58.193,1.958,27.74,1,1,1232.472,1,120.192,0,warning,1,leak_progression
2026-01-01 07:55:00,3,60.029,2.259,29.105,1,1,1120.786,1,114.073,0,normal,0,nominal
2026-01-01 07:56:00,1,72.369,3.824,24.069,1,1,1420.606,1,143.464,0,normal,0,nominal
2026-01-01 07:56:00,2,56.905,2.615,27.631,1,1,1245.405,1,128.832,0,warning,1,leak_progression
2026-01-01 07:56:00,3,60.91,2.453,28.806,1,1,1113.287,1,116.013,0,normal,0,nominal
2026-01-01 07:57:00,1,72.971,3.895,24.397,1,1,1428.65,1,144.587,0,normal,0,nominal
2026-01-01 07:57:00,2,56.292,2.505,27.353,1,1,1236.923,1,127.151,0,warning,1,leak_progression
2026-01-01 07:57:00,3,60.209,2.521,28.934,1,1,1125.097,1,117.245,0,normal,0,nominal
2026-01-01 07:58:00,1,73.48,3.862,24.293,1,1,1415.863,1,143.718,0,normal,0,nominal
2026-01-01 07:58:00,2,56.578,2.705,27.609,1,1,1238.103,1,129.668,0,warning,1,leak_progression
2026-01-01 07:58:00,3,59.61,2.714,28.851,1,1,1119.614,1,119.251,0,normal,0,nominal
2026-01-01 07:59:00,1,73.104,3.61,24.087,1,1,1427.52,1,141.256,0,normal,0,nominal
2026-01-01 07:59:00,2,57.352,2.698,27.93,1,1,1248.906,1,129.998,0,warning,1,leak_progression
2026-01-01 07:59:00,3,59.994,2.803,28.728,1,1,1129.346,1,120.651,0,normal,0,nominal
2026-01-01 06:00:00,1,74.61,4.059,23.554,1,1,1408.065,1,145.686,0,normal,0,nominal
2026-01-01 06:00:00,2,67.69,2.532,26.635,1,1,1284.636,1,123.432,0,normal,0,nominal
2026-01-01 06:00:00,3,61.428,2.35,28.475,1,1,1123.308,1,115.211,0,normal,0,nominal
2026-01-01 06:01:00,1,74.782,4.05,23.661,1,1,1411.352,1,145.705,0,normal,0,nominal
2026-01-01 06:01:00,2,67.424,3.278,26.579,1,1,1293.644,1,132.358,0,normal,0,nominal
2026-01-01 06:01:00,3,62.554,2.269,28.899,1,1,1111.133,1,113.811,0,normal,0,nominal
2026-01-01 06:02:00,1,73.636,3.838,23.509,1,1,1425.607,1,143.812,0,normal,0,nominal
2026-01-01 06:02:00,2,66.972,3.18,26.302,1,1,1276.214,1,130.561,0,normal,0,nominal
2026-01-01 06:02:00,3,62.363,2.28,28.761,1,1,1109.616,1,113.886,0,normal,0,nominal
2026-01-01 06:03:00,1,73.206,3.151,23.559,1,1,1425.402,1,135.902,0,normal,0,nominal
2026-01-01 06:03:00,2,66.611,3.221,26.137,1,1,1254.689,1,130.222,0,normal,0,nominal
2026-01-01 06:03:00,3,61.361,2.073,28.589,1,1,1105.879,1,111.362,0,normal,0,nominal
2026-01-01 06:04:00,1,72.154,2.98,23.761,1,1,1397.186,1,132.865,0,normal,0,nominal
2026-01-01 06:04:00,2,67.408,3.102,26.185,1,1,1265.374,1,129.259,0,normal,0,nominal
2026-01-01 06:04:00,3,61.131,2.1,28.804,1,1,1112.104,1,111.906,0,normal,0,nominal
2026-01-01 06:05:00,1,72.47,3.248,24.048,1,1,1407.801,1,136.35,0,normal,0,nominal
2026-01-01 06:05:00,2,66.514,3.114,26.334,1,1,1266.573,1,129.436,0,normal,0,nominal
2026-01-01 06:05:00,3,62.52,2.115,28.736,1,1,1106.038,1,111.854,0,normal,0,nominal
2026-01-01 06:06:00,1,73.672,3.321,23.819,1,1,1408.093,1,137.199,0,normal,0,nominal
2026-01-01 06:06:00,2,66.468,3.562,26.415,1,1,1254.351,1,134.125,0,normal,0,nominal
2026-01-01 06:06:00,3,62.634,2.236,28.801,1,1,1120.217,1,113.78,0,normal,0,nominal
2026-01-01 06:07:00,1,74.213,3.718,23.547,1,1,1425.592,1,142.43,0,normal,0,nominal
2026-01-01 06:07:00,2,66.754,3.783,26.794,1,1,1258.086,1,136.811,0,normal,0,nominal
2026-01-01 06:07:00,3,61.196,2.596,28.644,1,1,1125.982,1,118.146,0,normal,0,nominal
2026-01-01 06:08:00,1,72.908,3.903,23.518,1,1,1433.884,1,144.873,0,normal,0,nominal
2026-01-01 06:08:00,2,66.568,3.46,26.547,1,1,1264.141,1,133.329,0,normal,0,nominal
2026-01-01 06:08:00,3,60.99,2.127,28.781,1,1,1113.397,1,112.268,0,normal,0,nominal
2026-01-01 06:09:00,1,73.736,3.866,23.87,1,1,1438.649,1,144.629,0,normal,0,nominal
2026-01-01 06:09:00,2,66.565,3.001,26.663,1,1,1256.394,1,127.755,0,normal,0,nominal
2026-01-01 06:09:00,3,60.636,2.106,28.797,1,1,1105.654,1,111.738,0,normal,0,nominal
2026-01-01 06:10:00,1,73.691,3.418,23.733,1,1,1429.134,1,139.11,0,normal,0,nominal
2026-01-01 06:10:00,2,67.323,2.814,26.228,1,1,1247.318,1,125.264,0,normal,0,nominal
2026-01-01 06:10:00,3,60.237,2.541,28.902,1,1,1099.336,1,116.491,0,normal,0,nominal
2026-01-01 06:11:00,1,74.789,3.531,23.835,1,1,1387.737,1,138.838,0,normal,0,nominal
2026-01-01 06:11:00,2,66.508,2.402,26.276,1,1,1238.534,1,120.191,0,normal,0,nominal
2026-01-01 06:11:00,3,60.832,2.228,28.843,1,1,1086.193,1,112.398,0,normal,0,nominal
2026-01-01 06:12:00,1,73.9,3.648,23.519,1,1,1414.903,1,141.214,0,normal,0,nominal
2026-01-01 06:12:00,2,65.776,2.828,26.565,1,1,1220.997,1,125.848,0,normal,0,leak_progression
2026-01-01 06:12:00,3,60.155,2.549,28.974,1,1,1119.009,1,117.333,0,normal,0,nominal
2026-01-01 06:13:00,1,74.08,3.826,23.534,1,1,1429.007,1,143.797,0,normal,0,nominal
2026-01-01 06:13:00,2,64.226,2.595,26.892,1,1,1236.829,1,125.111,0,normal,0,leak_progression
2026-01-01 06:13:00,3,60.732,2.398,28.929,1,1,1105.582,1,115.09,0,normal,0,nominal
2026-01-01 06:14:00,1,71.513,3.569,24.005,1,1,1428.751,1,140.837,0,normal,0,nominal
2026-01-01 06:14:00,2,63.121,2.619,27.331,1,1,1242.851,1,127.056,0,normal,1,leak_progression
2026-01-01 06:14:00,3,61.041,2.194,28.754,1,1,1119.682,1,113.281,0,normal,0,nominal
2026-01-01 06:15:00,1,73.857,3.388,23.616,1,1,1421.177,1,138.469,0,normal,0,nominal
2026-01-01 06:15:00,2,60.837,2.673,27.492,1,1,1243.897,1,129.204,0,warning,1,leak_progression
2026-01-01 06:15:00,3,61.794,2.396,28.374,1,1,1128.272,1,115.927,0,normal,0,nominal
2026-01-01 06:16:00,1,74.361,3.733,23.525,1,1,1402.869,1,141.738,0,normal,0,nominal
2026-01-01 06:16:00,2,59.167,2.233,28.009,1,1,1249.355,1,125.343,0,warning,1,leak_progression
2026-01-01 06:16:00,3,61.241,2.396,28.541,1,1,1127.286,1,115.887,0,normal,0,nominal
2026-01-01 06:17:00,1,72.649,3.382,23.546,1,1,1416.424,1,138.218,0,normal,0,nominal
2026-01-01 06:17:00,2,55.574,1.886,28.27,1,1,1267.388,1,122.976,0,warning,1,leak_progression
2026-01-01 06:17:00,3,63.111,2.019,28.357,1,1,1112.57,1,110.998,0,normal,0,nominal
2026-01-01 06:18:00,1,73.488,3.482,23.795,1,1,1428.043,1,139.813,0,normal,0,nominal
2026-01-01 06:18:00,2,53.978,2.006,28.955,1,1,1255.528,1,125.419,0,warning,1,leak_progression
2026-01-01 06:18:00,3,62.174,2.296,28.763,1,1,1082.387,1,113.035,0,normal,0,nominal
2026-01-01 06:19:00,1,72.87,3.275,23.979,1,1,1444.181,1,138.037,0,normal,0,nominal
2026-01-01 06:19:00,2,50.883,2.177,28.949,1,1,1275.821,1,129.847,1,warning,1,leak_progression
2026-01-01 06:19:00,3,60.579,2.298,28.537,1,1,1085.869,1,113.187,0,normal,0,nominal
2026-01-01 06:20:00,1,73.34,3.43,23.791,1,1,1431.738,1,139.356,0,normal,0,nominal
2026-01-01 06:20:00,2,48.794,2.393,29.372,1,1,1282.703,1,134.503,1,warning,1,leak_progression
2026-01-01 06:20:00,3,62.034,2.165,28.561,1,1,1099.417,1,112.174,0,normal,0,nominal
2026-01-01 06:21:00,1,73.258,3.446,23.702,1,1,1411.944,1,138.779,0,normal,0,nominal
2026-01-01 06:21:00,2,46.958,2.328,29.581,1,1,1260.986,1,134.304,1,fault,1,leak_progression
2026-01-01 06:21:00,3,61.98,2.334,28.505,1,1,1112.141,1,114.605,0,normal,0,nominal
2026-01-01 06:22:00,1,74.611,3.402,23.957,1,1,1395.17,1,137.641,0,normal,0,nominal
2026-01-01 06:22:00,2,44.167,2.432,30.08,1,1,1286.675,1,138.293,1,fault,1,leak_progression
2026-01-01 06:22:00,3,56.656,1.682,28.534,1,1,1118.905,1,107.36,0,normal,0,nominal
2026-01-01 06:23:00,1,75.387,3.539,23.676,1,1,1429.08,1,140.499,0,normal,0,nominal
2026-01-01 06:23:00,2,42.228,2.158,30.339,1,1,1268.104,1,135.217,1,fault,1,leak_progression
2026-01-01 06:23:00,3,59.658,2.09,28.386,1,1,1107.788,1,111.632,0,normal,0,nominal
2026-01-01 06:24:00,1,75.285,3.067,23.737,1,1,1428.0,1,135.039,0,normal,0,nominal
2026-01-01 06:24:00,2,40.422,1.99,30.778,1,1,1264.382,1,134.14,1,fault,1,leak_progression
2026-01-01 06:24:00,3,61.455,2.029,28.552,1,1,1104.925,1,110.823,0,normal,0,nominal
2026-01-01 06:25:00,1,74.355,3.069,23.848,1,1,1422.928,1,134.868,0,normal,0,nominal
2026-01-01 06:25:00,2,38.972,2.145,31.545,1,1,1243.227,1,137.193,1,fault,1,leak_progression
2026-01-01 06:25:00,3,62.594,2.036,29.074,1,1,1125.719,1,111.696,0,normal,0,nominal
2026-01-01 06:26:00,1,72.913,3.571,23.791,1,1,1404.089,1,139.916,0,normal,0,nominal
2026-01-01 06:26:00,2,38.084,1.836,31.608,1,1,1229.069,1,131.988,1,fault,1,leak_progression
2026-01-01 06:26:00,3,61.904,2.338,29.121,1,1,1104.591,1,114.358,0,normal,0,nominal
2026-01-01 06:27:00,1,73.577,3.574,24.031,1,1,1409.078,1,140.144,0,normal,0,nominal
2026-01-01 06:27:00,2,37.544,1.929,31.541,1,1,1233.589,1,133.566,1,fault,1,leak_progression
2026-01-01 06:27:00,3,58.873,2.175,29.173,1,1,1122.491,1,113.168,0,normal,0,nominal
2026-01-01 06:28:00,1,74.921,3.038,23.988,1,1,1407.997,1,133.945,0,normal,0,nominal
2026-01-01 06:28:00,2,35.829,1.928,31.957,1,1,1235.827,1,133.63,1,fault,1,leak_progression
2026-01-01 06:28:00,3,59.856,2.044,28.733,1,1,1125.613,1,111.776,0,normal,0,nominal
2026-01-01 06:29:00,1,74.113,3.369,23.787,1,1,1429.11,1,138.552,0,normal,0,nominal
2026-01-01 06:29:00,2,35.436,2.031,32.232,1,1,1221.772,1,134.656,1,fault,1,leak_progression
2026-01-01 06:29:00,3,61.115,2.191,28.931,1,1,1110.948,1,112.915,0,normal,0,nominal
2026-01-01 06:30:00,1,73.516,3.686,24.01,1,1,1446.575,1,142.864,0,normal,0,nominal
2026-01-01 06:30:00,2,34.244,1.74,32.419,1,1,1232.907,1,130.686,1,fault,1,leak_progression
2026-01-01 06:30:00,3,61.314,1.995,28.978,1,1,1139.109,1,111.728,0,normal,0,nominal
2026-01-01 06:31:00,1,73.032,3.602,23.488,1,1,1427.335,1,141.162,0,normal,0,nominal
2026-01-01 06:31:00,2,34.556,2.006,32.743,1,1,1240.075,1,134.977,1,fault,1,leak_progression
2026-01-01 06:31:00,3,61.923,2.036,29.11,1,1,1124.533,1,111.65,0,normal,0,nominal
2026-01-01 06:32:00,1,72.62,3.716,23.622,1,1,1402.061,1,141.518,0,normal,0,nominal
2026-01-01 06:32:00,2,35.085,1.789,32.729,1,1,1235.028,1,131.503,1,fault,1,leak_progression
2026-01-01 06:32:00,3,60.491,2.459,28.64,1,1,1112.294,1,116.047,0,normal,0,nominal
2026-01-01 06:33:00,1,73.877,3.331,23.995,1,1,1403.253,1,137.128,0,normal,0,nominal
2026-01-01 06:33:00,2,36.271,1.798,32.718,1,1,1241.898,1,131.9,1,fault,1,leak_progression
2026-01-01 06:33:00,3,61.367,2.338,28.954,1,1,1094.219,1,113.972,0,normal,0,nominal
2026-01-01 06:34:00,1,74.005,3.528,23.94,1,1,1431.974,1,140.482,0,normal,0,nominal
2026-01-01 06:34:00,2,37.028,1.865,32.529,1,1,1237.655,1,132.752,1,fault,1,leak_progression
2026-01-01 06:34:00,3,60.257,2.069,28.827,1,1,1095.492,1,110.924,0,normal,0,nominal
2026-01-01 06:35:00,1,73.34,3.748,23.654,1,1,1437.152,1,143.214,0,normal,0,nominal
2026-01-01 06:35:00,2,36.222,1.58,32.196,1,1,1232.229,1,128.229,1,fault,1,leak_progression
2026-01-01 06:35:00,3,62.598,2.19,28.835,1,1,1114.863,1,113.055,0,normal,0,nominal
2026-01-01 06:36:00,1,73.892,3.599,23.88,1,1,1424.37,1,141.013,0,normal,0,nominal
2026-01-01 06:36:00,2,36.66,1.908,31.888,1,1,1244.619,1,133.664,1,fault,1,leak_progression
2026-01-01 06:36:00,3,61.541,2.098,28.923,1,1,1096.51,1,111.29,0,normal,0,nominal
2026-01-01 06:37:00,1,73.027,3.56,23.924,1,1,1424.992,1,140.587,0,normal,0,nominal
2026-01-01 06:37:00,2,36.703,1.793,31.94,1,1,1268.122,1,132.82,1,fault,1,leak_progression
2026-01-01 06:37:00,3,61.884,2.075,28.403,1,1,1101.051,1,111.205,0,normal,0,nominal
2026-01-01 06:38:00,1,73.356,3.386,24.224,1,1,1418.05,1,138.322,0,normal,0,nominal
2026-01-01 06:38:00,2,37.127,1.988,31.664,1,1,1252.29,1,135.171,1,fault,1,leak_progression
2026-01-01 06:38:00,3,62.259,1.792,28.605,1,1,1097.191,1,107.805,0,normal,0,nominal
2026-01-01 06:39:00,1,72.435,3.663,24.067,1,1,1413.59,1,141.342,0,normal,0,nominal
2026-01-01 06:39:00,2,36.602,2.043,31.481,1,1,1252.035,1,135.992,1,fault,1,leak_progression
2026-01-01 06:39:00,3,61.607,1.863,28.759,1,1,1094.966,1,108.537,0,normal,0,nominal
2026-01-01 06:40:00,1,72.768,3.589,24.057,1,1,1423.976,1,140.889,0,normal,0,nominal
2026-01-01 06:40:00,2,36.549,1.563,31.87,1,1,1267.921,1,129.333,1,fault,1,leak_progression
2026-01-01 06:40:00,3,60.451,2.315,28.874,1,1,1081.067,1,113.197,0,normal,0,nominal
2026-01-01 06:41:00,1,73.295,3.299,23.909,1,1,1412.023,1,137.097,0,normal,0,nominal
2026-01-01 06:41:00,2,36.261,1.464,32.07,1,1,1260.501,1,127.556,1,fault,1,leak_progression
2026-01-01 06:41:00,3,59.642,2.549,28.742,1,1,1079.209,1,115.825,0,normal,0,nominal
2026-01-01 06:42:00,1,73.405,3.396,24.029,1,1,1408.233,1,138.067,0,normal,0,nominal
2026-01-01 06:42:00,2,36.761,1.66,32.14,1,1,1229.804,1,129.346,1,fault,1,leak_progression
2026-01-01 06:42:00,3,59.278,2.19,28.554,1,1,1100.102,1,112.489,0,normal,0,nominal
2026-01-01 06:43:00,1,74.468,3.91,23.789,1,1,1403.338,1,143.789,0,normal,0,nominal
2026-01-01 06:43:00,2,36.004,1.902,31.642,1,1,1226.312,1,132.887,1,fault,1,leak_progression
2026-01-01 06:43:00,3,62.077,2.575,28.597,1,1,1119.132,1,117.643,0,normal,0,nominal
2026-01-01 06:44:00,1,74.787,3.875,23.794,1,1,1418.468,1,143.968,0,normal,0,nominal
2026-01-01 06:44:00,2,37.291,1.807,31.444,1,1,1226.632,1,128.923,1,fault,1,leak_progression
2026-01-01 06:44:00,3,62.066,2.327,28.641,1,1,1114.443,1,114.608,0,normal,0,nominal
2026-01-01 06:45:00,1,73.818,3.969,23.637,1,1,1428.683,1,145.436,0,normal,0,nominal
2026-01-01 06:45:00,2,40.79,1.676,31.25,1,1,1243.758,1,125.266,1,fault,1,leak_progression
2026-01-01 06:45:00,3,61.784,2.018,28.715,1,1,1122.642,1,111.366,0,normal,0,nominal
2026-01-01 06:46:00,1,75.668,3.649,23.464,1,1,1437.633,1,142.095,0,normal,0,nominal
2026-01-01 06:46:00,2,43.522,2.011,30.625,1,1,1244.495,1,127.503,1,warning,1,leak_progression
2026-01-01 06:46:00,3,60.941,2.216,28.811,1,1,1111.719,1,113.228,0,normal,0,nominal
2026-01-01 06:47:00,1,74.727,3.919,23.92,1,1,1431.255,1,144.96,0,normal,0,nominal
2026-01-01 06:47:00,2,46.153,1.851,29.761,1,1,1243.042,1,122.928,0,warning,1,leak_progression
2026-01-01 06:47:00,3,61.487,2.247,28.713,1,1,1124.73,1,114.079,0,normal,0,nominal
2026-01-01 06:48:00,1,74.015,3.553,24.258,1,1,1393.405,1,139.305,0,normal,0,nominal
2026-01-01 06:48:00,2,50.853,2.178,29.393,1,1,1244.656,1,124.821,0,warning,1,leak_progression
2026-01-01 06:48:00,3,60.333,2.16,28.543,1,1,1081.631,1,111.44,0,normal,0,nominal
2026-01-01 06:49:00,1,73.058,4.035,24.113,1,1,1416.652,1,145.731,0,normal,0,nominal
2026-01-01 06:49:00,2,54.564,2.496,29.401,1,1,1239.624,1,127.132,0,warning,1,leak_progression
2026-01-01 06:49:00,3,60.212,2.325,28.364,1,1,1100.538,1,114.064,0,normal,0,nominal
2026-01-01 06:50:00,1,74.338,3.712,24.084,1,1,1432.08,1,142.606,0,normal,0,nominal
2026-01-01 06:50:00,2,56.3,2.156,28.788,1,1,1264.662,1,123.877,0,warning,1,leak_progression
2026-01-01 06:50:00,3,59.519,1.975,28.484,1,1,1104.161,1,110.173,0,normal,0,nominal
2026-01-01 06:51:00,1,74.193,3.678,23.777,1,1,1455.74,1,143.112,0,normal,0,nominal
2026-01-01 06:51:00,2,56.518,2.386,28.611,1,1,1274.324,1,127.09,0,warning,1,leak_progression
2026-01-01 06:51:00,3,60.653,2.19,28.691,1,1,1120.775,1,113.276,0,normal,0,nominal
2026-01-01 06:52:00,1,74.65,4.04,23.865,1,1,1429.57,1,146.28,0,normal,0,nominal
2026-01-01 06:52:00,2,56.855,2.391,28.169,1,1,1276.062,1,127.215,0,warning,1,leak_progression
2026-01-01 06:52:00,3,61.207,2.216,28.856,1,1,1106.683,1,113.043,0,normal,0,nominal
2026-01-01 06:53:00,1,75.861,3.776,24.023,1,1,1407.419,1,142.405,0,normal,0,nominal
2026-01-01 06:53:00,2,57.827,2.138,28.095,1,1,1268.853,1,123.811,0,warning,1,leak_progression
2026-01-01 06:53:00,3,60.605,2.214,28.796,1,1,1093.914,1,112.53,0,normal,0,nominal
2026-01-01 06:54:00,1,74.805,3.777,24.312,1,1,1411.125,1,142.553,0,normal,0,nominal
2026-01-01 06:54:00,2,56.634,2.455,28.182,1,1,1258.327,1,127.34,0,warning,1,leak_progression
2026-01-01 06:54:00,3,60.257,2.027,28.589,1,1,1105.81,1,110.833,0,normal,0,nominal
2026-01-01 06:55:00,1,75.846,3.725,24.315,1,1,1428.46,1,142.616,0,normal,0,nominal
2026-01-01 06:55:00,2,56.801,2.657,28.08,1,1,1258.469,1,129.842,0,warning,1,leak_progression
2026-01-01 06:55:00,3,58.555,2.338,28.598,1,1,1123.288,1,115.066,0,normal,0,nominal
2026-01-01 06:56:00,1,74.482,3.423,24.133,1,1,1431.355,1,139.252,0,normal,0,nominal
2026-01-01 06:56:00,2,56.518,2.642,28.141,1,1,1247.568,1,129.248,0,warning,1,leak_progression
2026-01-01 06:56:00,3,59.377,2.476,28.61,1,1,1104.365,1,115.939,0,normal,0,nominal
2026-01-01 06:57:00,1,74.771,3.738,24.012,1,1,1432.401,1,142.921,0,normal,0,nominal
2026-01-01 06:57:00,2,57.39,2.271,28.072,1,1,1256.808,1,125.004,0,warning,1,leak_progression
2026-01-01 06:57:00,3,59.599,2.497,28.729,1,1,1110.947,1,116.433,0,normal,0,nominal
2026-01-01 06:58:00,1,74.965,4.002,24.02,1,1,1437.256,1,146.138,0,normal,0,nominal
2026-01-01 06:58:00,2,58.781,2.097,27.7,1,1,1245.482,1,122.412,0,warning,1,leak_progression
2026-01-01 06:58:00,3,59.559,2.491,29.508,1,1,1128.991,1,117.045,0,normal,0,nominal
2026-01-01 06:59:00,1,74.657,4.222,23.752,1,1,1437.661,1,148.685,0,normal,0,nominal
2026-01-01 06:59:00,2,59.15,2.103,27.666,1,1,1232.929,1,122.014,0,warning,1,leak_progression
2026-01-01 06:59:00,3,59.451,2.711,29.57,1,1,1110.418,1,118.873,0,normal,0,nominal
2026-01-01 07:00:00,1,74.451,4.114,23.934,1,1,1427.672,1,147.058,0,normal,0,nominal
2026-01-01 07:00:00,2,57.677,2.857,27.569,1,1,1254.604,1,132.181,0,warning,1,leak_progression
2026-01-01 07:00:00,3,60.149,2.383,29.351,1,1,1088.192,1,114.253,0,normal,0,nominal
2026-01-01 07:01:00,1,72.972,4.242,23.913,1,1,1411.516,1,147.924,0,normal,0,nominal
2026-01-01 07:01:00,2,57.035,2.618,27.551,1,1,1246.62,1,128.92,0,warning,1,leak_progression
2026-01-01 07:01:00,3,60.88,2.065,29.159,1,1,1095.571,1,110.881,0,normal,0,nominal
2026-01-01 07:02:00,1,73.231,4.105,23.847,1,1,1407.88,1,146.21,0,normal,0,nominal
2026-01-01 07:02:00,2,57.076,2.481,27.781,1,1,1243.651,1,127.108,0,warning,1,leak_progression
2026-01-01 07:02:00,3,61.609,2.1,29.063,1,1,1119.325,1,112.185,0,normal,0,nominal
2026-01-01 07:03:00,1,73.296,3.865,23.988,1,1,1423.693,1,144.048,0,normal,0,nominal
2026-01-01 07:03:00,2,60.302,2.324,27.79,1,1,1241.263,1,125.068,0,warning,1,leak_progression
2026-01-01 07:03:00,3,61.22,2.278,28.78,1,1,1120.671,1,114.277,0,normal,0,nominal
2026-01-01 07:04:00,1,73.752,3.846,24.195,1,1,1450.585,1,144.85,0,normal,0,nominal
2026-01-01 07:04:00,2,60.384,2.204,28.064,1,1,1242.546,1,123.633,0,warning,1,leak_progression
2026-01-01 07:04:00,3,61.717,2.268,28.958,1,1,1119.445,1,114.115,0,normal,0,nominal
2026-01-01 07:05:00,1,74.107,3.286,24.597,1,1,1443.848,1,138.158,0,normal,0,nominal
2026-01-01 07:05:00,2,58.427,2.484,27.827,1,1,1256.185,1,127.622,0,warning,1,leak_progression
2026-01-01 07:05:00,3,62.74,2.088,28.769,1,1,1106.397,1,111.557,0,normal,0,nominal
2026-01-01 07:06:00,1,74.621,3.353,24.307,1,1,1428.958,1,138.361,0,normal,0,nominal
2026-01-01 07:06:00,2,58.361,2.689,27.828,1,1,1271.62,1,130.746,0,warning,1,leak_progression
2026-01-01 07:06:00,3,61.878,1.948,28.712,1,1,1087.977,1,109.243,0,normal,0,nominal
2026-01-01 07:07:00,1,74.348,3.183,24.309,1,1,1422.732,1,136.17,0,normal,0,nominal
2026-01-01 07:07:00,2,57.565,2.436,28.102,1,1,1263.249,1,127.293,0,warning,1,leak_progression
2026-01-01 07:07:00,3,62.282,1.769,28.858,1,1,1108.261,1,107.959,0,normal,0,nominal
2026-01-01 07:08:00,1,75.043,3.647,24.126,1,1,1406.829,1,140.904,0,normal,0,nominal
2026-01-01 07:08:00,2,57.385,2.422,28.084,1,1,1247.843,1,126.531,0,warning,1,leak_progression
2026-01-01 07:08:00,3,61.694,1.973,28.836,1,1,1102.142,1,110.067,0,normal,0,nominal
2026-01-01 07:09:00,1,73.412,3.241,24.195,1,1,1417.202,1,136.626,0,normal,0,nominal
2026-01-01 07:09:00,2,57.038,2.205,27.97,1,1,1239.081,1,123.512,0,warning,1,leak_progression
2026-01-01 07:09:00,3,57.82,1.992,29.001,1,1,1117.118,1,110.862,0,normal,0,nominal
2026-01-01 07:10:00,1,73.65,3.664,23.919,1,1,1425.367,1,141.797,0,normal,0,nominal
2026-01-01 07:10:00,2,56.967,2.419,27.969,1,1,1231.394,1,125.864,0,warning,1,leak_progression
2026-01-01 07:10:00,3,60.502,2.055,28.702,1,1,1114.917,1,111.5,0,normal,0,nominal
2026-01-01 07:11:00,1,72.887,3.807,23.858,1,1,1428.455,1,143.565,0,normal,0,nominal
2026-01-01 07:11:00,2,56.546,2.48,28.155,1,1,1261.478,1,127.769,0,warning,1,leak_progression
2026-01-01 07:11:00,3,60.347,2.306,29.24,1,1,1109.545,1,114.18,0,normal,0,nominal
2026-01-01 07:12:00,1,73.923,4.114,23.667,1,1,1435.48,1,147.362,0,normal,0,nominal
2026-01-01 07:12:00,2,58.031,2.606,28.058,1,1,1261.898,1,129.351,0,warning,1,leak_progression
2026-01-01 07:12:00,3,61.506,2.414,29.389,1,1,1119.64,1,115.809,0,normal,0,nominal
2026-01-01 07:13:00,1,73.561,3.869,23.529,1,1,1424.691,1,144.134,0,normal,0,nominal
2026-01-01 07:13:00,2,58.72,2.139,28.637,1,1,1254.955,1,123.295,0,warning,1,leak_progression
2026-01-01 07:13:00,3,60.957,2.416,29.015,1,1,1109.824,1,115.461,0,normal,0,nominal
2026-01-01 07:14:00,1,72.1,3.675,23.62,1,1,1424.156,1,141.882,0,normal,0,nominal
2026-01-01 07:14:00,2,58.292,1.999,28.445,1,1,1243.981,1,121.143,0,warning,1,leak_progression
2026-01-01 07:14:00,3,64.266,2.601,29.002,1,1,1098.672,1,117.164,0,normal,0,nominal
2026-01-01 07:15:00,1,73.034,3.975,23.93,1,1,1419.343,1,145.145,0,normal,0,nominal
2026-01-01 07:15:00,2,57.493,2.123,28.045,1,1,1259.633,1,123.28,0,warning,1,leak_progression
2026-01-01 07:15:00,3,61.544,2.4,28.546,1,1,1121.318,1,115.713,0,normal,0,nominal
2026-01-01 07:16:00,1,73.06,3.486,23.868,1,1,1400.294,1,138.804,0,normal,0,nominal
2026-01-01 07:16:00,2,57.518,2.768,28.319,1,1,1247.597,1,130.806,0,warning,1,leak_progression
2026-01-01 07:16:00,3,59.826,2.447,28.754,1,1,1132.631,1,116.679,0,normal,0,nominal
2026-01-01 07:17:00,1,73.15,3.343,23.817,1,1,1395.43,1,136.969,0,normal,0,nominal
2026-01-01 07:17:00,2,55.865,2.869,28.303,1,1,1230.939,1,131.431,0,warning,1,leak_progression
2026-01-01 07:17:00,3,60.691,2.429,28.896,1,1,1117.918,1,115.919,0,normal,0,nominal
2026-01-01 07:18:00,1,73.006,3.227,24.094,1,1,1398.557,1,135.751,0,normal,0,nominal
2026-01-01 07:18:00,2,57.074,2.492,28.04,1,1,1214.64,1,126.132,0,warning,1,leak_progression
2026-01-01 07:18:00,3,63.179,2.2,28.974,1,1,1102.2,1,112.687,0,normal,0,nominal
2026-01-01 07:19:00,1,73.442,3.521,23.855,1,1,1425.88,1,140.171,0,normal,0,nominal
2026-01-01 07:19:00,2,58.049,2.638,27.865,1,1,1240.514,1,128.933,0,warning,1,leak_progression
2026-01-01 07:19:00,3,62.913,2.27,29.151,1,1,1104.934,1,113.589,0,normal,0,nominal
2026-01-01 07:20:00,1,73.205,3.691,23.825,1,1,1435.692,1,142.5,0,normal,0,nominal
2026-01-01 07:20:00,2,57.774,3.022,27.964,1,1,1248.32,1,133.981,0,warning,1,leak_progression
2026-01-01 07:20:00,3,62.023,2.506,29.094,1,1,1108.417,1,116.436,0,normal,0,nominal
2026-01-01 07:21:00,1,76.794,4.14,24.028,1,1,1424.137,1,147.224,0,normal,0,nominal
2026-01-01 07:21:00,2,57.931,2.571,27.824,1,1,1266.979,1,129.104,0,warning,1,leak_progression
2026-01-01 07:21:00,3,60.529,2.431,28.717,1,1,1101.533,1,115.316,0,normal,0,nominal
2026-01-01 07:22:00,1,75.558,3.709,24.169,1,1,1419.383,1,142.095,0,normal,0,nominal
2026-01-01 07:22:00,2,58.234,2.232,27.884,1,1,1271.241,1,125.07,0,warning,1,leak_progression
2026-01-01 07:22:00,3,60.625,2.761,28.706,1,1,1133.953,1,120.34,0,normal,0,nominal
2026-01-01 07:23:00,1,74.765,3.688,24.158,1,1,1421.656,1,141.939,0,normal,0,nominal
2026-01-01 07:23:00,2,58.976,2.109,28.22,1,1,1261.261,1,123.162,0,warning,1,leak_progression
2026-01-01 07:23:00,3,60.117,2.794,28.978,1,1,1114.208,1,119.971,0,normal,0,nominal
2026-01-01 07:24:00,1,74.12,4.051,24.3,1,1,1415.786,1,145.882,0,normal,0,nominal
2026-01-01 07:24:00,2,59.849,2.752,28.26,1,1,1283.189,1,131.962,0,warning,1,leak_progression
2026-01-01 07:24:00,3,61.135,2.851,28.798,1,1,1103.519,1,120.218,0,normal,0,nominal
2026-01-01 07:25:00,1,72.043,3.704,24.061,1,1,1434.043,1,142.587,0,normal,0,nominal
2026-01-01 07:25:00,2,59.235,2.456,27.969,1,1,1264.959,1,127.599,0,warning,1,leak_progression
2026-01-01 07:25:00,3,60.944,2.644,28.835,1,1,1109.96,1,118.082,0,normal,0,nominal
2026-01-01 07:26:00,1,72.986,3.698,24.301,1,1,1423.204,1,142.11,0,normal,0,nominal
2026-01-01 07:26:00,2,58.588,2.351,28.364,1,1,1282.975,1,126.987,0,warning,1,leak_progression
2026-01-01 07:26:00,3,60.188,2.445,28.65,1,1,1103.629,1,115.554,0,normal,0,nominal
2026-01-01 07:27:00,1,71.463,3.915,24.442,1,1,1428.71,1,144.817,0,normal,0,nominal
2026-01-01 07:27:00,2,58.337,2.805,28.759,1,1,1261.788,1,131.811,0,warning,1,leak_progression
2026-01-01 07:27:00,3,59.382,2.302,28.948,1,1,1108.162,1,114.084,0,normal,0,nominal
2026-01-01 07:28:00,1,72.264,3.644,24.298,1,1,1430.567,1,141.773,0,normal,0,nominal
2026-01-01 07:28:00,2,58.364,2.654,28.499,1,1,1255.811,1,129.712,0,warning,1,leak_progression
2026-01-01 07:28:00,3,60.957,2.182,28.71,1,1,1105.715,1,112.609,0,normal,0,nominal
2026-01-01 07:29:00,1,73.451,3.863,24.298,1,1,1445.562,1,144.855,0,normal,0,nominal
2026-01-01 07:29:00,2,58.092,2.694,28.287,1,1,1251.758,1,130.046,0,warning,1,leak_progression
2026-01-01 07:29:00,3,60.113,2.113,28.842,1,1,1096.735,1,111.48,0,normal,0,nominal
2026-01-01 07:30:00,1,73.482,3.985,23.876,1,1,1432.081,1,145.742,0,normal,0,nominal
2026-01-01 07:30:00,2,59.032,3.049,28.541,1,1,1234.566,1,133.801,0,warning,1,leak_progression
2026-01-01 07:30:00,3,60.583,2.524,29.028,1,1,1110.458,1,116.722,0,normal,0,nominal
2026-01-01 07:31:00,1,74.244,3.798,23.714,1,1,1421.009,1,143.179,0,normal,0,nominal
2026-01-01 07:31:00,2,58.581,3.114,28.493,1,1,1250.45,1,135.212,0,warning,1,leak_progression
2026-01-01 07:31:00,3,60.081,2.621,28.886,1,1,1132.273,1,118.67,0,normal,0,nominal
2026-01-01 07:32:00,1,74.425,3.554,23.716,1,1,1400.151,1,139.578,0,normal,0,nominal
2026-01-01 07:32:00,2,58.611,3.331,28.303,1,1,1241.153,1,137.546,0,warning,1,leak_progression
2026-01-01 07:32:00,3,60.368,2.623,28.89,1,1,1114.687,1,118.017,0,normal,0,nominal
2026-01-01 07:33:00,1,76.237,3.681,23.59,1,1,1403.998,1,141.185,0,normal,0,nominal
2026-01-01 07:33:00,2,57.524,3.493,28.03,1,1,1268.192,1,140.581,0,warning,1,leak_progression
2026-01-01 07:33:00,3,61.208,2.505,29.17,1,1,1113.536,1,116.618,0,normal,0,nominal
2026-01-01 07:34:00,1,75.429,3.687,23.77,1,1,1412.569,1,141.577,0,normal,0,nominal
2026-01-01 07:34:00,2,56.684,2.843,27.935,1,1,1266.269,1,132.448,0,warning,1,leak_progression
2026-01-01 07:34:00,3,60.465,2.261,28.916,1,1,1114.06,1,113.84,0,normal,0,nominal
2026-01-01 07:35:00,1,73.052,3.774,23.92,1,1,1414.5,1,142.657,0,normal,0,nominal
2026-01-01 07:35:00,2,56.443,2.674,28.202,1,1,1252.939,1,129.85,0,warning,1,leak_progression
2026-01-01 07:35:00,3,60.843,2.193,29.053,1,1,1118.694,1,113.232,0,normal,0,nominal
2026-01-01 07:36:00,1,74.031,3.539,23.823,1,1,1413.815,1,139.918,0,normal,0,nominal
2026-01-01 07:36:00,2,57.142,2.446,28.277,1,1,1255.053,1,127.1,0,warning,1,leak_progression
2026-01-01 07:36:00,3,61.145,2.469,28.799,1,1,1128.825,1,116.792,0,normal,0,nominal
2026-01-01 07:37:00,1,74.257,3.627,23.735,1,1,1418.94,1,141.126,0,normal,0,nominal
2026-01-01 07:37:00,2,58.039,2.463,28.331,1,1,1267.696,1,127.792,0,warning,1,leak_progression
2026-01-01 07:37:00,3,60.49,2.432,28.633,1,1,1127.28,1,116.308,0,normal,0,nominal
2026-01-01 07:38:00,1,72.101,3.522,23.857,1,1,1409.903,1,139.582,0,normal,0,nominal
2026-01-01 07:38:00,2,58.046,2.508,28.481,1,1,1275.614,1,128.654,0,warning,1,leak_progression
2026-01-01 07:38:00,3,61.889,2.567,28.571,1,1,1142.398,1,118.435,0,normal,0,nominal
2026-01-01 07:39:00,1,74.021,3.723,23.839,1,1,1435.49,1,142.864,0,normal,0,nominal
2026-01-01 07:39:00,2,56.45,2.354,28.424,1,1,1272.539,1,126.623,0,warning,1,leak_progression
2026-01-01 07:39:00,3,60.573,2.677,28.67,1,1,1128.568,1,119.175,0,normal,0,nominal
2026-01-01 07:40:00,1,73.383,3.542,24.465,1,1,1422.863,1,140.302,0,normal,0,nominal
2026-01-01 07:40:00,2,56.866,2.185,28.342,1,1,1266.415,1,124.299,0,warning,1,leak_progression
2026-01-01 07:40:00,3,59.306,2.764,28.658,1,1,1128.322,1,120.164,0,normal,0,nominal
2026-01-01 07:41:00,1,72.713,3.825,24.361,1,1,1401.456,1,142.742,0,normal,0,nominal
2026-01-01 07:41:00,2,57.117,2.442,28.31,1,1,1251.022,1,126.901,0,warning,1,leak_progression
2026-01-01 07:41:00,3,59.759,2.255,28.642,1,1,1125.679,1,114.204,0,normal,0,nominal
2026-01-01 07:42:00,1,73.786,4.074,24.115,1,1,1409.284,1,145.906,0,normal,0,nominal
2026-01-01 07:42:00,2,56.836,2.358,28.039,1,1,1237.022,1,125.326,0,warning,1,leak_progression
2026-01-01 07:42:00,3,60.44,2.109,28.66,1,1,1106.76,1,111.815,0,normal,0,nominal
2026-01-01 07:43:00,1,72.614,3.474,23.895,1,1,1416.247,1,139.274,0,normal,0,nominal
2026-01-01 07:43:00,2,57.626,2.521,28.246,1,1,1247.61,1,127.756,0,warning,1,leak_progression
2026-01-01 07:43:00,3,59.718,2.202,28.726,1,1,1115.011,1,113.193,0,normal,0,nominal
2026-01-01 07:44:00,1,72.628,3.66,23.878,1,1,1400.84,1,140.821,0,normal,0,nominal
2026-01-01 07:44:00,2,57.109,2.912,27.811,1,1,1232.8,1,132.029,0,warning,1,leak_progression
2026-01-01 07:44:00,3,59.829,2.35,28.246,1,1,1106.056,1,114.556,0,normal,0,nominal
2026-01-01 07:45:00,1,73.425,3.676,24.194,1,1,1409.528,1,141.333,0,normal,0,nominal
2026-01-01 07:45:00,2,55.299,2.745,28.093,1,1,1242.518,1,130.329,0,warning,1,leak_progression
2026-01-01 07:45:00,3,59.795,2.189,28.329,1,1,1136.379,1,113.85,0,normal,0,nominal
2026-01-01 07:46:00,1,74.237,3.392,23.876,1,1,1421.804,1,138.533,0,normal,0,nominal
2026-01-01 07:46:00,2,55.914,2.234,28.247,1,1,1275.526,1,125.256,0,warning,1,leak_progression
2026-01-01 07:46:00,3,60.223,1.966,28.288,1,1,1123.67,1,110.809,0,normal,0,nominal
2026-01-01 07:47:00,1,73.635,3.425,23.731,1,1,1426.14,1,139.076,0,normal,0,nominal
2026-01-01 07:47:00,2,55.173,2.799,28.548,1,1,1292.699,1,132.909,0,warning,1,leak_progression
2026-01-01 07:47:00,3,60.083,1.854,28.595,1,1,1122.836,1,109.493,0,normal,0,nominal
2026-01-01 07:48:00,1,73.917,3.097,23.825,1,1,1403.568,1,134.456,0,normal,0,nominal
2026-01-01 07:48:00,2,55.339,2.792,28.242,1,1,1269.966,1,131.956,0,warning,1,leak_progression
2026-01-01 07:48:00,3,60.015,2.204,29.04,1,1,1113.333,1,113.156,0,normal,0,nominal
2026-01-01 07:49:00,1,73.108,3.233,23.967,1,1,1389.251,1,135.47,0,normal,0,nominal
2026-01-01 07:49:00,2,56.5,2.57,28.554,1,1,1247.419,1,128.348,0,warning,1,leak_progression
2026-01-01 07:49:00,3,58.563,1.835,28.927,1,1,1105.004,1,108.592,0,normal,0,nominal
2026-01-01 07:50:00,1,73.588,3.767,24.195,1,1,1391.79,1,141.708,0,normal,0,nominal
2026-01-01 07:50:00,2,57.889,2.756,28.091,1,1,1240.815,1,130.403,0,warning,1,leak_progression
2026-01-01 07:50:00,3,59.384,1.782,29.173,1,1,1128.152,1,108.866,0,normal,0,nominal
2026-01-01 07:51:00,1,74.673,3.877,24.52,1,1,1409.611,1,143.655,0,normal,0,nominal
2026-01-01 07:51:00,2,59.993,2.517,28.228,1,1,1240.492,1,127.429,0,warning,1,leak_progression
2026-01-01 07:51:00,3,61.23,1.81,28.79,1,1,1144.038,1,109.791,0,normal,0,nominal
2026-01-01 07:52:00,1,74.481,4.061,24.26,1,1,1427.242,1,146.434,0,normal,0,nominal
2026-01-01 07:52:00,2,59.264,2.433,28.06,1,1,1239.96,1,126.366,0,warning,1,leak_progression
2026-01-01 07:52:00,3,59.901,1.88,29.116,1,1,1136.747,1,110.311,0,normal,0,nominal
2026-01-01 07:53:00,1,74.015,3.884,24.141,1,1,1411.836,1,143.818,0,normal,0,nominal
2026-01-01 07:53:00,2,57.807,2.53,27.848,1,1,1222.913,1,126.918,0,warning,1,leak_progression
2026-01-01 07:53:00,3,60.104,2.505,29.515,1,1,1143.452,1,117.757,0,normal,0,nominal
2026-01-01 07:54:00,1,75.051,4.166,24.06,1,1,1433.764,1,147.89,0,normal,0,nominal
2026-01-01 07:54:00,2,57.367,2.342,27.549,1,1,1221.449,1,124.539,0,warning,1,leak_progression
2026-01-01 07:54:00,3,61.687,2.396,29.17,1,1,1140.48,1,116.395,0,normal,0,nominal
2026-01-01 07:55:00,1,73.216,4.048,23.846,1,1,1412.55,1,145.73,0,normal,0,nominal
2026-01-01 07:55:00,2,57.719,2.341,28.019,1,1,1241.86,1,125.306,0,warning,1,leak_progression
2026-01-01 07:55:00,3,61.03,2.485,28.837,1,1,1155.326,1,117.975,0,normal,0,nominal
2026-01-01 07:56:00,1,74.856,4.125,23.835,1,1,1409.522,1,146.501,0,normal,0,nominal
2026-01-01 07:56:00,2,57.231,2.218,28.307,1,1,1261.728,1,124.535,0,warning,1,leak_progression
2026-01-01 07:56:00,3,59.911,2.343,28.571,1,1,1134.83,1,115.565,0,normal,0,nominal
2026-01-01 07:57:00,1,73.44,4.208,24.102,1,1,1429.502,1,148.208,0,normal,0,nominal
2026-01-01 07:57:00,2,58.239,2.445,28.605,1,1,1265.679,1,127.499,0,warning,1,leak_progression
2026-01-01 07:57:00,3,59.9,2.14,28.955,1,1,1123.18,1,112.796,0,normal,0,nominal
2026-01-01 07:58:00,1,74.979,3.866,23.897,1,1,1412.951,1,143.652,0,normal,0,nominal
2026-01-01 07:58:00,2,58.921,2.644,28.214,1,1,1242.119,1,129.07,0,warning,1,leak_progression
2026-01-01 07:58:00,3,59.489,2.134,29.036,1,1,1121.546,1,112.661,0,normal,0,nominal
2026-01-01 07:59:00,1,75.186,3.709,24.062,1,1,1420.052,1,142.118,0,normal,0,nominal
2026-01-01 07:59:00,2,59.184,3.08,28.213,1,1,1261.031,1,135.192,0,warning,1,leak_progression
2026-01-01 07:59:00,3,61.228,2.147,29.051,1,1,1112.535,1,112.462,0,normal,0,nominal
2026-01-01 06:00:00,1,72.976,3.319,23.677,1,1,1442.553,1,138.484,0,normal,0,nominal
2026-01-01 06:00:00,2,67.428,2.775,26.066,1,1,1232.742,1,124.259,0,normal,0,nominal
2026-01-01 06:00:00,3,62.154,2.218,28.275,1,1,1123.495,1,113.696,0,normal,0,nominal
2026-01-01 06:01:00,1,73.204,3.649,23.63,1,1,1431.931,1,141.872,0,normal,0,nominal
2026-01-01 06:01:00,2,67.192,2.531,26.385,1,1,1218.627,1,120.909,0,normal,0,nominal
2026-01-01 06:01:00,3,61.48,2.16,28.96,1,1,1129.032,1,113.242,0,normal,0,nominal
2026-01-01 06:02:00,1,73.936,4.091,23.666,1,1,1420.387,1,146.518,0,normal,0,nominal
2026-01-01 06:02:00,2,67.152,2.926,26.576,1,1,1234.788,1,126.07,0,normal,0,nominal
2026-01-01 06:02:00,3,60.842,2.284,28.92,1,1,1122.236,1,114.416,0,normal,0,nominal
2026-01-01 06:03:00,1,73.933,3.574,23.771,1,1,1425.569,1,140.774,0,normal,0,nominal
2026-01-01 06:03:00,2,67.006,2.989,26.435,1,1,1250.283,1,127.385,0,normal,0,nominal
2026-01-01 06:03:00,3,60.377,2.112,28.67,1,1,1118.76,1,112.305,0,normal,0,nominal
2026-01-01 06:04:00,1,74.097,3.414,23.967,1,1,1429.265,1,139.072,0,normal,0,nominal
2026-01-01 06:04:00,2,67.087,2.8,26.39,1,1,1248.587,1,125.143,0,normal,0,nominal
2026-01-01 06:04:00,3,59.952,2.245,28.932,1,1,1103.173,1,113.24,0,normal,0,nominal
2026-01-01 06:05:00,1,72.936,3.528,23.972,1,1,1426.331,1,140.273,0,normal,0,nominal
2026-01-01 06:05:00,2,66.966,2.529,26.128,1,1,1255.961,1,122.315,0,normal,0,nominal
2026-01-01 06:05:00,3,62.093,1.936,28.825,1,1,1107.689,1,109.852,0,normal,0,nominal
2026-01-01 06:06:00,1,73.629,3.392,23.993,1,1,1428.539,1,138.788,0,normal,0,nominal
2026-01-01 06:06:00,2,66.584,2.545,25.928,1,1,1238.738,1,121.838,0,normal,0,nominal
2026-01-01 06:06:00,3,62.098,1.936,28.963,1,1,1084.25,1,108.967,0,normal,0,nominal
2026-01-01 06:07:00,1,73.781,3.216,23.518,1,1,1423.249,1,136.565,0,normal,0,nominal
2026-01-01 06:07:00,2,66.697,2.514,26.172,1,1,1249.585,1,121.901,0,normal,0,nominal
2026-01-01 06:07:00,3,61.092,2.052,29.072,1,1,1125.231,1,111.851,0,normal,0,nominal
2026-01-01 06:08:00,1,73.717,3.431,23.01,1,1,1434.661,1,138.399,0,normal,0,demand_spike
2026-01-01 06:08:00,2,67.129,2.876,25.818,1,1,1293.66,1,126.995,0,normal,0,demand_spike
2026-01-01 06:08:00,3,59.866,2.323,29.304,1,1,1151.255,1,115.555,0,normal,0,demand_spike
2026-01-01 06:09:00,1,71.128,4.035,23.03,1,1,1504.024,1,146.429,0,warning,0,demand_spike
2026-01-01 06:09:00,2,65.568,2.591,25.981,1,1,1309.083,1,124.063,0,warning,0,demand_spike
2026-01-01 06:09:00,3,54.703,2.481,28.796,1,1,1188.602,1,118.344,0,warning,0,demand_spike
2026-01-01 06:10:00,1,67.264,4.743,23.231,1,1,1576.645,1,155.185,0,warning,0,demand_spike
2026-01-01 06:10:00,2,62.385,2.975,26.191,1,1,1382.679,1,130.359,0,warning,0,demand_spike
2026-01-01 06:10:00,3,52.436,2.799,28.635,1,1,1257.838,1,123.884,0,warning,0,demand_spike
2026-01-01 06:11:00,1,62.683,5.158,23.412,1,1,1629.317,1,159.973,0,warning,0,demand_spike
2026-01-01 06:11:00,2,59.737,3.594,26.093,1,1,1442.985,1,138.156,0,warning,0,demand_spike
2026-01-01 06:11:00,3,50.853,3.161,28.977,1,1,1332.91,1,129.885,0,warning,0,demand_spike
2026-01-01 06:12:00,1,63.831,5.839,23.227,1,1,1621.668,1,166.105,0,warning,0,demand_spike
2026-01-01 06:12:00,2,57.592,3.861,26.18,1,1,1487.895,1,142.373,0,warning,0,demand_spike
2026-01-01 06:12:00,3,50.157,3.108,28.958,1,1,1339.104,1,129.626,0,warning,0,demand_spike
2026-01-01 06:13:00,1,63.086,5.942,23.572,1,1,1633.073,1,167.51,0,warning,0,demand_spike
2026-01-01 06:13:00,2,56.096,4.657,26.444,1,1,1479.833,1,149.569,0,warning,0,demand_spike
2026-01-01 06:13:00,3,48.469,2.818,28.958,1,1,1333.277,1,126.666,0,warning,0,demand_spike
2026-01-01 06:14:00,1,63.588,6.107,23.716,1,1,1654.384,1,169.868,0,warning,0,demand_spike
2026-01-01 06:14:00,2,55.867,4.891,26.258,1,1,1486.168,1,152.015,0,warning,0,demand_spike
2026-01-01 06:14:00,3,48.646,3.012,29.051,1,1,1353.695,1,129.271,0,warning,0,demand_spike
2026-01-01 06:15:00,1,63.652,5.768,24.076,1,1,1671.285,1,167.324,0,warning,0,demand_spike
2026-01-01 06:15:00,2,56.08,4.497,26.065,1,1,1498.999,1,148.795,0,warning,0,demand_spike
2026-01-01 06:15:00,3,49.77,3.221,28.78,1,1,1352.534,1,131.197,0,warning,0,demand_spike
2026-01-01 06:16:00,1,62.156,5.676,23.54,1,1,1673.379,1,166.529,0,warning,0,demand_spike
2026-01-01 06:16:00,2,55.488,4.798,26.244,1,1,1486.788,1,151.163,0,warning,0,demand_spike
2026-01-01 06:16:00,3,50.996,3.165,28.821,1,1,1344.975,1,130.379,0,warning,0,demand_spike
2026-01-01 06:17:00,1,63.327,5.3,23.297,1,1,1629.038,1,162.385,0,warning,0,demand_spike
2026-01-01 06:17:00,2,56.066,4.655,26.426,1,1,1466.655,1,149.909,0,warning,0,demand_spike
2026-01-01 06:17:00,3,50.792,3.592,28.641,1,1,1311.137,1,133.603,0,warning,0,demand_spike
2026-01-01 06:18:00,1,64.256,5.375,23.367,1,1,1605.367,1,163.476,0,warning,0,demand_spike
2026-01-01 06:18:00,2,58.054,3.612,26.685,1,1,1434.29,1,139.057,0,warning,0,demand_spike
2026-01-01 06:18:00,3,50.665,3.373,28.962,1,1,1247.728,1,132.32,0,warning,0,demand_spike|pump_wear
2026-01-01 06:19:00,1,66.035,5.047,23.514,1,1,1565.858,1,159.921,0,normal,0,demand_spike
2026-01-01 06:19:00,2,62.97,3.332,26.623,1,1,1390.071,1,135.117,0,normal,0,demand_spike
2026-01-01 06:19:00,3,51.343,3.107,29.406,1,1,1168.439,1,129.749,0,normal,0,demand_spike|pump_wear
2026-01-01 06:20:00,1,69.137,4.908,23.489,1,1,1525.121,1,158.309,0,normal,0,demand_spike
2026-01-01 06:20:00,2,63.262,3.597,26.402,1,1,1359.219,1,137.566,0,normal,0,demand_spike
2026-01-01 06:20:00,3,51.186,2.659,29.316,1,1,1106.259,1,125.548,0,normal,0,demand_spike|pump_wear
2026-01-01 06:21:00,1,70.843,4.084,23.734,1,1,1487.998,1,149.011,0,normal,0,nominal
2026-01-01 06:21:00,2,65.386,3.544,26.449,1,1,1321.243,1,136.465,0,normal,0,nominal
2026-01-01 06:21:00,3,53.881,2.369,29.595,1,1,1018.822,1,121.723,0,warning,0,pump_wear
2026-01-01 06:22:00,1,72.913,3.82,23.757,1,1,1443.858,1,144.3,0,normal,0,nominal
2026-01-01 06:22:00,2,66.592,3.588,26.614,1,1,1293.625,1,135.924,0,normal,0,nominal
2026-01-01 06:22:00,3,54.652,2.036,29.619,1,1,942.545,1,117.085,0,warning,0,pump_wear
2026-01-01 06:23:00,1,72.717,3.487,23.694,1,1,1413.534,1,139.32,0,normal,0,nominal
2026-01-01 06:23:00,2,65.737,2.85,26.488,1,1,1260.478,1,126.176,0,normal,0,nominal
2026-01-01 06:23:00,3,51.894,2.237,30.237,1,1,873.668,1,119.192,0,warning,0,pump_wear
2026-01-01 06:24:00,1,72.931,3.323,23.659,1,1,1434.366,1,138.217,0,normal,0,nominal
2026-01-01 06:24:00,2,66.002,3.025,26.439,1,1,1229.37,1,127.0,0,normal,0,nominal
2026-01-01 06:24:00,3,51.028,2.129,30.073,1,1,830.681,1,118.553,1,warning,0,pump_wear
2026-01-01 06:25:00,1,73.444,3.417,23.77,1,1,1442.771,1,139.619,0,normal,0,nominal
2026-01-01 06:25:00,2,65.383,2.98,26.264,1,1,1249.137,1,127.235,0,normal,0,nominal
2026-01-01 06:25:00,3,50.121,1.993,30.252,1,1,808.434,1,118.432,1,warning,0,pump_wear
2026-01-01 06:26:00,1,73.761,4.201,23.659,1,1,1422.366,1,147.865,0,normal,0,nominal
2026-01-01 06:26:00,2,65.826,2.438,26.017,1,1,1244.046,1,120.808,0,normal,0,nominal
2026-01-01 06:26:00,3,48.209,2.001,30.535,1,1,797.123,1,118.01,1,warning,0,pump_wear
2026-01-01 06:27:00,1,73.903,4.029,23.645,1,1,1428.502,1,146.12,0,normal,0,nominal
2026-01-01 06:27:00,2,67.104,2.487,26.358,1,1,1249.957,1,121.602,0,normal,0,nominal
2026-01-01 06:27:00,3,45.81,1.976,30.926,1,1,781.79,1,116.98,1,warning,0,pump_wear
2026-01-01 06:28:00,1,73.586,3.841,23.404,1,1,1438.105,1,144.323,0,normal,0,nominal
2026-01-01 06:28:00,2,66.703,1.877,26.11,1,1,1263.242,1,115.085,0,normal,0,nominal
2026-01-01 06:28:00,3,48.262,1.775,31.109,1,1,770.451,1,113.882,1,warning,0,pump_wear
2026-01-01 06:29:00,1,73.441,3.668,23.475,1,1,1440.908,1,142.44,0,normal,0,nominal
2026-01-01 06:29:00,2,67.234,2.766,26.152,1,1,1260.985,1,125.221,0,normal,0,nominal
2026-01-01 06:29:00,3,48.596,1.796,31.069,1,1,768.494,1,114.067,1,warning,0,pump_wear
2026-01-01 06:30:00,1,74.245,3.928,23.244,1,1,1423.483,1,144.77,0,normal,0,nominal
2026-01-01 06:30:00,2,67.17,2.266,26.082,1,1,1251.757,1,119.129,0,normal,0,nominal
2026-01-01 06:30:00,3,49.21,1.61,30.776,1,1,752.259,1,110.929,1,warning,0,pump_wear
2026-01-01 06:31:00,1,73.679,3.869,23.041,1,1,1434.752,1,144.517,0,normal,0,nominal
2026-01-01 06:31:00,2,67.17,2.589,25.746,1,1,1260.119,1,123.157,0,normal,0,nominal
2026-01-01 06:31:00,3,48.686,1.709,30.981,1,1,781.177,1,113.541,1,warning,0,pump_wear
2026-01-01 06:32:00,1,72.93,4.267,23.539,1,1,1430.042,1,148.91,0,normal,0,nominal
2026-01-01 06:32:00,2,66.639,2.191,25.907,1,1,1270.908,1,118.992,0,normal,0,nominal
2026-01-01 06:32:00,3,48.864,1.934,31.139,1,1,776.417,1,116.194,1,warning,0,pump_wear
2026-01-01 06:33:00,1,73.37,3.789,23.982,1,1,1424.825,1,143.214,0,normal,0,nominal
2026-01-01 06:33:00,2,68.238,2.515,26.0,1,1,1261.464,1,122.355,0,normal,0,nominal
2026-01-01 06:33:00,3,47.038,1.773,31.325,1,1,780.203,1,114.31,1,warning,0,pump_wear
2026-01-01 06:34:00,1,73.549,3.586,23.817,1,1,1435.157,1,141.271,0,normal,0,nominal
2026-01-01 06:34:00,2,69.296,2.671,26.387,1,1,1256.556,1,123.964,0,normal,0,nominal
2026-01-01 06:34:00,3,48.039,1.688,31.596,1,1,763.473,1,112.447,1,warning,0,pump_wear
2026-01-01 06:35:00,1,73.855,3.689,23.849,1,1,1415.469,1,141.711,0,normal,0,nominal
2026-01-01 06:35:00,2,67.574,2.895,26.343,1,1,1242.517,1,126.011,0,normal,0,nominal
2026-01-01 06:35:00,3,46.78,1.945,31.624,1,1,774.29,1,116.232,1,warning,0,pump_wear
2026-01-01 06:36:00,1,73.196,3.236,23.485,1,1,1441.085,1,137.475,0,normal,0,nominal
2026-01-01 06:36:00,2,66.634,3.146,26.145,1,1,1260.263,1,129.565,0,normal,0,nominal
2026-01-01 06:36:00,3,49.347,1.874,31.326,1,1,816.815,1,112.187,0,warning,0,pump_wear
2026-01-01 06:37:00,1,73.393,3.863,23.285,1,1,1450.521,1,145.049,0,normal,0,nominal
2026-01-01 06:37:00,2,65.818,3.601,26.502,1,1,1234.011,1,133.8,0,normal,0,nominal
2026-01-01 06:37:00,3,52.837,2.1,30.8,1,1,882.737,1,112.778,0,warning,0,pump_wear
2026-01-01 06:38:00,1,73.32,3.93,23.162,1,1,1405.505,1,144.101,0,normal,0,nominal
2026-01-01 06:38:00,2,66.59,2.897,26.854,1,1,1215.09,1,124.993,0,normal,0,nominal
2026-01-01 06:38:00,3,55.993,2.364,30.337,1,1,942.201,1,113.374,0,normal,0,pump_wear
2026-01-01 06:39:00,1,73.656,3.485,23.415,1,1,1393.896,1,138.541,0,normal,0,nominal
2026-01-01 06:39:00,2,68.364,3.088,26.848,1,1,1230.255,1,127.757,0,normal,0,nominal
2026-01-01 06:39:00,3,57.916,2.222,29.828,1,1,1004.445,1,113.173,0,normal,0,pump_wear
2026-01-01 06:40:00,1,72.711,3.749,23.744,1,1,1404.937,1,142.002,0,normal,0,nominal
2026-01-01 06:40:00,2,68.331,3.294,26.767,1,1,1230.353,1,130.133,0,normal,0,nominal
2026-01-01 06:40:00,3,57.938,2.39,29.477,1,1,1028.604,1,116.093,0,normal,0,pump_wear
2026-01-01 06:41:00,1,72.779,3.616,23.755,1,1,1427.15,1,141.319,0,normal,0,nominal
2026-01-01 06:41:00,2,67.644,3.283,26.654,1,1,1225.321,1,129.816,0,normal,0,nominal
2026-01-01 06:41:00,3,58.691,2.288,29.311,1,1,1026.348,1,114.802,0,normal,0,pump_wear
2026-01-01 06:42:00,1,72.513,3.864,23.869,1,1,1406.936,1,143.4,0,normal,0,nominal
2026-01-01 06:42:00,2,67.041,3.454,26.228,1,1,1235.504,1,132.173,0,normal,0,nominal
2026-01-01 06:42:00,3,58.573,2.263,29.344,1,1,1024.885,1,114.461,0,normal,0,pump_wear
2026-01-01 06:43:00,1,71.221,3.909,23.604,1,1,1397.204,1,143.552,0,normal,0,nominal
2026-01-01 06:43:00,2,67.541,3.019,26.645,1,1,1249.889,1,127.718,0,normal,0,nominal
2026-01-01 06:43:00,3,58.348,2.22,29.117,1,1,1035.769,1,114.381,0,normal,0,pump_wear
2026-01-01 06:44:00,1,72.731,3.625,23.784,1,1,1406.211,1,140.625,0,normal,0,nominal
2026-01-01 06:44:00,2,67.04,3.384,26.81,1,1,1243.23,1,131.654,0,normal,0,nominal
2026-01-01 06:44:00,3,60.324,2.467,29.468,1,1,1040.642,1,117.466,0,normal,0,pump_wear
2026-01-01 06:45:00,1,73.389,3.291,23.338,1,1,1392.551,1,136.269,0,normal,0,nominal
2026-01-01 06:45:00,2,68.071,2.884,26.724,1,1,1260.068,1,126.551,0,normal,0,nominal
2026-01-01 06:45:00,3,60.448,2.626,29.612,1,1,1023.409,1,118.657,0,normal,0,pump_wear
2026-01-01 06:46:00,1,73.385,2.977,23.421,1,1,1380.428,1,132.196,0,normal,0,nominal
2026-01-01 06:46:00,2,67.231,2.465,26.477,1,1,1275.541,1,122.32,0,normal,0,nominal
2026-01-01 06:46:00,3,59.391,2.584,29.48,1,1,1033.351,1,118.554,0,normal,0,pump_wear
2026-01-01 06:47:00,1,73.52,3.473,23.891,1,1,1404.112,1,138.797,0,normal,0,nominal
2026-01-01 06:47:00,2,66.554,3.082,26.462,1,1,1261.608,1,128.884,0,normal,0,nominal
2026-01-01 06:47:00,3,58.42,2.349,29.71,1,1,1023.001,1,115.39,0,normal,0,pump_wear
2026-01-01 06:48:00,1,72.213,3.475,24.256,1,1,1422.088,1,139.507,0,normal,0,nominal
2026-01-01 06:48:00,2,66.548,3.212,26.33,1,1,1255.422,1,130.139,0,normal,0,nominal
2026-01-01 06:48:00,3,56.742,2.497,29.905,1,1,1024.223,1,117.171,0,normal,0,pump_wear
2026-01-01 06:49:00,1,73.006,3.882,24.373,1,1,1416.463,1,143.966,0,normal,0,nominal
2026-01-01 06:49:00,2,67.005,2.78,26.148,1,1,1246.71,1,124.85,0,normal,0,nominal
2026-01-01 06:49:00,3,57.101,2.311,29.567,1,1,1021.624,1,114.885,0,normal,0,pump_wear
2026-01-01 06:50:00,1,72.774,3.78,24.321,1,1,1417.096,1,142.817,0,normal,0,nominal
2026-01-01 06:50:00,2,67.57,2.865,26.08,1,1,1237.94,1,125.492,0,normal,0,nominal
2026-01-01 06:50:00,3,56.513,2.166,29.455,1,1,1055.847,1,114.539,0,normal,0,pump_wear
2026-01-01 06:51:00,1,74.769,3.798,24.256,1,1,1430.905,1,143.548,0,normal,0,nominal
2026-01-01 06:51:00,2,67.627,2.797,26.104,1,1,1258.933,1,125.508,0,normal,0,nominal
2026-01-01 06:51:00,3,55.926,2.268,29.475,1,1,1045.883,1,115.341,0,normal,0,pump_wear
2026-01-01 06:52:00,1,74.759,3.347,24.287,1,1,1423.953,1,138.106,0,normal,0,nominal
2026-01-01 06:52:00,2,66.659,2.412,26.263,1,1,1241.44,1,120.41,0,normal,0,nominal
2026-01-01 06:52:00,3,56.761,2.127,29.428,1,1,1041.483,1,113.511,0,normal,0,pump_wear
2026-01-01 06:53:00,1,73.66,3.707,23.908,1,1,1428.315,1,142.404,0,normal,0,nominal
2026-01-01 06:53:00,2,67.295,3.133,26.118,1,1,1227.639,1,128.183,0,normal,0,nominal
2026-01-01 06:53:00,3,55.773,2.103,29.301,1,1,1031.611,1,112.849,0,normal,0,pump_wear
2026-01-01 06:54:00,1,73.988,3.855,23.989,1,1,1414.009,1,143.566,0,normal,0,nominal
2026-01-01 06:54:00,2,67.887,2.812,26.382,1,1,1241.337,1,125.008,0,normal,0,nominal
2026-01-01 06:54:00,3,56.622,2.454,29.314,1,1,1039.34,1,117.266,0,normal,0,pump_wear
2026-01-01 06:55:00,1,73.127,3.651,24.169,1,1,1406.629,1,140.939,0,normal,0,nominal
2026-01-01 06:55:00,2,67.151,3.082,26.26,1,1,1258.669,1,128.771,0,normal,0,nominal
2026-01-01 06:55:00,3,57.721,2.565,29.621,1,1,1031.112,1,118.251,0,normal,0,pump_wear
2026-01-01 06:56:00,1,77.15,3.912,23.854,1,1,1409.636,1,144.059,0,normal,0,nominal
2026-01-01 06:56:00,2,67.612,3.09,26.258,1,1,1253.627,1,128.672,0,normal,0,nominal
2026-01-01 06:56:00,3,60.408,2.305,29.411,1,1,1034.006,1,115.304,0,normal,0,pump_wear
2026-01-01 06:57:00,1,76.785,3.807,23.506,1,1,1397.648,1,142.393,0,normal,0,nominal
2026-01-01 06:57:00,2,66.412,2.975,26.191,1,1,1259.539,1,127.571,0,normal,0,nominal
2026-01-01 06:57:00,3,59.825,2.074,29.281,1,1,1059.817,1,113.614,0,normal,0,pump_wear
2026-01-01 06:58:00,1,75.357,3.67,23.607,1,1,1420.385,1,141.684,0,normal,0,nominal
2026-01-01 06:58:00,2,65.926,2.708,26.366,1,1,1262.97,1,124.638,0,normal,0,nominal
2026-01-01 06:58:00,3,57.548,1.995,29.027,1,1,1072.219,1,113.177,0,normal,0,pump_wear
2026-01-01 06:59:00,1,73.256,3.555,23.589,1,1,1402.542,1,139.678,0,normal,0,nominal
2026-01-01 06:59:00,2,65.158,3.036,26.09,1,1,1243.348,1,127.659,0,normal,0,nominal
2026-01-01 06:59:00,3,56.899,2.636,29.086,1,1,1080.018,1,121.002,0,normal,0,pump_wear
2026-01-01 07:00:00,1,73.342,3.563,23.443,1,1,1405.753,1,139.899,0,normal,0,nominal
2026-01-01 07:00:00,2,63.77,2.615,26.485,1,1,1257.631,1,123.366,0,normal,0,nominal
2026-01-01 07:00:00,3,58.498,2.819,29.082,1,1,1053.292,1,122.101,0,normal,0,pump_wear
2026-01-01 07:01:00,1,74.15,3.696,23.845,1,1,1417.323,1,141.865,0,normal,0,nominal
2026-01-01 07:01:00,2,64.83,2.777,26.654,1,1,1264.544,1,125.485,0,normal,0,nominal
2026-01-01 07:01:00,3,59.056,2.64,29.434,1,1,1051.116,1,119.918,0,normal,0,pump_wear
2026-01-01 07:02:00,1,73.801,3.511,23.953,1,1,1423.487,1,139.969,0,normal,0,nominal
2026-01-01 07:02:00,2,64.726,2.284,26.451,1,1,1258.0,1,119.573,0,normal,0,nominal
2026-01-01 07:02:00,3,59.078,2.811,29.01,1,1,1041.165,1,121.524,0,normal,0,pump_wear
2026-01-01 07:03:00,1,74.552,3.521,23.745,1,1,1433.581,1,140.466,0,normal,0,nominal
2026-01-01 07:03:00,2,65.484,2.944,26.504,1,1,1250.892,1,126.885,0,normal,0,nominal
2026-01-01 07:03:00,3,57.996,2.536,29.12,1,1,1036.997,1,118.133,0,normal,0,pump_wear
2026-01-01 07:04:00,1,74.314,3.947,23.551,1,1,1418.706,1,144.806,0,normal,0,nominal
2026-01-01 07:04:00,2,66.288,2.967,26.33,1,1,1262.628,1,127.595,0,normal,0,nominal
2026-01-01 07:04:00,3,58.074,2.365,29.05,1,1,1025.116,1,115.656,0,normal,0,pump_wear
2026-01-01 07:05:00,1,74.99,4.157,23.372,1,1,1421.31,1,147.312,0,normal,0,nominal
2026-01-01 07:05:00,2,65.901,3.34,26.545,1,1,1269.668,1,132.16,0,normal,0,nominal
2026-01-01 07:05:00,3,58.351,1.775,29.079,1,1,1019.282,1,108.513,0,normal,0,pump_wear
2026-01-01 07:06:00,1,74.169,4.1,23.451,1,1,1417.973,1,146.535,0,normal,0,nominal
2026-01-01 07:06:00,2,66.428,3.462,26.619,1,1,1281.623,1,134.013,0,normal,0,nominal
2026-01-01 07:06:00,3,58.483,2.022,29.365,1,1,1034.162,1,111.999,0,normal,0,pump_wear
2026-01-01 07:07:00,1,73.614,3.884,23.502,1,1,1420.165,1,144.136,0,normal,0,nominal
2026-01-01 07:07:00,2,66.81,3.42,26.857,1,1,1284.048,1,133.627,0,normal,0,nominal
2026-01-01 07:07:00,3,58.588,1.891,29.69,1,1,1031.66,1,110.355,0,normal,0,pump_wear
2026-01-01 07:08:00,1,73.655,4.122,23.686,1,1,1424.98,1,147.047,0,normal,0,nominal
2026-01-01 07:08:00,2,66.884,3.694,26.527,1,1,1267.713,1,136.159,0,normal,0,nominal
2026-01-01 07:08:00,3,58.502,1.895,29.311,1,1,1042.528,1,110.835,0,normal,0,pump_wear
2026-01-01 07:09:00,1,74.17,3.718,24.044,1,1,1434.976,1,142.791,0,normal,0,nominal
2026-01-01 07:09:00,2,66.184,3.471,26.544,1,1,1274.201,1,133.836,0,normal,0,nominal
2026-01-01 07:09:00,3,59.0,2.11,29.412,1,1,1033.033,1,112.986,0,normal,0,pump_wear
2026-01-01 07:10:00,1,74.714,3.776,24.212,1,1,1439.489,1,143.628,0,normal,0,nominal
2026-01-01 07:10:00,2,65.19,2.936,26.218,1,1,1267.459,1,127.428,0,normal,0,nominal
2026-01-01 07:10:00,3,58.709,2.264,28.969,1,1,1040.723,1,115.093,0,normal,0,pump_wear
2026-01-01 07:11:00,1,75.34,3.832,24.541,1,1,1436.731,1,144.161,0,normal,0,nominal
2026-01-01 07:11:00,2,65.984,2.536,25.9,1,1,1263.446,1,122.678,0,normal,0,nominal
2026-01-01 07:11:00,3,56.989,2.331,28.942,1,1,1039.035,1,115.806,0,normal,0,pump_wear
2026-01-01 07:12:00,1,72.439,4.063,24.712,1,1,1408.997,1,145.771,0,normal,0,nominal
2026-01-01 07:12:00,2,65.657,3.385,26.037,1,1,1259.591,1,132.289,0,normal,0,nominal
2026-01-01 07:12:00,3,57.896,2.397,29.023,1,1,1037.373,1,116.525,0,normal,0,pump_wear
2026-01-01 07:13:00,1,72.184,3.728,24.481,1,1,1407.334,1,141.855,0,normal,0,nominal
2026-01-01 07:13:00,2,66.011,3.238,26.344,1,1,1249.186,1,130.212,0,normal,0,nominal
2026-01-01 07:13:00,3,57.464,2.508,29.221,1,1,1053.182,1,118.445,0,normal,0,pump_wear
2026-01-01 07:14:00,1,72.066,3.617,24.607,1,1,1410.215,1,140.689,0,normal,0,nominal
2026-01-01 07:14:00,2,67.571,3.517,26.16,1,1,1243.613,1,133.205,0,normal,0,nominal
2026-01-01 07:14:00,3,58.321,2.241,29.176,1,1,1067.165,1,115.868,0,normal,0,pump_wear
2026-01-01 07:15:00,1,72.637,3.71,24.281,1,1,1427.523,1,142.413,0,normal,0,nominal
2026-01-01 07:15:00,2,67.222,2.916,26.072,1,1,1266.739,1,127.164,0,normal,0,nominal
2026-01-01 07:15:00,3,58.91,2.106,29.253,1,1,1057.847,1,113.907,0,normal,0,pump_wear
2026-01-01 07:16:00,1,72.466,3.921,24.286,1,1,1429.437,1,144.915,0,normal,0,nominal
2026-01-01 07:16:00,2,67.217,2.517,26.27,1,1,1270.066,1,122.707,0,normal,0,nominal
2026-01-01 07:16:00,3,58.895,2.295,29.461,1,1,1033.437,1,115.166,0,normal,0,pump_wear
2026-01-01 07:17:00,1,72.224,3.908,23.942,1,1,1427.321,1,144.682,0,normal,0,nominal
2026-01-01 07:17:00,2,66.671,3.016,26.213,1,1,1250.757,1,127.713,0,normal,0,nominal
2026-01-01 07:17:00,3,59.697,2.535,29.096,1,1,1049.292,1,118.607,0,normal,0,pump_wear
2026-01-01 07:18:00,1,73.127,3.608,24.003,1,1,1449.814,1,142.087,0,normal,0,nominal
2026-01-01 07:18:00,2,66.857,3.238,26.297,1,1,1254.483,1,130.408,0,normal,0,nominal
2026-01-01 07:18:00,3,59.93,2.096,29.187,1,1,1067.23,1,114.168,0,normal,0,pump_wear
2026-01-01 07:19:00,1,74.227,3.282,24.134,1,1,1439.28,1,137.938,0,normal,0,nominal
2026-01-01 07:19:00,2,67.58,3.627,26.65,1,1,1269.771,1,135.463,0,normal,0,nominal
2026-01-01 07:19:00,3,58.118,2.272,29.297,1,1,1063.826,1,116.101,0,normal,0,pump_wear
2026-01-01 07:20:00,1,73.364,3.47,23.888,1,1,1421.046,1,139.4,0,normal,0,nominal
2026-01-01 07:20:00,2,66.93,3.297,26.424,1,1,1253.012,1,131.029,0,normal,0,nominal
2026-01-01 07:20:00,3,57.978,2.241,29.521,1,1,1042.641,1,114.892,0,normal,0,pump_wear
2026-01-01 07:21:00,1,73.17,3.808,23.738,1,1,1414.389,1,143.039,0,normal,0,nominal
2026-01-01 07:21:00,2,67.623,2.681,26.216,1,1,1237.456,1,123.354,0,normal,0,nominal
2026-01-01 07:21:00,3,57.879,2.215,29.783,1,1,1051.677,1,114.946,0,normal,0,pump_wear
2026-01-01 07:22:00,1,74.683,4.045,23.821,1,1,1393.051,1,144.955,0,normal,0,nominal
2026-01-01 07:22:00,2,67.385,2.888,26.458,1,1,1237.018,1,125.722,0,normal,0,nominal
2026-01-01 07:22:00,3,57.883,2.388,29.433,1,1,1049.262,1,116.883,0,normal,0,pump_wear
2026-01-01 07:23:00,1,75.769,3.792,23.953,1,1,1398.635,1,142.259,0,normal,0,nominal
2026-01-01 07:23:00,2,67.612,2.581,26.293,1,1,1231.423,1,121.981,0,normal,0,nominal
2026-01-01 07:23:00,3,59.98,2.466,29.745,1,1,1057.418,1,118.118,0,normal,0,pump_wear
2026-01-01 07:24:00,1,76.784,3.646,23.779,1,1,1385.031,1,140.065,0,normal,0,nominal
2026-01-01 07:24:00,2,66.893,3.036,26.483,1,1,1247.813,1,127.831,0,normal,0,nominal
2026-01-01 07:24:00,3,58.333,2.408,29.574,1,1,1053.738,1,117.293,0,normal,0,pump_wear
2026-01-01 07:25:00,1,75.323,3.641,24.072,1,1,1414.747,1,141.128,0,normal,0,nominal
2026-01-01 07:25:00,2,66.8,3.004,26.69,1,1,1248.854,1,127.505,0,normal,0,nominal
2026-01-01 07:25:00,3,57.91,2.324,29.46,1,1,1042.546,1,115.873,0,normal,0,pump_wear
2026-01-01 07:26:00,1,75.778,3.832,24.182,1,1,1429.34,1,143.883,0,normal,0,nominal
2026-01-01 07:26:00,2,66.928,3.208,26.623,1,1,1246.861,1,129.775,0,normal,0,nominal
2026-01-01 07:26:00,3,58.618,2.329,29.619,1,1,1072.085,1,117.096,0,normal,0,pump_wear
2026-01-01 07:27:00,1,76.097,3.879,23.864,1,1,1452.906,1,145.315,0,normal,0,nominal
2026-01-01 07:27:00,2,67.845,3.195,26.258,1,1,1249.243,1,129.719,0,normal,0,nominal
2026-01-01 07:27:00,3,58.693,2.289,29.357,1,1,1044.651,1,115.544,0,normal,0,pump_wear
2026-01-01 07:28:00,1,75.064,3.808,23.917,1,1,1420.381,1,143.268,0,normal,0,nominal
2026-01-01 07:28:00,2,68.435,2.709,26.377,1,1,1264.487,1,124.709,0,normal,0,nominal
2026-01-01 07:28:00,3,60.311,2.516,29.325,1,1,1021.278,1,117.282,0,normal,0,pump_wear
2026-01-01 07:29:00,1,74.934,3.435,23.861,1,1,1418.57,1,138.905,0,normal,0,nominal
2026-01-01 07:29:00,2,68.549,3.212,26.203,1,1,1256.108,1,130.174,0,normal,0,nominal
2026-01-01 07:29:00,3,58.318,2.382,29.123,1,1,1052.288,1,116.937,0,normal,0,pump_wear
2026-01-01 07:30:00,1,75.142,3.6,23.704,1,1,1430.662,1,141.261,0,normal,0,nominal
2026-01-01 07:30:00,2,68.002,2.622,26.324,1,1,1234.72,1,122.573,0,normal,0,nominal
2026-01-01 07:30:00,3,58.317,2.327,29.05,1,1,1058.305,1,116.526,0,normal,0,pump_wear
2026-01-01 07:31:00,1,75.474,3.484,24.056,1,1,1428.801,1,139.857,0,normal,0,nominal
2026-01-01 07:31:00,2,67.68,2.799,26.177,1,1,1256.929,1,125.452,0,normal,0,nominal
2026-01-01 07:31:00,3,59.494,2.815,29.426,1,1,1040.469,1,121.547,0,normal,0,pump_wear
2026-01-01 07:32:00,1,74.662,3.589,24.175,1,1,1438.631,1,141.442,0,normal,0,nominal
2026-01-01 07:32:00,2,67.282,3.146,26.495,1,1,1253.193,1,129.305,0,normal,0,nominal
2026-01-01 07:32:00,3,59.265,2.697,29.35,1,1,1030.274,1,119.766,0,normal,0,pump_wear
2026-01-01 07:33:00,1,74.736,3.606,23.983,1,1,1428.596,1,141.26,0,normal,0,nominal
2026-01-01 07:33:00,2,67.753,2.423,26.57,1,1,1233.602,1,120.246,0,normal,0,nominal
2026-01-01 07:33:00,3,58.253,2.379,29.329,1,1,1041.058,1,116.45,0,normal,0,pump_wear
2026-01-01 07:34:00,1,74.985,3.901,23.829,1,1,1437.312,1,144.976,0,normal,0,nominal
2026-01-01 07:34:00,2,66.582,2.888,26.623,1,1,1265.941,1,126.821,0,normal,0,nominal
2026-01-01 07:34:00,3,58.652,2.311,29.477,1,1,1032.717,1,115.328,0,normal,0,pump_wear
2026-01-01 07:35:00,1,73.068,3.802,24.051,1,1,1430.723,1,143.593,0,normal,0,nominal
2026-01-01 07:35:00,2,67.151,2.892,26.332,1,1,1276.25,1,127.26,0,normal,0,nominal
2026-01-01 07:35:00,3,60.351,2.277,29.583,1,1,1035.418,1,115.031,0,normal,0,pump_wear
2026-01-01 07:36:00,1,73.562,3.589,23.972,1,1,1427.943,1,141.035,0,normal,0,nominal
2026-01-01 07:36:00,2,66.8,3.017,26.217,1,1,1267.238,1,128.351,0,normal,0,nominal
2026-01-01 07:36:00,3,59.375,2.324,29.118,1,1,1057.185,1,116.447,0,normal,0,pump_wear
2026-01-01 07:37:00,1,73.18,4.127,23.975,1,1,1416.94,1,146.804,0,normal,0,nominal
2026-01-01 07:37:00,2,66.476,3.009,26.237,1,1,1275.241,1,128.559,0,normal,0,nominal
2026-01-01 07:37:00,3,57.2,2.46,29.297,1,1,1058.035,1,118.07,0,normal,0,pump_wear
2026-01-01 07:38:00,1,72.847,3.685,24.187,1,1,1407.501,1,141.366,0,normal,0,nominal
2026-01-01 07:38:00,2,66.813,3.173,26.096,1,1,1264.588,1,130.047,0,normal,0,nominal
2026-01-01 07:38:00,3,58.023,2.502,29.052,1,1,1058.902,1,118.603,0,normal,0,pump_wear
2026-01-01 07:39:00,1,74.42,3.559,23.954,1,1,1428.995,1,140.733,0,normal,0,nominal
2026-01-01 07:39:00,2,67.099,3.077,25.83,1,1,1268.521,1,129.087,0,normal,0,nominal
2026-01-01 07:39:00,3,58.782,2.309,29.029,1,1,1046.695,1,115.86,0,normal,0,pump_wear
2026-01-01 07:40:00,1,73.241,3.441,23.848,1,1,1429.652,1,139.393,0,normal,0,nominal
2026-01-01 07:40:00,2,66.715,3.125,26.08,1,1,1250.481,1,128.952,0,normal,0,nominal
2026-01-01 07:40:00,3,59.179,2.381,29.035,1,1,1048.775,1,116.785,0,normal,0,pump_wear
2026-01-01 07:41:00,1,74.379,3.57,23.749,1,1,1432.85,1,141.0,0,normal,0,nominal
2026-01-01 07:41:00,2,68.184,3.117,26.136,1,1,1242.833,1,128.575,0,normal,0,nominal
2026-01-01 07:41:00,3,58.319,1.853,29.182,1,1,1057.036,1,110.912,0,normal,0,pump_wear
2026-01-01 07:42:00,1,72.516,4.325,23.836,1,1,1424.085,1,149.356,0,normal,0,nominal
2026-01-01 07:42:00,2,66.89,3.537,26.468,1,1,1240.601,1,133.323,0,normal,0,nominal
2026-01-01 07:42:00,3,60.84,2.219,28.933,1,1,1067.039,1,115.6,0,normal,0,pump_wear
2026-01-01 07:43:00,1,73.086,3.574,23.958,1,1,1416.145,1,140.414,0,normal,0,nominal
2026-01-01 07:43:00,2,67.871,3.331,26.632,1,1,1265.599,1,131.904,0,normal,0,nominal
2026-01-01 07:43:00,3,60.513,2.553,28.982,1,1,1066.085,1,119.485,0,normal,0,pump_wear
2026-01-01 07:44:00,1,73.951,3.694,23.924,1,1,1443.605,1,142.835,0,normal,0,nominal
2026-01-01 07:44:00,2,67.055,3.216,26.627,1,1,1251.594,1,130.042,0,normal,0,nominal
2026-01-01 07:44:00,3,60.907,2.366,28.929,1,1,1041.155,1,116.301,0,normal,0,pump_wear
2026-01-01 07:45:00,1,73.026,3.663,23.813,1,1,1408.442,1,141.147,0,normal,0,nominal
2026-01-01 07:45:00,2,67.047,3.526,26.689,1,1,1240.532,1,133.186,0,normal,0,nominal
2026-01-01 07:45:00,3,59.739,2.595,29.221,1,1,1043.725,1,119.098,0,normal,0,pump_wear
2026-01-01 07:46:00,1,72.293,3.646,23.878,1,1,1421.133,1,141.433,0,normal,0,nominal
2026-01-01 07:46:00,2,67.521,3.51,26.413,1,1,1241.525,1,133.042,0,normal,0,nominal
2026-01-01 07:46:00,3,57.931,2.358,29.416,1,1,1048.383,1,116.495,0,normal,0,pump_wear
2026-01-01 07:47:00,1,72.435,3.593,23.676,1,1,1421.21,1,140.826,0,normal,0,nominal
2026-01-01 07:47:00,2,67.9,3.667,26.316,1,1,1240.228,1,134.796,0,normal,0,nominal
2026-01-01 07:47:00,3,58.054,2.401,29.365,1,1,1055.171,1,117.263,0,normal,0,pump_wear
2026-01-01 07:48:00,1,74.196,3.889,23.722,1,1,1424.141,1,144.344,0,normal,0,nominal
2026-01-01 07:48:00,2,68.207,3.613,26.114,1,1,1252.947,1,134.66,0,normal,0,nominal
2026-01-01 07:48:00,3,58.53,2.249,29.548,1,1,1057.711,1,115.585,0,normal,0,pump_wear
2026-01-01 07:49:00,1,74.125,4.084,23.766,1,1,1419.152,1,146.392,0,normal,0,nominal
2026-01-01 07:49:00,2,67.143,3.604,26.13,1,1,1274.828,1,135.392,0,normal,0,nominal
2026-01-01 07:49:00,3,57.624,2.376,29.508,1,1,1039.097,1,116.34,0,normal,0,pump_wear
2026-01-01 07:50:00,1,75.546,4.007,24.055,1,1,1406.476,1,145.027,0,normal,0,nominal
2026-01-01 07:50:00,2,65.609,3.574,26.114,1,1,1258.783,1,134.433,0,normal,0,nominal
2026-01-01 07:50:00,3,57.462,2.493,29.43,1,1,1050.654,1,118.17,0,normal,0,pump_wear
2026-01-01 07:51:00,1,75.577,3.959,24.028,1,1,1394.994,1,144.035,0,normal,0,nominal
2026-01-01 07:51:00,2,66.379,3.079,26.044,1,1,1245.02,1,128.214,0,normal,0,nominal
2026-01-01 07:51:00,3,59.034,2.264,29.499,1,1,1053.714,1,115.6,0,normal,0,pump_wear
2026-01-01 07:52:00,1,75.262,3.947,24.115,1,1,1442.365,1,145.699,0,normal,0,nominal
2026-01-01 07:52:00,2,67.799,2.557,26.375,1,1,1235.473,1,121.849,0,normal,0,nominal
2026-01-01 07:52:00,3,58.201,2.466,29.548,1,1,1039.286,1,117.409,0,normal,0,pump_wear
2026-01-01 07:53:00,1,74.659,3.759,24.013,1,1,1431.936,1,143.139,0,normal,0,nominal
2026-01-01 07:53:00,2,66.83,2.423,26.671,1,1,1242.547,1,120.577,0,normal,0,nominal
2026-01-01 07:53:00,3,58.31,2.278,29.532,1,1,1039.813,1,115.225,0,normal,0,pump_wear
2026-01-01 07:54:00,1,73.755,3.843,23.826,1,1,1446.361,1,144.661,0,normal,0,nominal
2026-01-01 07:54:00,2,65.387,2.829,26.384,1,1,1270.229,1,126.298,0,normal,0,nominal
2026-01-01 07:54:00,3,57.89,2.152,29.452,1,1,1046.785,1,114.015,0,normal,0,pump_wear
2026-01-01 07:55:00,1,74.0,3.659,24.12,1,1,1457.03,1,142.944,0,normal,0,nominal
2026-01-01 07:55:00,2,65.867,2.929,26.438,1,1,1254.623,1,126.855,0,normal,0,nominal
2026-01-01 07:55:00,3,58.654,2.565,29.389,1,1,1042.584,1,118.703,0,normal,0,pump_wear
2026-01-01 07:56:00,1,74.055,4.082,24.03,1,1,1456.499,1,147.785,0,normal,0,nominal
2026-01-01 07:56:00,2,66.044,3.093,26.373,1,1,1258.531,1,128.899,0,normal,0,nominal
2026-01-01 07:56:00,3,58.339,2.472,29.167,1,1,1044.109,1,117.67,0,normal,0,pump_wear
2026-01-01 07:57:00,1,73.643,3.941,24.525,1,1,1441.98,1,145.612,0,normal,0,nominal
2026-01-01 07:57:00,2,65.978,3.194,26.291,1,1,1236.135,1,129.208,0,normal,0,nominal
2026-01-01 07:57:00,3,58.409,2.552,29.357,1,1,1033.602,1,118.194,0,normal,0,pump_wear
2026-01-01 07:58:00,1,74.741,3.88,24.588,1,1,1417.21,1,143.979,0,normal,0,nominal
2026-01-01 07:58:00,2,65.868,3.295,26.123,1,1,1246.997,1,130.776,0,normal,0,nominal
2026-01-01 07:58:00,3,56.591,2.683,29.569,1,1,1035.68,1,119.81,0,normal,0,pump_wear
2026-01-01 07:59:00,1,75.92,3.479,24.179,1,1,1424.831,1,139.658,0,normal,0,nominal
2026-01-01 07:59:00,2,63.63,3.015,26.404,1,1,1248.174,1,127.603,0,normal,0,nominal
2026-01-01 07:59:00,3,56.884,2.461,29.378,1,1,1022.989,1,116.7,0,normal,0,pump_wear
2026-01-01 06:00:00,1,73.697,3.763,23.77,1,1,1414.423,1,142.526,0,normal,0,nominal
2026-01-01 06:00:00,2,66.151,2.736,26.399,1,1,1266.456,1,125.086,0,normal,0,nominal
2026-01-01 06:00:00,3,61.204,2.229,28.846,1,1,1108.911,1,113.277,0,normal,0,nominal
2026-01-01 06:01:00,1,72.301,3.672,23.828,1,1,1427.412,1,141.97,0,normal,0,nominal
2026-01-01 06:01:00,2,66.71,2.464,26.376,1,1,1265.612,1,121.934,0,normal,0,nominal
2026-01-01 06:01:00,3,61.501,2.467,28.516,1,1,1117.319,1,116.328,0,normal,0,nominal
2026-01-01 06:02:00,1,74.26,3.118,23.773,1,1,1404.537,1,134.732,0,normal,0,nominal
2026-01-01 06:02:00,2,67.506,2.845,26.632,1,1,1267.701,1,126.385,0,normal,0,nominal
2026-01-01 06:02:00,3,62.073,2.488,28.635,1,1,1099.407,1,115.888,0,normal,0,nominal
2026-01-01 06:03:00,1,74.379,3.341,24.059,1,1,1385.828,1,136.579,0,normal,0,nominal
2026-01-01 06:03:00,2,68.11,2.745,26.537,1,1,1272.075,1,125.41,0,normal,0,nominal
2026-01-01 06:03:00,3,61.724,2.202,28.721,1,1,1104.427,1,112.789,0,normal,0,nominal
2026-01-01 06:04:00,1,74.922,3.532,24.046,1,1,1403.119,1,139.438,0,normal,0,nominal
2026-01-01 06:04:00,2,68.514,2.571,26.645,1,1,1265.638,1,123.162,0,normal,0,nominal
2026-01-01 06:04:00,3,62.053,2.321,29.05,1,1,1120.617,1,114.773,0,normal,0,nominal
2026-01-01 06:05:00,1,75.673,3.408,23.876,1,1,1410.219,1,138.284,0,normal,0,nominal
2026-01-01 06:05:00,2,67.929,2.255,26.529,1,1,1258.032,1,119.242,0,normal,0,nominal
2026-01-01 06:05:00,3,62.0,2.255,28.766,1,1,1124.812,1,114.178,0,normal,0,nominal
2026-01-01 06:06:00,1,75.313,3.645,23.841,1,1,1410.713,1,141.025,0,normal,0,nominal
2026-01-01 06:06:00,2,69.271,2.678,26.454,1,1,1268.076,1,124.486,0,normal,0,nominal
2026-01-01 06:06:00,3,62.988,2.231,28.572,1,1,1110.002,1,113.332,0,normal,0,nominal
2026-01-01 06:07:00,1,74.902,3.548,23.688,1,1,1409.067,1,139.846,0,normal,0,nominal
2026-01-01 06:07:00,2,67.831,2.831,26.317,1,1,1256.531,1,125.807,0,normal,0,nominal
2026-01-01 06:07:00,3,60.362,2.057,28.657,1,1,1115.675,1,111.555,0,normal,0,nominal
2026-01-01 06:08:00,1,74.02,4.0,23.623,1,1,1469.237,1,145.919,0,normal,0,demand_spike
2026-01-01 06:08:00,2,66.391,2.741,26.501,1,1,1271.172,1,124.664,0,normal,0,demand_spike
2026-01-01 06:08:00,3,58.896,2.683,28.898,1,1,1151.279,1,119.477,0,normal,0,demand_spike
2026-01-01 06:09:00,1,71.466,4.419,23.451,1,1,1519.513,1,150.994,0,warning,0,demand_spike
2026-01-01 06:09:00,2,65.12,3.071,26.302,1,1,1310.68,1,129.092,0,warning,0,demand_spike
2026-01-01 06:09:00,3,57.793,2.722,29.248,1,1,1187.057,1,120.783,0,warning,0,demand_spike
2026-01-01 06:10:00,1,67.473,4.197,23.543,1,1,1566.003,1,149.395,0,warning,0,demand_spike
2026-01-01 06:10:00,2,62.831,3.253,26.374,1,1,1392.155,1,133.467,0,warning,0,demand_spike
2026-01-01 06:10:00,3,54.198,2.743,28.688,1,1,1235.407,1,122.474,0,warning,0,demand_spike
2026-01-01 06:11:00,1,65.784,5.055,23.865,1,1,1629.089,1,158.999,0,warning,0,demand_spike
2026-01-01 06:11:00,2,58.638,4.173,26.304,1,1,1425.398,1,142.94,0,warning,0,demand_spike
2026-01-01 06:11:00,3,52.333,2.935,28.529,1,1,1307.082,1,126.778,0,warning,0,demand_spike
2026-01-01 06:12:00,1,64.834,5.307,23.958,1,1,1633.607,1,161.543,0,warning,0,demand_spike
2026-01-01 06:12:00,2,55.644,4.175,26.202,1,1,1460.281,1,144.287,0,warning,0,demand_spike
2026-01-01 06:12:00,3,52.172,3.534,28.508,1,1,1322.491,1,133.01,0,warning,0,demand_spike
2026-01-01 06:13:00,1,63.38,6.036,24.083,1,1,1670.067,1,169.797,0,warning,0,demand_spike
2026-01-01 06:13:00,2,57.756,4.662,26.193,1,1,1461.03,1,148.903,0,warning,0,demand_spike
2026-01-01 06:13:00,3,50.615,3.399,28.3,1,1,1329.196,1,131.992,0,warning,0,demand_spike
2026-01-01 06:14:00,1,62.754,6.204,23.734,1,1,1671.867,1,171.452,0,warning,0,demand_spike
2026-01-01 06:14:00,2,57.271,4.173,26.145,1,1,1478.801,1,144.972,0,warning,0,demand_spike
2026-01-01 06:14:00,3,49.082,3.202,28.352,1,1,1332.255,1,130.251,0,warning,0,demand_spike
2026-01-01 06:15:00,1,61.436,6.137,23.573,1,1,1680.448,1,171.142,0,warning,0,demand_spike
2026-01-01 06:15:00,2,56.634,3.535,26.125,1,1,1490.159,1,139.391,0,warning,0,demand_spike
2026-01-01 06:15:00,3,49.68,3.295,28.189,1,1,1343.106,1,131.538,0,warning,0,demand_spike
2026-01-01 06:16:00,1,61.309,5.907,23.516,1,1,1701.157,1,169.764,0,warning,0,demand_spike
2026-01-01 06:16:00,2,55.159,3.74,25.969,1,1,1488.327,1,141.253,0,warning,0,demand_spike
2026-01-01 06:16:00,3,49.469,3.312,28.022,1,1,1356.448,1,132.201,0,warning,0,demand_spike
2026-01-01 06:17:00,1,61.811,5.626,23.702,1,1,1667.826,1,167.045,0,warning,0,demand_spike
2026-01-01 06:17:00,2,55.678,3.734,26.243,1,1,1463.306,1,140.777,0,warning,0,demand_spike
2026-01-01 06:17:00,3,49.302,3.275,28.046,1,1,1323.941,1,130.991,0,warning,0,demand_spike
2026-01-01 06:18:00,1,64.613,5.108,23.66,1,1,1657.601,1,162.748,0,warning,0,demand_spike
2026-01-01 06:18:00,2,57.257,3.879,26.219,1,1,1422.57,1,141.326,0,warning,0,demand_spike
2026-01-01 06:18:00,3,49.798,3.023,28.794,1,1,1253.324,1,128.937,0,warning,0,demand_spike|pump_wear
2026-01-01 06:19:00,1,66.672,4.628,23.554,1,1,1603.975,1,156.949,0,normal,0,demand_spike
2026-01-01 06:19:00,2,60.245,3.94,26.277,1,1,1403.58,1,142.056,0,normal,0,demand_spike
2026-01-01 06:19:00,3,53.082,2.651,29.529,1,1,1200.234,1,126.076,0,normal,0,demand_spike|pump_wear
2026-01-01 06:20:00,1,69.075,4.358,23.492,1,1,1547.348,1,153.088,0,normal,0,demand_spike
2026-01-01 06:20:00,2,62.596,3.657,26.184,1,1,1357.696,1,138.166,0,normal,0,demand_spike
2026-01-01 06:20:00,3,52.911,2.228,29.701,1,1,1074.135,1,119.307,0,normal,0,demand_spike|pump_wear
2026-01-01 06:21:00,1,71.705,4.252,23.637,1,1,1495.437,1,151.228,0,normal,0,nominal
2026-01-01 06:21:00,2,64.537,2.931,26.03,1,1,1302.603,1,128.703,0,normal,0,nominal
2026-01-01 06:21:00,3,52.381,1.801,29.952,1,1,1003.178,1,114.191,0,warning,0,pump_wear
2026-01-01 06:22:00,1,72.549,3.655,23.789,1,1,1462.781,1,143.118,0,normal,0,nominal
2026-01-01 06:22:00,2,65.778,3.419,25.946,1,1,1276.171,1,133.312,0,normal,0,nominal
2026-01-01 06:22:00,3,53.316,1.86,29.873,1,1,960.009,1,115.675,0,warning,0,pump_wear
2026-01-01 06:23:00,1,75.13,3.739,23.789,1,1,1473.584,1,144.493,0,normal,0,nominal
2026-01-01 06:23:00,2,67.705,3.247,26.373,1,1,1257.351,1,130.615,0,normal,0,nominal
2026-01-01 06:23:00,3,51.188,2.023,30.061,1,1,888.824,1,117.193,0,warning,0,pump_wear
2026-01-01 06:24:00,1,76.721,3.391,23.65,1,1,1436.671,1,139.088,0,normal,0,nominal
2026-01-01 06:24:00,2,67.686,3.33,26.453,1,1,1251.918,1,131.368,0,normal,0,nominal
2026-01-01 06:24:00,3,50.893,1.993,30.822,1,1,838.855,1,117.197,1,warning,0,pump_wear
2026-01-01 06:25:00,1,74.579,3.42,23.8,1,1,1418.277,1,138.723,0,normal,0,nominal
2026-01-01 06:25:00,2,66.453,3.008,26.442,1,1,1249.55,1,127.577,0,normal,0,nominal
2026-01-01 06:25:00,3,47.663,2.009,31.006,1,1,803.796,1,118.421,1,warning,0,pump_wear
2026-01-01 06:26:00,1,74.205,3.715,24.27,1,1,1405.839,1,141.64,0,normal,0,nominal
2026-01-01 06:26:00,2,66.981,2.771,26.477,1,1,1258.209,1,125.184,0,normal,0,nominal
2026-01-01 06:26:00,3,47.649,2.086,30.882,1,1,775.739,1,118.102,1,warning,0,pump_wear
2026-01-01 06:27:00,1,74.091,3.244,24.246,1,1,1433.979,1,137.296,0,normal,0,nominal
2026-01-01 06:27:00,2,66.653,2.36,26.332,1,1,1238.098,1,119.692,0,normal,0,nominal
2026-01-01 06:27:00,3,47.291,2.024,30.918,1,1,778.732,1,117.451,1,warning,0,pump_wear
2026-01-01 06:28:00,1,73.605,3.735,23.943,1,1,1429.993,1,142.798,0,normal,0,nominal
2026-01-01 06:28:00,2,66.516,2.723,26.336,1,1,1238.641,1,123.884,0,normal,0,nominal
2026-01-01 06:28:00,3,48.07,2.075,30.711,1,1,779.922,1,118.156,1,warning,0,pump_wear
2026-01-01 06:29:00,1,73.963,3.58,23.809,1,1,1426.202,1,140.861,0,normal,0,nominal
2026-01-01 06:29:00,2,66.679,2.615,26.279,1,1,1233.055,1,122.432,0,normal,0,nominal
2026-01-01 06:29:00,3,48.482,1.956,30.975,1,1,777.688,1,116.532,1,warning,0,pump_wear
2026-01-01 06:30:00,1,74.721,3.791,23.544,1,1,1421.795,1,143.125,0,normal,0,nominal
2026-01-01 06:30:00,2,66.159,2.559,25.734,1,1,1238.248,1,121.986,0,normal,0,nominal
2026-01-01 06:30:00,3,47.666,2.154,31.213,1,1,768.004,1,118.616,1,warning,0,pump_wear
2026-01-01 06:31:00,1,73.118,3.92,23.813,1,1,1416.373,1,144.404,0,normal,0,nominal
2026-01-01 06:31:00,2,65.402,2.663,25.9,1,1,1245.313,1,123.45,0,normal,0,nominal
2026-01-01 06:31:00,3,47.087,2.076,31.428,1,1,755.299,1,117.023,1,warning,0,pump_wear
2026-01-01 06:32:00,1,73.768,3.647,24.071,1,1,1425.148,1,141.592,0,normal,0,nominal
2026-01-01 06:32:00,2,65.93,3.008,25.844,1,1,1253.016,1,127.702,0,normal,0,nominal
2026-01-01 06:32:00,3,46.516,2.303,31.274,1,1,774.521,1,120.82,1,warning,0,pump_wear
2026-01-01 06:33:00,1,73.634,3.828,23.874,1,1,1414.367,1,143.265,0,normal,0,nominal
2026-01-01 06:33:00,2,67.302,2.804,26.242,1,1,1253.857,1,125.397,0,normal,0,nominal
2026-01-01 06:33:00,3,48.1,1.814,31.622,1,1,765.292,1,114.14,1,warning,0,pump_wear
2026-01-01 06:34:00,1,73.696,3.368,23.729,1,1,1425.54,1,138.398,0,normal,0,nominal
2026-01-01 06:34:00,2,67.889,2.533,26.238,1,1,1251.641,1,122.193,0,normal,0,nominal
2026-01-01 06:34:00,3,46.944,1.871,31.187,1,1,750.545,1,114.188,1,warning,0,pump_wear
2026-01-01 06:35:00,1,73.816,3.419,24.005,1,1,1423.937,1,138.928,0,normal,0,nominal
2026-01-01 06:35:00,2,66.451,3.097,26.392,1,1,1246.485,1,128.48,0,normal,0,nominal
2026-01-01 06:35:00,3,46.55,1.603,30.975,1,1,777.925,1,112.028,1,warning,0,pump_wear
2026-01-01 06:36:00,1,73.872,3.243,23.673,1,1,1431.882,1,137.209,0,normal,0,nominal
2026-01-01 06:36:00,2,66.282,3.09,26.054,1,1,1235.512,1,127.989,0,normal,0,nominal
2026-01-01 06:36:00,3,49.391,1.915,30.874,1,1,827.133,1,113.141,0,warning,0,pump_wear
2026-01-01 06:37:00,1,73.411,3.408,24.065,1,1,1423.443,1,138.785,0,normal,0,nominal
2026-01-01 06:37:00,2,65.414,2.632,26.205,1,1,1248.884,1,123.231,0,normal,0,nominal
2026-01-01 06:37:00,3,51.39,2.036,30.476,1,1,880.521,1,111.921,0,warning,0,pump_wear
2026-01-01 06:38:00,1,74.592,3.399,23.668,1,1,1432.825,1,139.034,0,normal,0,nominal
2026-01-01 06:38:00,2,64.956,2.477,26.674,1,1,1277.389,1,122.531,0,normal,0,nominal
2026-01-01 06:38:00,3,54.293,2.148,29.932,1,1,965.562,1,111.758,0,normal,0,pump_wear
2026-01-01 06:39:00,1,74.543,3.537,23.884,1,1,1414.122,1,139.912,0,normal,0,nominal
2026-01-01 06:39:00,2,66.448,2.456,26.455,1,1,1264.803,1,121.802,0,normal,0,nominal
2026-01-01 06:39:00,3,56.481,2.307,30.01,1,1,1009.076,1,114.347,0,normal,0,pump_wear
2026-01-01 06:40:00,1,72.204,3.679,23.524,1,1,1441.438,1,142.582,0,normal,0,nominal
2026-01-01 06:40:00,2,67.437,2.525,26.42,1,1,1262.731,1,122.521,0,normal,0,nominal
2026-01-01 06:40:00,3,56.717,2.192,29.549,1,1,1029.778,1,113.814,0,normal,0,pump_wear
2026-01-01 06:41:00,1,73.96,3.91,24.174,1,1,1398.747,1,143.619,0,normal,0,nominal
2026-01-01 06:41:00,2,68.231,3.073,26.38,1,1,1258.638,1,128.671,0,normal,0,nominal
2026-01-01 06:41:00,3,56.472,2.328,29.503,1,1,1067.064,1,116.882,0,normal,0,pump_wear
2026-01-01 06:42:00,1,73.141,3.871,24.396,1,1,1427.244,1,144.254,0,normal,0,nominal
2026-01-01 06:42:00,2,67.917,3.144,26.52,1,1,1265.668,1,129.75,0,normal,0,nominal
2026-01-01 06:42:00,3,55.204,2.094,29.52,1,1,1045.7,1,113.294,0,normal,0,pump_wear
2026-01-01 06:43:00,1,73.269,3.722,24.385,1,1,1427.554,1,142.55,0,normal,0,nominal
2026-01-01 06:43:00,2,68.78,3.424,26.237,1,1,1250.656,1,132.395,0,normal,0,nominal
2026-01-01 06:43:00,3,55.139,1.863,29.191,1,1,1055.47,1,110.97,0,normal,0,pump_wear
2026-01-01 06:44:00,1,73.181,3.878,24.249,1,1,1422.96,1,144.168,0,normal,0,nominal
2026-01-01 06:44:00,2,68.108,3.114,26.092,1,1,1247.9,1,128.728,0,normal,0,nominal
2026-01-01 06:44:00,3,54.065,2.089,28.909,1,1,1023.553,1,112.364,0,normal,0,pump_wear
2026-01-01 06:45:00,1,73.807,3.711,24.092,1,1,1418.462,1,142.073,0,normal,0,nominal
2026-01-01 06:45:00,2,68.482,2.994,26.21,1,1,1252.592,1,127.535,0,normal,0,nominal
2026-01-01 06:45:00,3,54.642,2.14,29.238,1,1,1023.335,1,112.957,0,normal,0,pump_wear
2026-01-01 06:46:00,1,72.239,3.798,24.224,1,1,1413.776,1,142.898,0,normal,0,nominal
2026-01-01 06:46:00,2,67.207,2.802,26.47,1,1,1251.494,1,125.285,0,normal,0,nominal
2026-01-01 06:46:00,3,57.123,2.052,29.43,1,1,1022.946,1,111.899,0,normal,0,pump_wear
2026-01-01 06:47:00,1,73.937,3.553,23.932,1,1,1413.501,1,140.071,0,normal,0,nominal
2026-01-01 06:47:00,2,66.32,2.965,25.981,1,1,1247.639,1,127.011,0,normal,0,nominal
2026-01-01 06:47:00,3,58.674,2.288,29.239,1,1,1028.945,1,114.914,0,normal,0,pump_wear
2026-01-01 06:48:00,1,72.894,3.747,23.732,1,1,1408.959,1,142.128,0,normal,0,nominal
2026-01-01 06:48:00,2,65.292,2.591,26.133,1,1,1236.496,1,122.285,0,normal,0,nominal
2026-01-01 06:48:00,3,58.081,2.331,29.082,1,1,1044.707,1,116.038,0,normal,0,pump_wear
2026-01-01 06:49:00,1,72.373,3.381,24.327,1,1,1417.071,1,138.234,0,normal,0,nominal
2026-01-01 06:49:00,2,64.631,2.455,25.874,1,1,1223.838,1,120.234,0,normal,0,nominal
2026-01-01 06:49:00,3,59.364,2.094,29.012,1,1,1040.214,1,113.075,0,normal,0,pump_wear
2026-01-01 06:50:00,1,73.191,3.461,24.229,1,1,1408.36,1,138.821,0,normal,0,nominal
2026-01-01 06:50:00,2,66.616,2.968,25.988,1,1,1239.468,1,126.731,0,normal,0,nominal
2026-01-01 06:50:00,3,59.568,2.211,29.223,1,1,1048.755,1,114.782,0,normal,0,pump_wear
2026-01-01 06:51:00,1,74.697,3.586,24.393,1,1,1408.817,1,140.269,0,normal,0,nominal
2026-01-01 06:51:00,2,68.054,2.825,26.3,1,1,1242.03,1,125.19,0,normal,0,nominal
2026-01-01 06:51:00,3,56.691,1.875,29.417,1,1,1039.206,1,110.462,0,normal,0,pump_wear
2026-01-01 06:52:00,1,73.212,3.427,24.581,1,1,1426.855,1,139.132,0,normal,0,nominal
2026-01-01 06:52:00,2,67.089,2.426,26.477,1,1,1245.5,1,120.73,0,normal,0,nominal
2026-01-01 06:52:00,3,58.498,2.233,29.83,1,1,1031.988,1,114.385,0,normal,0,pump_wear
2026-01-01 06:53:00,1,72.609,3.511,24.223,1,1,1412.403,1,139.551,0,normal,0,nominal
2026-01-01 06:53:00,2,66.451,2.628,26.345,1,1,1250.299,1,123.229,0,normal,0,nominal
2026-01-01 06:53:00,3,57.595,2.496,29.609,1,1,1043.847,1,117.94,0,normal,0,pump_wear
2026-01-01 06:54:00,1,73.923,3.822,24.233,1,1,1425.106,1,143.613,0,normal,0,nominal
2026-01-01 06:54:00,2,67.153,2.741,26.087,1,1,1261.757,1,124.97,0,normal,0,nominal
2026-01-01 06:54:00,3,58.473,2.159,29.659,1,1,1045.692,1,114.051,0,normal,0,pump_wear
2026-01-01 06:55:00,1,73.754,3.686,24.349,1,1,1428.393,1,142.169,0,normal,0,nominal
2026-01-01 06:55:00,2,67.004,2.732,26.225,1,1,1261.53,1,124.851,0,normal,0,nominal
2026-01-01 06:55:00,3,60.038,2.262,29.571,1,1,1039.532,1,115.018,0,normal,0,pump_wear
2026-01-01 06:56:00,1,74.383,3.794,24.214,1,1,1440.148,1,143.861,0,normal,0,nominal
2026-01-01 06:56:00,2,66.922,2.785,26.318,1,1,1262.684,1,125.514,0,normal,0,nominal
2026-01-01 06:56:00,3,59.719,2.405,29.319,1,1,1024.589,1,116.111,0,normal,0,pump_wear
2026-01-01 06:57:00,1,72.634,3.595,23.904,1,1,1445.775,1,141.784,0,normal,0,nominal
2026-01-01 06:57:00,2,65.271,3.018,26.022,1,1,1249.49,1,127.686,0,normal,0,nominal
2026-01-01 06:57:00,3,57.342,2.458,29.448,1,1,1031.73,1,117.016,0,normal,0,pump_wear
2026-01-01 06:58:00,1,73.525,3.485,23.669,1,1,1415.534,1,139.367,0,normal,0,nominal
2026-01-01 06:58:00,2,65.954,2.918,25.985,1,1,1234.783,1,125.983,0,normal,0,nominal
2026-01-01 06:58:00,3,58.786,2.365,29.731,1,1,1037.611,1,116.155,0,normal,0,pump_wear
2026-01-01 06:59:00,1,74.011,3.659,23.324,1,1,1416.031,1,141.384,0,normal,0,nominal
2026-01-01 06:59:00,2,66.43,2.999,26.24,1,1,1246.684,1,127.364,0,normal,0,nominal
2026-01-01 06:59:00,3,57.365,2.378,29.686,1,1,1038.834,1,116.358,0,normal,0,pump_wear
2026-01-01 07:00:00,1,74.139,3.737,23.321,1,1,1406.708,1,141.933,0,normal,0,nominal
2026-01-01 07:00:00,2,65.952,2.72,26.256,1,1,1244.836,1,124.089,0,normal,0,nominal
2026-01-01 07:00:00,3,58.752,2.346,29.709,1,1,1035.467,1,115.849,0,normal,0,pump_wear
2026-01-01 07:01:00,1,75.513,3.846,23.611,1,1,1399.196,1,142.894,0,normal,0,nominal
2026-01-01 07:01:00,2,66.624,2.77,26.714,1,1,1260.099,1,125.243,0,normal,0,nominal
2026-01-01 07:01:00,3,58.362,2.124,29.405,1,1,1021.424,1,112.69,0,normal,0,pump_wear
2026-01-01 07:02:00,1,74.271,4.003,23.571,1,1,1416.267,1,145.351,0,normal,0,nominal
2026-01-01 07:02:00,2,68.233,2.713,26.517,1,1,1281.926,1,125.413,0,normal,0,nominal
2026-01-01 07:02:00,3,58.525,2.324,28.99,1,1,1009.942,1,114.583,0,normal,0,pump_wear
2026-01-01 07:03:00,1,75.038,3.716,23.949,1,1,1407.413,1,141.712,0,normal,0,nominal
2026-01-01 07:03:00,2,68.016,3.097,26.679,1,1,1277.593,1,129.663,0,normal,0,nominal
2026-01-01 07:03:00,3,57.745,2.178,28.958,1,1,1016.674,1,113.132,0,normal,0,pump_wear
2026-01-01 07:04:00,1,75.509,3.757,24.097,1,1,1396.507,1,141.771,0,normal,0,nominal
2026-01-01 07:04:00,2,64.154,3.325,26.656,1,1,1257.04,1,131.505,0,normal,0,nominal
2026-01-01 07:04:00,3,59.083,2.224,29.376,1,1,1043.463,1,114.733,0,normal,0,pump_wear
2026-01-01 07:05:00,1,76.811,3.818,23.938,1,1,1415.035,1,143.183,0,normal,0,nominal
2026-01-01 07:05:00,2,66.439,3.6,26.488,1,1,1266.155,1,135.016,0,normal,0,nominal
2026-01-01 07:05:00,3,57.617,2.634,29.322,1,1,1026.107,1,118.86,0,normal,0,pump_wear
2026-01-01 07:06:00,1,75.821,3.394,23.846,1,1,1417.619,1,138.4,0,normal,0,nominal
2026-01-01 07:06:00,2,66.475,3.849,26.393,1,1,1250.139,1,137.268,0,normal,0,nominal
2026-01-01 07:06:00,3,57.563,2.337,29.405,1,1,1029.994,1,115.523,0,normal,0,pump_wear
2026-01-01 07:07:00,1,74.353,3.08,23.723,1,1,1403.753,1,134.261,0,normal,0,nominal
2026-01-01 07:07:00,2,66.048,3.375,26.348,1,1,1269.022,1,132.535,0,normal,0,nominal
2026-01-01 07:07:00,3,59.617,2.281,29.062,1,1,1029.269,1,114.843,0,normal,0,pump_wear
2026-01-01 07:08:00,1,73.378,3.217,23.835,1,1,1400.496,1,135.711,0,normal,0,nominal
2026-01-01 07:08:00,2,66.213,2.946,26.448,1,1,1267.212,1,127.535,0,normal,0,nominal
2026-01-01 07:08:00,3,58.907,2.162,29.036,1,1,1038.234,1,113.792,0,normal,0,pump_wear
2026-01-01 07:09:00,1,73.128,3.756,23.619,1,1,1435.851,1,143.254,0,normal,0,nominal
2026-01-01 07:09:00,2,66.234,2.733,26.266,1,1,1260.166,1,124.82,0,normal,0,nominal
2026-01-01 07:09:00,3,58.033,2.263,29.44,1,1,1035.789,1,114.882,0,normal,0,pump_wear
2026-01-01 07:10:00,1,74.127,3.763,24.152,1,1,1422.381,1,142.824,0,normal,0,nominal
2026-01-01 07:10:00,2,66.896,2.861,26.448,1,1,1267.739,1,126.579,0,normal,0,nominal
2026-01-01 07:10:00,3,59.133,2.303,29.236,1,1,1044.335,1,115.687,0,normal,0,pump_wear
2026-01-01 07:11:00,1,71.745,3.559,24.499,1,1,1423.331,1,140.512,0,normal,0,nominal
2026-01-01 07:11:00,2,66.702,2.821,26.465,1,1,1282.965,1,126.695,0,normal,0,nominal
2026-01-01 07:11:00,3,60.202,2.023,29.004,1,1,1039.54,1,112.22,0,normal,0,pump_wear
2026-01-01 07:12:00,1,73.095,3.427,24.198,1,1,1427.661,1,139.163,0,normal,0,nominal
2026-01-01 07:12:00,2,66.94,2.767,26.606,1,1,1262.633,1,125.296,0,normal,0,nominal
2026-01-01 07:12:00,3,60.143,2.137,29.307,1,1,1044.911,1,113.763,0,normal,0,pump_wear
2026-01-01 07:13:00,1,74.126,3.538,24.005,1,1,1422.29,1,140.238,0,normal,0,nominal
2026-01-01 07:13:00,2,67.14,3.427,26.343,1,1,1276.791,1,133.424,0,normal,0,nominal
2026-01-01 07:13:00,3,59.537,2.202,29.475,1,1,1047.426,1,114.623,0,normal,0,pump_wear
2026-01-01 07:14:00,1,74.79,3.506,24.212,1,1,1413.119,1,139.516,0,normal,0,nominal
2026-01-01 07:14:00,2,66.979,3.371,26.558,1,1,1283.613,1,133.046,0,normal,0,nominal
2026-01-01 07:14:00,3,58.922,2.345,29.627,1,1,1041.094,1,116.062,0,normal,0,pump_wear
2026-01-01 07:15:00,1,74.198,3.546,24.403,1,1,1436.106,1,140.856,0,normal,0,nominal
2026-01-01 07:15:00,2,67.109,3.156,26.72,1,1,1285.313,1,130.639,0,normal,0,nominal
2026-01-01 07:15:00,3,57.941,2.519,29.98,1,1,1015.588,1,117.096,0,normal,0,pump_wear
2026-01-01 07:16:00,1,72.451,3.426,24.313,1,1,1436.346,1,139.476,0,normal,0,nominal
2026-01-01 07:16:00,2,66.982,2.993,26.566,1,1,1262.271,1,127.887,0,normal,0,nominal
2026-01-01 07:16:00,3,57.183,2.439,29.746,1,1,1034.469,1,116.893,0,normal,0,pump_wear
2026-01-01 07:17:00,1,73.057,3.296,24.097,1,1,1420.754,1,137.388,0,normal,0,nominal
2026-01-01 07:17:00,2,66.347,3.008,26.771,1,1,1256.816,1,127.847,0,normal,0,nominal
2026-01-01 07:17:00,3,55.614,2.356,29.135,1,1,1025.483,1,115.576,0,normal,0,pump_wear
2026-01-01 07:18:00,1,73.792,3.664,24.045,1,1,1419.507,1,141.582,0,normal,0,nominal
2026-01-01 07:18:00,2,66.317,2.803,26.702,1,1,1255.843,1,125.454,0,normal,0,nominal
2026-01-01 07:18:00,3,55.875,2.303,28.652,1,1,1033.903,1,115.281,0,normal,0,pump_wear
2026-01-01 07:19:00,1,75.106,3.953,23.719,1,1,1420.346,1,144.93,0,normal,0,nominal
2026-01-01 07:19:00,2,67.593,2.682,27.135,1,1,1262.125,1,124.298,0,normal,0,nominal
2026-01-01 07:19:00,3,57.333,2.302,28.988,1,1,1040.631,1,115.531,0,normal,0,pump_wear
2026-01-01 07:20:00,1,72.709,3.827,23.592,1,1,1416.077,1,143.321,0,normal,0,nominal
2026-01-01 07:20:00,2,66.351,3.046,26.931,1,1,1240.754,1,127.675,0,normal,0,nominal
2026-01-01 07:20:00,3,58.468,2.241,29.205,1,1,1040.769,1,114.82,0,normal,0,pump_wear
2026-01-01 07:21:00,1,74.098,3.458,24.076,1,1,1399.788,1,138.459,0,normal,0,nominal
2026-01-01 07:21:00,2,66.933,3.199,26.67,1,1,1247.507,1,129.694,0,normal,0,nominal
2026-01-01 07:21:00,3,57.749,2.258,29.466,1,1,1061.488,1,115.839,0,normal,0,pump_wear
2026-01-01 07:22:00,1,75.123,3.17,24.14,1,1,1418.669,1,135.868,0,normal,0,nominal
2026-01-01 07:22:00,2,67.908,3.221,26.242,1,1,1250.403,1,130.052,0,normal,0,nominal
2026-01-01 07:22:00,3,58.952,2.281,29.143,1,1,1057.929,1,115.969,0,normal,0,pump_wear
2026-01-01 07:23:00,1,74.917,3.503,24.351,1,1,1409.422,1,139.348,0,normal,0,nominal
2026-01-01 07:23:00,2,67.218,3.066,26.532,1,1,1243.147,1,128.004,0,normal,0,nominal
2026-01-01 07:23:00,3,59.118,2.09,29.156,1,1,1047.919,1,113.329,0,normal,0,pump_wear
2026-01-01 07:24:00,1,73.955,3.49,24.707,1,1,1400.717,1,138.862,0,normal,0,nominal
2026-01-01 07:24:00,2,66.673,2.738,26.135,1,1,1255.835,1,124.711,0,normal,0,nominal
2026-01-01 07:24:00,3,59.302,2.218,29.27,1,1,1041.661,1,114.594,0,normal,0,pump_wear
2026-01-01 07:25:00,1,73.221,3.975,24.385,1,1,1428.59,1,145.495,0,normal,0,nominal
2026-01-01 07:25:00,2,66.879,2.407,26.228,1,1,1262.095,1,121.144,0,normal,0,nominal
2026-01-01 07:25:00,3,57.539,1.887,29.29,1,1,1048.163,1,110.958,0,normal,0,pump_wear
2026-01-01 07:26:00,1,73.528,4.059,24.303,1,1,1426.391,1,146.379,0,normal,0,nominal
2026-01-01 07:26:00,2,66.874,2.611,25.916,1,1,1257.576,1,123.312,0,normal,0,nominal
2026-01-01 07:26:00,3,56.509,2.416,29.414,1,1,1049.649,1,117.222,0,normal,0,pump_wear
2026-01-01 07:27:00,1,72.81,3.691,24.245,1,1,1433.554,1,142.419,0,normal,0,nominal
2026-01-01 07:27:00,2,66.507,3.435,26.117,1,1,1230.753,1,131.77,0,normal,0,nominal
2026-01-01 07:27:00,3,56.067,2.642,29.301,1,1,1070.876,1,120.718,0,normal,0,pump_wear
2026-01-01 07:28:00,1,73.982,3.65,24.188,1,1,1423.188,1,141.553,0,normal,0,nominal
2026-01-01 07:28:00,2,66.738,3.221,26.274,1,1,1216.376,1,128.763,0,normal,0,nominal
2026-01-01 07:28:00,3,56.253,2.675,29.596,1,1,1047.922,1,120.198,0,normal,0,pump_wear
2026-01-01 07:29:00,1,73.257,3.872,24.393,1,1,1426.018,1,144.221,0,normal,0,nominal
2026-01-01 07:29:00,2,67.2,3.23,26.114,1,1,1214.691,1,128.805,0,normal,0,nominal
2026-01-01 07:29:00,3,56.085,2.438,29.276,1,1,1063.623,1,118.031,0,normal,0,pump_wear
2026-01-01 07:30:00,1,72.642,3.732,24.222,1,1,1418.817,1,142.328,0,normal,0,nominal
2026-01-01 07:30:00,2,67.714,3.028,25.957,1,1,1226.553,1,126.931,0,normal,0,nominal
2026-01-01 07:30:00,3,55.305,2.622,29.713,1,1,1041.269,1,119.314,0,normal,0,pump_wear
2026-01-01 07:31:00,1,73.203,3.902,23.917,1,1,1428.302,1,144.648,0,normal,0,nominal
2026-01-01 07:31:00,2,66.886,3.099,25.937,1,1,1251.474,1,128.698,0,normal,0,nominal
2026-01-01 07:31:00,3,57.698,2.098,29.636,1,1,1015.616,1,112.158,0,normal,0,pump_wear
2026-01-01 07:32:00,1,73.598,4.079,24.068,1,1,1427.043,1,146.641,0,normal,0,nominal
2026-01-01 07:32:00,2,66.272,2.89,26.078,1,1,1248.022,1,126.155,0,normal,0,nominal
2026-01-01 07:32:00,3,57.355,1.831,29.471,1,1,1029.162,1,109.556,0,normal,0,pump_wear
2026-01-01 07:33:00,1,72.836,3.936,24.26,1,1,1429.34,1,145.08,0,normal,0,nominal
2026-01-01 07:33:00,2,66.799,2.988,26.323,1,1,1238.568,1,126.932,0,normal,0,nominal
2026-01-01 07:33:00,3,57.482,1.885,29.204,1,1,1041.643,1,110.676,0,normal,0,pump_wear
2026-01-01 07:34:00,1,73.246,3.85,24.09,1,1,1440.24,1,144.506,0,normal,0,nominal
2026-01-01 07:34:00,2,67.89,2.935,26.502,1,1,1277.691,1,127.808,0,normal,0,nominal
2026-01-01 07:34:00,3,56.757,2.2,29.032,1,1,1056.078,1,114.941,0,normal,0,pump_wear
2026-01-01 07:35:00,1,73.665,3.831,24.383,1,1,1426.959,1,143.78,0,normal,0,nominal
2026-01-01 07:35:00,2,67.938,2.946,26.705,1,1,1269.978,1,127.64,0,normal,0,nominal
2026-01-01 07:35:00,3,57.492,2.535,29.33,1,1,1020.008,1,117.455,0,normal,0,pump_wear
2026-01-01 07:36:00,1,72.778,3.879,24.514,1,1,1417.127,1,143.964,0,normal,0,nominal
2026-01-01 07:36:00,2,67.673,3.078,26.693,1,1,1259.793,1,128.764,0,normal,0,nominal
2026-01-01 07:36:00,3,57.126,2.16,29.187,1,1,1037.034,1,113.722,0,normal,0,pump_wear
2026-01-01 07:37:00,1,72.605,3.41,24.212,1,1,1422.739,1,138.779,0,normal,0,nominal
2026-01-01 07:37:00,2,66.331,3.45,26.763,1,1,1264.257,1,133.215,0,normal,0,nominal
2026-01-01 07:37:00,3,60.339,2.158,29.527,1,1,1030.473,1,113.449,0,normal,0,pump_wear
2026-01-01 07:38:00,1,73.578,3.419,23.861,1,1,1405.788,1,138.239,0,normal,0,nominal
2026-01-01 07:38:00,2,67.246,3.268,26.809,1,1,1267.965,1,131.268,0,normal,0,nominal
2026-01-01 07:38:00,3,59.112,2.462,29.575,1,1,1021.587,1,116.66,0,normal,0,pump_wear
2026-01-01 07:39:00,1,73.567,3.829,24.038,1,1,1427.355,1,143.769,0,normal,0,nominal
2026-01-01 07:39:00,2,67.002,3.057,26.564,1,1,1271.63,1,128.983,0,normal,0,nominal
2026-01-01 07:39:00,3,58.934,2.455,29.12,1,1,1035.64,1,117.133,0,normal,0,pump_wear
2026-01-01 07:40:00,1,73.01,3.679,23.986,1,1,1438.701,1,142.483,0,normal,0,nominal
2026-01-01 07:40:00,2,66.434,3.159,26.359,1,1,1265.064,1,129.905,0,normal,0,nominal
2026-01-01 07:40:00,3,59.195,2.264,29.235,1,1,1030.269,1,114.68,0,normal,0,pump_wear
2026-01-01 07:41:00,1,74.262,3.423,24.231,1,1,1430.983,1,139.24,0,normal,0,nominal
2026-01-01 07:41:00,2,66.21,2.907,26.315,1,1,1265.465,1,127.022,0,normal,0,nominal
2026-01-01 07:41:00,3,57.192,2.183,28.92,1,1,1027.333,1,113.612,0,normal,0,pump_wear
2026-01-01 07:42:00,1,74.229,3.587,23.753,1,1,1440.97,1,141.511,0,normal,0,nominal
2026-01-01 07:42:00,2,66.196,3.038,26.671,1,1,1261.377,1,128.367,0,normal,0,nominal
2026-01-01 07:42:00,3,57.076,2.158,29.259,1,1,1019.814,1,113.021,0,normal,0,pump_wear
2026-01-01 07:43:00,1,74.834,3.498,23.974,1,1,1449.102,1,140.793,0,normal,0,nominal
2026-01-01 07:43:00,2,66.588,3.075,26.92,1,1,1259.947,1,128.74,0,normal,0,nominal
2026-01-01 07:43:00,3,58.55,2.242,29.295,1,1,1039.709,1,114.793,0,normal,0,pump_wear
2026-01-01 07:44:00,1,74.37,3.69,23.802,1,1,1455.506,1,143.245,0,normal,0,nominal
2026-01-01 07:44:00,2,66.265,3.339,26.51,1,1,1260.131,1,131.78,0,normal,0,nominal
2026-01-01 07:44:00,3,57.335,2.344,29.299,1,1,1034.653,1,115.788,0,normal,0,pump_wear
2026-01-01 07:45:00,1,73.698,3.542,23.966,1,1,1434.486,1,140.748,0,normal,0,nominal
2026-01-01 07:45:00,2,66.018,3.341,26.382,1,1,1245.018,1,131.234,0,normal,0,nominal
2026-01-01 07:45:00,3,58.525,2.574,29.304,1,1,1039.14,1,118.671,0,normal,0,pump_wear
2026-01-01 07:46:00,1,74.379,3.867,23.916,1,1,1418.505,1,143.87,0,normal,0,nominal
2026-01-01 07:46:00,2,64.892,3.446,26.399,1,1,1232.218,1,131.953,0,normal,0,nominal
2026-01-01 07:46:00,3,58.743,2.193,29.467,1,1,1032.798,1,113.952,0,normal,0,pump_wear
2026-01-01 07:47:00,1,73.307,3.651,23.939,1,1,1418.556,1,141.387,0,normal,0,nominal
2026-01-01 07:47:00,2,64.91,3.197,26.516,1,1,1248.416,1,129.704,0,normal,0,nominal
2026-01-01 07:47:00,3,57.916,2.282,29.488,1,1,1026.562,1,114.744,0,normal,0,pump_wear
2026-01-01 07:48:00,1,74.89,3.863,23.842,1,1,1415.492,1,143.709,0,normal,0,nominal
2026-01-01 07:48:00,2,64.498,3.061,26.439,1,1,1247.483,1,128.103,0,normal,0,nominal
2026-01-01 07:48:00,3,57.306,2.507,29.348,1,1,1039.516,1,117.901,0,normal,0,pump_wear
2026-01-01 07:49:00,1,74.838,4.06,23.872,1,1,1413.663,1,145.91,0,normal,0,nominal
2026-01-01 07:49:00,2,64.494,3.228,26.348,1,1,1256.474,1,130.371,0,normal,0,nominal
2026-01-01 07:49:00,3,58.705,2.683,29.12,1,1,1028.654,1,119.535,0,normal,0,pump_wear
2026-01-01 07:50:00,1,74.507,4.155,24.006,1,1,1420.11,1,147.245,0,normal,0,nominal
2026-01-01 07:50:00,2,65.768,3.038,26.384,1,1,1258.85,1,128.271,0,normal,0,nominal
2026-01-01 07:50:00,3,58.544,2.351,28.943,1,1,1056.193,1,116.726,0,normal,0,pump_wear
2026-01-01 07:51:00,1,75.327,4.03,24.054,1,1,1413.68,1,145.566,0,normal,0,nominal
2026-01-01 07:51:00,2,65.999,2.744,26.631,1,1,1261.147,1,124.975,0,normal,0,nominal
2026-01-01 07:51:00,3,58.61,2.077,29.042,1,1,1049.17,1,113.227,0,normal,0,pump_wear
2026-01-01 07:52:00,1,74.871,4.129,24.091,1,1,1406.661,1,146.441,0,normal,0,nominal
2026-01-01 07:52:00,2,66.975,2.612,26.424,1,1,1251.589,1,123.102,0,normal,0,nominal
2026-01-01 07:52:00,3,59.647,2.341,29.119,1,1,1035.627,1,115.796,0,normal,0,pump_wear
2026-01-01 07:53:00,1,74.06,3.986,24.0,1,1,1429.441,1,145.659,0,normal,0,nominal
2026-01-01 07:53:00,2,66.174,3.326,26.111,1,1,1250.455,1,131.267,0,normal,0,nominal
2026-01-01 07:53:00,3,58.842,2.24,29.179,1,1,1061.805,1,115.643,0,normal,0,pump_wear
2026-01-01 07:54:00,1,75.71,4.009,23.802,1,1,1436.708,1,146.198,0,normal,0,nominal
2026-01-01 07:54:00,2,65.887,3.164,26.341,1,1,1272.895,1,130.261,0,normal,0,nominal
2026-01-01 07:54:00,3,57.312,2.383,29.331,1,1,1043.684,1,116.607,0,normal,0,pump_wear
2026-01-01 07:55:00,1,76.075,4.193,23.767,1,1,1428.091,1,147.983,0,normal,0,nominal
2026-01-01 07:55:00,2,66.447,2.71,26.63,1,1,1257.986,1,124.47,0,normal,0,nominal
2026-01-01 07:55:00,3,56.356,2.173,29.524,1,1,1043.03,1,114.117,0,normal,0,pump_wear
2026-01-01 07:56:00,1,76.15,4.021,23.57,1,1,1418.535,1,145.647,0,normal,0,nominal
2026-01-01 07:56:00,2,67.684,2.921,26.77,1,1,1257.653,1,126.886,0,normal,0,nominal
2026-01-01 07:56:00,3,57.188,2.086,29.361,1,1,1022.423,1,112.287,0,normal,0,pump_wear
2026-01-01 07:57:00,1,74.113,3.583,23.476,1,1,1425.055,1,140.857,0,normal,0,nominal
2026-01-01 07:57:00,2,66.939,3.296,26.725,1,1,1254.479,1,131.077,0,normal,0,nominal
2026-01-01 07:57:00,3,56.914,2.191,29.477,1,1,1022.865,1,113.526,0,normal,0,pump_wear
2026-01-01 07:58:00,1,72.727,3.25,23.465,1,1,1422.534,1,136.932,0,normal,0,nominal
2026-01-01 07:58:00,2,66.949,3.398,26.649,1,1,1251.221,1,132.126,0,normal,0,nominal
2026-01-01 07:58:00,3,57.947,1.987,29.702,1,1,1040.44,1,111.836,0,normal,0,pump_wear
2026-01-01 07:59:00,1,72.905,3.661,23.275,1,1,1451.323,1,142.757,0,normal,0,nominal
2026-01-01 07:59:00,2,67.303,2.866,26.796,1,1,1242.782,1,125.69,0,normal,0,nominal
2026-01-01 07:59:00,3,58.329,2.257,29.576,1,1,1039.712,1,114.973,0,normal,0,pump_wear
2026-01-01 06:00:00,1,74.604,3.646,23.782,1,1,1445.233,1,142.347,0,normal,0,nominal
2026-01-01 06:00:00,2,67.283,2.798,26.183,1,1,1251.427,1,125.229,0,normal,0,nominal
2026-01-01 06:00:00,3,60.867,2.263,28.818,1,1,1131.985,1,114.538,0,normal,0,nominal
2026-01-01 06:01:00,1,74.515,3.921,23.772,1,1,1431.899,1,145.004,0,normal,0,nominal
2026-01-01 06:01:00,2,66.973,2.594,26.481,1,1,1275.549,1,123.8,0,normal,0,nominal
2026-01-01 06:01:00,3,61.299,2.309,28.944,1,1,1108.345,1,114.168,0,normal,0,nominal
2026-01-01 06:02:00,1,74.142,3.5,23.95,1,1,1424.556,1,139.884,0,normal,0,nominal
2026-01-01 06:02:00,2,67.471,2.393,26.563,1,1,1250.636,1,120.544,0,normal,0,nominal
2026-01-01 06:02:00,3,61.817,2.325,28.85,1,1,1114.657,1,114.589,0,normal,0,nominal
2026-01-01 06:03:00,1,74.583,3.666,23.75,1,1,1414.262,1,141.399,0,normal,0,nominal
2026-01-01 06:03:00,2,67.418,2.848,26.715,1,1,1243.507,1,125.506,0,normal,0,nominal
2026-01-01 06:03:00,3,62.172,2.552,28.911,1,1,1123.126,1,117.529,0,normal,0,nominal
2026-01-01 06:04:00,1,73.654,3.428,23.592,1,1,1396.575,1,137.987,0,normal,0,nominal
2026-01-01 06:04:00,2,67.272,2.933,26.485,1,1,1255.37,1,126.939,0,normal,0,nominal
2026-01-01 06:04:00,3,63.397,2.281,28.735,1,1,1133.45,1,114.808,0,normal,0,nominal
2026-01-01 06:05:00,1,74.554,3.401,23.63,1,1,1417.905,1,138.487,0,normal,0,nominal
2026-01-01 06:05:00,2,67.094,3.276,26.561,1,1,1245.385,1,130.496,0,normal,0,nominal
2026-01-01 06:05:00,3,63.421,2.273,28.79,1,1,1124.566,1,114.369,0,normal,0,nominal
2026-01-01 06:06:00,1,71.925,3.41,23.606,1,1,1451.638,1,138.818,0,normal,0,demand_spike
2026-01-01 06:06:00,2,66.553,3.238,26.841,1,1,1273.364,1,130.168,0,normal,0,demand_spike
2026-01-01 06:06:00,3,57.089,2.092,28.712,1,1,1143.618,1,112.749,0,normal,0,demand_spike
2026-01-01 06:07:00,1,68.19,4.078,23.767,1,1,1489.881,1,146.334,0,warning,0,demand_spike
2026-01-01 06:07:00,2,64.69,4.014,26.749,1,1,1314.34,1,139.002,0,warning,0,demand_spike
2026-01-01 06:07:00,3,55.723,2.35,28.744,1,1,1172.796,1,116.382,0,warning,0,demand_spike
2026-01-01 06:08:00,1,66.634,4.486,23.743,1,1,1547.745,1,151.549,0,warning,0,demand_spike
2026-01-01 06:08:00,2,62.576,3.592,26.55,1,1,1376.071,1,136.199,0,warning,0,demand_spike
2026-01-01 06:08:00,3,54.357,2.665,28.67,1,1,1232.71,1,121.6,0,warning,0,demand_spike
2026-01-01 06:09:00,1,64.471,4.809,23.497,1,1,1606.913,1,155.829,0,warning,0,demand_spike
2026-01-01 06:09:00,2,59.592,3.692,26.505,1,1,1447.593,1,139.248,0,warning,0,demand_spike
2026-01-01 06:09:00,3,52.105,3.194,28.989,1,1,1291.766,1,128.638,0,warning,0,demand_spike
2026-01-01 06:10:00,1,62.835,5.131,23.616,1,1,1644.933,1,160.313,0,warning,0,demand_spike
2026-01-01 06:10:00,2,57.501,4.25,26.672,1,1,1476.177,1,145.598,0,warning,0,demand_spike
2026-01-01 06:10:00,3,52.108,3.094,29.04,1,1,1325.664,1,128.978,0,warning,0,demand_spike
2026-01-01 06:11:00,1,62.433,5.483,23.905,1,1,1647.043,1,163.709,0,warning,0,demand_spike
2026-01-01 06:11:00,2,56.562,3.747,26.56,1,1,1488.224,1,141.311,0,warning,0,demand_spike
2026-01-01 06:11:00,3,49.735,3.391,28.902,1,1,1321.036,1,131.6,0,warning,0,demand_spike
2026-01-01 06:12:00,1,62.778,5.716,23.642,1,1,1674.478,1,166.954,0,warning,0,demand_spike
2026-01-01 06:12:00,2,56.051,4.393,26.313,1,1,1493.799,1,147.612,0,warning,0,demand_spike
2026-01-01 06:12:00,3,50.187,3.349,29.015,1,1,1324.94,1,131.352,0,warning,0,demand_spike
2026-01-01 06:13:00,1,63.827,5.699,24.133,1,1,1662.699,1,166.345,0,warning,0,demand_spike
2026-01-01 06:13:00,2,55.894,4.781,26.341,1,1,1503.874,1,151.659,0,warning,0,demand_spike
2026-01-01 06:13:00,3,47.676,3.874,28.894,1,1,1359.445,1,137.612,0,warning,0,demand_spike
2026-01-01 06:14:00,1,61.103,6.005,24.259,1,1,1661.694,1,169.191,0,warning,0,demand_spike
2026-01-01 06:14:00,2,55.732,4.915,26.573,1,1,1494.016,1,152.547,0,warning,0,demand_spike
2026-01-01 06:14:00,3,47.435,3.634,28.745,1,1,1318.308,1,136.623,0,warning,0,demand_spike|pump_wear
2026-01-01 06:15:00,1,62.501,6.45,24.2,1,1,1665.36,1,173.52,0,warning,0,demand_spike
2026-01-01 06:15:00,2,55.079,4.538,26.773,1,1,1509.451,1,149.575,0,warning,0,demand_spike
2026-01-01 06:15:00,3,45.519,3.353,28.722,1,1,1282.56,1,135.386,0,warning,0,demand_spike|pump_wear
2026-01-01 06:16:00,1,64.022,5.804,24.018,1,1,1624.836,1,167.494,0,warning,0,demand_spike
2026-01-01 06:16:00,2,56.047,4.084,26.462,1,1,1488.263,1,145.327,0,warning,0,demand_spike
2026-01-01 06:16:00,3,42.997,3.349,29.117,1,1,1200.421,1,135.467,0,warning,0,demand_spike|pump_wear
2026-01-01 06:17:00,1,65.559,5.804,24.234,1,1,1566.462,1,167.127,0,warning,0,demand_spike
2026-01-01 06:17:00,2,58.959,4.364,26.317,1,1,1413.559,1,146.402,0,warning,0,demand_spike
2026-01-01 06:17:00,3,45.298,2.951,29.466,1,1,1098.51,1,130.528,0,warning,0,demand_spike|pump_wear
2026-01-01 06:18:00,1,68.355,4.933,24.145,1,1,1527.874,1,158.311,0,normal,0,demand_spike
2026-01-01 06:18:00,2,61.075,4.227,26.275,1,1,1354.107,1,144.016,0,normal,0,demand_spike
2026-01-01 06:18:00,3,47.16,2.796,30.045,1,1,996.18,1,127.898,0,warning,0,demand_spike|pump_wear
2026-01-01 06:19:00,1,70.297,4.366,24.36,1,1,1475.27,1,151.771,0,normal,0,nominal
2026-01-01 06:19:00,2,63.66,4.02,26.076,1,1,1298.291,1,141.061,0,normal,0,nominal
2026-01-01 06:19:00,3,44.851,1.978,30.389,1,1,914.233,1,117.75,0,warning,0,pump_wear
2026-01-01 06:20:00,1,71.725,4.029,23.851,1,1,1469.502,1,147.676,0,normal,0,nominal
2026-01-01 06:20:00,2,64.405,3.438,26.225,1,1,1258.254,1,135.027,0,normal,0,leak_progression
2026-01-01 06:20:00,3,45.171,1.824,30.854,1,1,851.026,1,115.623,1,warning,0,pump_wear
2026-01-01 06:21:00,1,72.76,3.964,23.866,1,1,1438.535,1,145.753,0,normal,0,nominal
2026-01-01 06:21:00,2,63.459,3.563,26.687,1,1,1242.352,1,138.145,0,normal,1,leak_progression
2026-01-01 06:21:00,3,46.239,1.73,31.097,1,1,817.962,1,115.513,1,warning,0,pump_wear
2026-01-01 06:22:00,1,74.165,3.861,23.977,1,1,1455.727,1,145.225,0,normal,0,nominal
2026-01-01 06:22:00,2,61.462,2.522,27.196,1,1,1263.904,1,128.385,0,warning,1,leak_progression
2026-01-01 06:22:00,3,46.827,1.871,31.115,1,1,782.504,1,115.666,1,warning,0,pump_wear
2026-01-01 06:23:00,1,73.4,3.368,23.888,1,1,1441.289,1,139.0,0,normal,0,nominal
2026-01-01 06:23:00,2,58.29,2.783,27.734,1,1,1256.986,1,133.472,0,warning,1,leak_progression
2026-01-01 06:23:00,3,46.316,2.109,30.57,1,1,788.075,1,118.967,1,warning,0,pump_wear
2026-01-01 06:24:00,1,74.059,3.42,24.06,1,1,1435.147,1,139.368,0,normal,0,nominal
2026-01-01 06:24:00,2,55.58,2.149,28.533,1,1,1246.708,1,126.954,0,warning,1,leak_progression
2026-01-01 06:24:00,3,44.935,2.147,30.993,1,1,772.791,1,118.749,1,warning,0,pump_wear
2026-01-01 06:25:00,1,75.218,3.864,23.67,1,1,1427.762,1,144.194,0,normal,0,nominal
2026-01-01 06:25:00,2,52.028,1.873,29.055,1,1,1265.358,1,125.951,1,warning,1,leak_progression
2026-01-01 06:25:00,3,46.161,1.9,30.838,1,1,768.888,1,115.404,1,warning,0,pump_wear
2026-01-01 06:26:00,1,74.456,3.896,23.775,1,1,1408.904,1,143.846,0,normal,0,nominal
2026-01-01 06:26:00,2,47.982,2.112,29.134,1,1,1256.638,1,130.843,1,fault,1,leak_progression
2026-01-01 06:26:00,3,46.724,1.652,30.861,1,1,785.743,1,113.026,1,warning,0,pump_wear
2026-01-01 06:27:00,1,75.86,4.07,23.799,1,1,1425.774,1,146.489,0,normal,0,nominal
2026-01-01 06:27:00,2,45.466,2.082,30.015,1,1,1252.137,1,132.314,1,fault,1,leak_progression
2026-01-01 06:27:00,3,45.346,1.872,30.655,1,1,771.306,1,115.16,1,warning,0,pump_wear
2026-01-01 06:28:00,1,74.624,3.931,23.638,1,1,1400.499,1,143.927,0,normal,0,nominal
2026-01-01 06:28:00,2,43.466,1.704,30.585,1,1,1272.828,1,129.659,1,fault,1,leak_progression
2026-01-01 06:28:00,3,45.268,1.923,30.894,1,1,770.102,1,115.764,1,warning,0,pump_wear
2026-01-01 06:29:00,1,73.349,3.848,23.533,1,1,1407.516,1,143.242,0,normal,0,nominal
2026-01-01 06:29:00,2,38.848,1.89,31.25,1,1,1254.0,1,133.749,1,fault,1,leak_progression
2026-01-01 06:29:00,3,45.846,1.933,31.103,1,1,763.888,1,115.604,1,warning,0,pump_wear
2026-01-01 06:30:00,1,73.952,3.598,23.668,1,1,1401.23,1,140.124,0,normal,0,nominal
2026-01-01 06:30:00,2,36.481,1.947,31.537,1,1,1263.361,1,134.972,1,fault,1,leak_progression
2026-01-01 06:30:00,3,47.112,1.952,31.013,1,1,773.393,1,116.277,1,warning,0,pump_wear
2026-01-01 06:31:00,1,73.321,3.724,23.646,1,1,1412.629,1,142.002,0,normal,0,nominal
2026-01-01 06:31:00,2,35.285,2.079,31.744,1,1,1256.47,1,136.701,1,fault,1,leak_progression
2026-01-01 06:31:00,3,46.446,1.831,31.198,1,1,770.599,1,114.608,1,warning,0,pump_wear
2026-01-01 06:32:00,1,74.771,3.423,23.387,1,1,1412.784,1,138.554,0,normal,0,nominal
2026-01-01 06:32:00,2,36.197,1.748,31.808,1,1,1267.537,1,132.121,1,fault,1,leak_progression
2026-01-01 06:32:00,3,46.203,1.609,31.1,1,1,753.79,1,110.99,1,warning,0,pump_wear
2026-01-01 06:33:00,1,75.369,3.504,23.758,1,1,1408.661,1,139.325,0,normal,0,nominal
2026-01-01 06:33:00,2,36.689,1.884,31.969,1,1,1253.76,1,133.651,1,fault,1,leak_progression
2026-01-01 06:33:00,3,46.391,1.92,30.884,1,1,782.797,1,116.314,1,warning,0,pump_wear
2026-01-01 06:34:00,1,75.513,3.508,23.892,1,1,1403.84,1,139.191,0,normal,0,nominal
2026-01-01 06:34:00,2,37.951,1.991,32.002,1,1,1257.005,1,135.398,1,fault,1,leak_progression
2026-01-01 06:34:00,3,47.175,1.914,30.966,1,1,796.262,1,116.851,1,warning,0,pump_wear
2026-01-01 06:35:00,1,74.858,3.829,24.231,1,1,1432.295,1,143.96,0,normal,0,nominal
2026-01-01 06:35:00,2,36.985,2.068,31.606,1,1,1235.109,1,135.727,1,fault,1,leak_progression
2026-01-01 06:35:00,3,47.48,1.806,30.915,1,1,794.997,1,115.412,1,warning,0,pump_wear
2026-01-01 06:36:00,1,72.879,3.521,23.749,1,1,1447.522,1,140.996,0,normal,0,nominal
2026-01-01 06:36:00,2,35.375,1.674,31.769,1,1,1261.797,1,130.784,1,fault,1,leak_progression
2026-01-01 06:36:00,3,46.898,1.584,31.054,1,1,770.326,1,111.444,1,warning,0,pump_wear
2026-01-01 06:37:00,1,72.19,3.522,24.035,1,1,1442.253,1,140.804,0,normal,0,nominal
2026-01-01 06:37:00,2,40.552,2.078,31.614,1,1,1239.673,1,136.051,1,fault,1,leak_progression
2026-01-01 06:37:00,3,45.885,1.858,31.227,1,1,770.738,1,114.959,1,warning,0,pump_wear
2026-01-01 06:38:00,1,72.07,3.529,23.663,1,1,1440.022,1,140.799,0,normal,0,nominal
2026-01-01 06:38:00,2,39.226,1.577,32.115,1,1,1258.444,1,129.176,1,fault,1,leak_progression
2026-01-01 06:38:00,3,45.467,1.927,31.15,1,1,774.25,1,116.0,1,warning,0,pump_wear
2026-01-01 06:39:00,1,73.126,3.731,23.773,1,1,1420.812,1,142.396,0,normal,0,nominal
2026-01-01 06:39:00,2,37.538,1.545,32.573,1,1,1256.874,1,128.643,1,fault,1,leak_progression
2026-01-01 06:39:00,3,46.246,1.725,31.151,1,1,759.028,1,112.718,1,warning,0,pump_wear
2026-01-01 06:40:00,1,72.059,3.717,23.909,1,1,1426.371,1,142.446,0,normal,0,nominal
2026-01-01 06:40:00,2,36.459,1.961,32.144,1,1,1256.725,1,134.922,1,fault,1,leak_progression
2026-01-01 06:40:00,3,48.348,1.721,30.891,1,1,802.114,1,109.63,0,warning,0,pump_wear
2026-01-01 06:41:00,1,73.269,3.787,24.062,1,1,1434.63,1,143.564,0,normal,0,nominal
2026-01-01 06:41:00,2,36.378,1.992,31.789,1,1,1256.118,1,135.371,1,fault,1,leak_progression
2026-01-01 06:41:00,3,50.297,1.898,30.675,1,1,876.015,1,110.051,0,warning,0,pump_wear
2026-01-01 06:42:00,1,73.611,3.757,23.824,1,1,1426.586,1,142.915,0,normal,0,nominal
2026-01-01 06:42:00,2,35.117,1.759,32.16,1,1,1271.159,1,132.427,1,fault,1,leak_progression
2026-01-01 06:42:00,3,54.413,1.892,30.017,1,1,952.569,1,108.219,0,normal,0,pump_wear
2026-01-01 06:43:00,1,75.546,3.875,23.458,1,1,1427.741,1,144.318,0,normal,0,nominal
2026-01-01 06:43:00,2,36.325,1.915,32.227,1,1,1263.734,1,134.492,1,fault,1,leak_progression
2026-01-01 06:43:00,3,55.202,2.597,30.012,1,1,1009.42,1,117.761,0,normal,0,pump_wear
2026-01-01 06:44:00,1,74.949,3.616,23.373,1,1,1423.372,1,141.177,0,normal,0,nominal
2026-01-01 06:44:00,2,37.464,1.342,32.069,1,1,1273.509,1,126.2,1,fault,1,leak_progression
2026-01-01 06:44:00,3,56.452,1.983,29.796,1,1,1031.215,1,111.424,0,normal,0,pump_wear
2026-01-01 06:45:00,1,74.748,3.753,23.548,1,1,1423.463,1,142.755,0,normal,0,nominal
2026-01-01 06:45:00,2,36.249,1.524,32.099,1,1,1281.383,1,129.256,1,fault,1,leak_progression
2026-01-01 06:45:00,3,55.959,2.188,29.932,1,1,1024.695,1,113.566,0,normal,0,pump_wear
2026-01-01 06:46:00,1,73.377,3.274,23.425,1,1,1429.952,1,137.491,0,normal,0,nominal
2026-01-01 06:46:00,2,37.163,1.475,32.191,1,1,1269.809,1,128.076,1,fault,1,leak_progression
2026-01-01 06:46:00,3,56.994,1.983,29.684,1,1,1036.743,1,111.64,0,normal,0,pump_wear
2026-01-01 06:47:00,1,73.015,2.97,23.336,1,1,1426.354,1,133.854,0,normal,0,nominal
2026-01-01 06:47:00,2,37.286,1.73,32.076,1,1,1269.1,1,131.905,1,fault,1,leak_progression
2026-01-01 06:47:00,3,59.233,2.033,29.111,1,1,1023.875,1,111.718,0,normal,0,pump_wear
2026-01-01 06:48:00,1,73.111,3.164,23.838,1,1,1429.66,1,136.216,0,normal,0,nominal
2026-01-01 06:48:00,2,37.127,1.429,31.979,1,1,1275.057,1,125.717,1,fault,1,leak_progression
2026-01-01 06:48:00,3,58.406,2.142,29.072,1,1,1039.131,1,113.594,0,normal,0,pump_wear
2026-01-01 06:49:00,1,73.909,3.263,23.782,1,1,1417.01,1,136.866,0,normal,0,nominal
2026-01-01 06:49:00,2,39.687,1.499,31.439,1,1,1266.515,1,124.559,1,fault,1,leak_progression
2026-01-01 06:49:00,3,59.244,2.158,28.559,1,1,1034.857,1,113.62,0,normal,0,pump_wear
2026-01-01 06:50:00,1,73.102,3.406,23.876,1,1,1430.496,1,139.024,0,normal,0,nominal
2026-01-01 06:50:00,2,41.315,1.565,31.128,1,1,1273.859,1,123.939,1,fault,1,leak_progression
2026-01-01 06:50:00,3,57.514,2.304,29.207,1,1,1057.487,1,116.222,0,normal,0,pump_wear
2026-01-01 06:51:00,1,73.486,3.667,23.625,1,1,1421.975,1,141.703,0,normal,0,nominal
2026-01-01 06:51:00,2,45.989,1.9,30.557,1,1,1264.49,1,126.283,1,warning,1,leak_progression
2026-01-01 06:51:00,3,56.421,2.276,29.081,1,1,1046.41,1,115.451,0,normal,0,pump_wear
2026-01-01 06:52:00,1,74.258,3.649,23.516,1,1,1418.775,1,141.373,0,normal,0,nominal
2026-01-01 06:52:00,2,46.976,2.102,30.189,1,1,1251.118,1,126.514,0,warning,1,leak_progression
2026-01-01 06:52:00,3,55.44,2.469,28.789,1,1,1040.577,1,117.493,0,normal,0,pump_wear
2026-01-01 06:53:00,1,73.769,3.94,23.864,1,1,1420.838,1,144.796,0,normal,0,nominal
2026-01-01 06:53:00,2,49.729,2.222,29.408,1,1,1246.922,1,125.954,0,warning,1,leak_progression
2026-01-01 06:53:00,3,56.453,2.458,28.885,1,1,1024.586,1,116.729,0,normal,0,pump_wear
2026-01-01 06:54:00,1,73.857,3.742,23.849,1,1,1403.241,1,141.852,0,normal,0,nominal
2026-01-01 06:54:00,2,52.488,2.647,29.18,1,1,1219.203,1,128.231,0,warning,1,leak_progression
2026-01-01 06:54:00,3,58.297,2.398,28.693,1,1,1018.63,1,115.796,0,normal,0,pump_wear
2026-01-01 06:55:00,1,72.956,3.807,23.542,1,1,1418.346,1,143.173,0,normal,0,nominal
2026-01-01 06:55:00,2,54.556,2.468,28.272,1,1,1241.869,1,126.881,0,warning,1,leak_progression
2026-01-01 06:55:00,3,57.816,2.083,29.142,1,1,1010.172,1,111.759,0,normal,0,pump_wear
2026-01-01 06:56:00,1,72.861,3.873,23.585,1,1,1400.918,1,143.27,0,normal,0,nominal
2026-01-01 06:56:00,2,56.177,2.533,27.894,1,1,1227.358,1,127.124,0,warning,1,leak_progression
2026-01-01 06:56:00,3,57.989,1.98,29.432,1,1,1033.792,1,111.483,0,normal,0,pump_wear
2026-01-01 06:57:00,1,72.162,3.892,23.73,1,1,1409.992,1,143.839,0,normal,0,nominal
2026-01-01 06:57:00,2,56.628,2.784,28.106,1,1,1251.675,1,131.159,0,warning,1,leak_progression
2026-01-01 06:57:00,3,58.248,2.014,29.746,1,1,1046.845,1,112.403,0,normal,0,pump_wear
2026-01-01 06:58:00,1,73.033,4.27,23.913,1,1,1427.097,1,148.838,0,normal,0,nominal
2026-01-01 06:58:00,2,57.055,2.694,28.238,1,1,1227.846,1,129.142,0,warning,1,leak_progression
2026-01-01 06:58:00,3,58.775,2.295,29.444,1,1,1054.732,1,116.013,0,normal,0,pump_wear
2026-01-01 06:59:00,1,72.87,4.051,23.969,1,1,1418.618,1,145.997,0,normal,0,nominal
2026-01-01 06:59:00,2,56.779,2.637,27.945,1,1,1233.421,1,128.653,0,warning,1,leak_progression
2026-01-01 06:59:00,3,57.835,2.742,29.312,1,1,1038.095,1,120.598,0,normal,0,pump_wear
2026-01-01 07:00:00,1,72.8,3.532,24.191,1,1,1425.978,1,140.3,0,normal,0,nominal
2026-01-01 07:00:00,2,57.612,2.471,28.073,1,1,1227.456,1,126.363,0,warning,1,leak_progression
2026-01-01 07:00:00,3,57.194,2.308,29.173,1,1,1021.267,1,114.842,0,normal,0,pump_wear
2026-01-01 07:01:00,1,73.873,3.344,24.312,1,1,1414.841,1,137.715,0,normal,0,nominal
2026-01-01 07:01:00,2,56.737,2.639,28.064,1,1,1234.954,1,128.736,0,warning,1,leak_progression
2026-01-01 07:01:00,3,57.651,2.172,29.392,1,1,1040.434,1,114.006,0,normal,0,pump_wear
2026-01-01 07:02:00,1,72.132,3.419,24.229,1,1,1411.072,1,138.445,0,normal,0,nominal
2026-01-01 07:02:00,2,55.852,2.648,28.065,1,1,1233.005,1,128.763,0,warning,1,leak_progression
2026-01-01 07:02:00,3,58.392,2.194,29.755,1,1,1034.279,1,114.016,0,normal,0,pump_wear
2026-01-01 07:03:00,1,74.986,3.479,24.166,1,1,1406.517,1,138.962,0,normal,0,nominal
2026-01-01 07:03:00,2,57.49,2.627,27.782,1,1,1247.999,1,129.073,0,warning,1,leak_progression
2026-01-01 07:03:00,3,56.873,2.062,29.692,1,1,1034.11,1,112.455,0,normal,0,pump_wear
2026-01-01 07:04:00,1,76.12,3.654,23.649,1,1,1405.013,1,140.911,0,normal,0,nominal
2026-01-01 07:04:00,2,58.728,2.777,28.029,1,1,1245.01,1,130.82,0,warning,1,leak_progression
2026-01-01 07:04:00,3,58.868,2.492,29.485,1,1,1048.79,1,118.083,0,normal,0,pump_wear
2026-01-01 07:05:00,1,75.43,3.593,23.44,1,1,1419.451,1,140.758,0,normal,0,nominal
2026-01-01 07:05:00,2,58.892,2.57,28.042,1,1,1242.088,1,128.142,0,warning,1,leak_progression
2026-01-01 07:05:00,3,59.423,2.494,29.016,1,1,1058.736,1,118.505,0,normal,0,pump_wear
2026-01-01 07:06:00,1,74.127,3.813,23.964,1,1,1414.344,1,143.099,0,normal,0,nominal
2026-01-01 07:06:00,2,57.948,2.265,28.243,1,1,1246.033,1,124.514,0,warning,1,leak_progression
2026-01-01 07:06:00,3,59.048,2.461,29.251,1,1,1037.632,1,117.28,0,normal,0,pump_wear
2026-01-01 07:07:00,1,73.325,3.521,24.279,1,1,1421.85,1,140.017,0,normal,0,nominal
2026-01-01 07:07:00,2,58.407,2.662,28.496,1,1,1258.14,1,129.895,0,warning,1,leak_progression
2026-01-01 07:07:00,3,59.056,2.71,29.224,1,1,1043.649,1,120.435,0,normal,0,pump_wear
2026-01-01 07:08:00,1,75.144,3.613,24.201,1,1,1427.8,1,141.307,0,normal,0,nominal
2026-01-01 07:08:00,2,58.495,2.948,28.386,1,1,1256.023,1,133.367,0,warning,1,leak_progression
2026-01-01 07:08:00,3,58.734,2.64,29.29,1,1,1044.201,1,119.637,0,normal,0,pump_wear
2026-01-01 07:09:00,1,73.255,3.593,23.743,1,1,1428.897,1,141.116,0,normal,0,nominal
2026-01-01 07:09:00,2,58.713,2.937,28.337,1,1,1253.458,1,133.125,0,warning,1,leak_progression
2026-01-01 07:09:00,3,59.227,2.292,28.806,1,1,1048.901,1,115.74,0,normal,0,pump_wear
2026-01-01 07:10:00,1,72.718,3.672,23.697,1,1,1413.55,1,141.444,0,normal,0,nominal
2026-01-01 07:10:00,2,58.447,2.785,28.192,1,1,1250.625,1,131.136,0,warning,1,leak_progression
2026-01-01 07:10:00,3,58.004,2.116,28.695,1,1,1076.732,1,114.773,0,normal,0,pump_wear
2026-01-01 07:11:00,1,72.18,3.769,24.012,1,1,1429.617,1,143.17,0,normal,0,nominal
2026-01-01 07:11:00,2,57.344,2.306,28.131,1,1,1243.811,1,124.945,0,warning,1,leak_progression
2026-01-01 07:11:00,3,58.201,2.355,28.719,1,1,1060.332,1,116.928,0,normal,0,pump_wear
2026-01-01 07:12:00,1,71.868,3.877,23.883,1,1,1431.685,1,144.485,0,normal,0,nominal
2026-01-01 07:12:00,2,58.64,2.647,28.191,1,1,1251.635,1,129.466,0,warning,1,leak_progression
2026-01-01 07:12:00,3,58.631,2.105,28.714,1,1,1041.327,1,113.251,0,normal,0,pump_wear
2026-01-01 07:13:00,1,73.294,3.929,23.712,1,1,1410.609,1,144.29,0,normal,0,nominal
2026-01-01 07:13:00,2,57.813,1.933,28.006,1,1,1245.998,1,120.407,0,warning,1,leak_progression
2026-01-01 07:13:00,3,58.738,2.443,28.946,1,1,1045.345,1,117.371,0,normal,0,pump_wear
2026-01-01 07:14:00,1,72.626,4.089,23.445,1,1,1407.547,1,146.014,0,normal,0,nominal
2026-01-01 07:14:00,2,58.967,2.198,27.819,1,1,1238.531,1,123.405,0,warning,1,leak_progression
2026-01-01 07:14:00,3,60.017,2.215,29.068,1,1,1049.105,1,114.847,0,normal,0,pump_wear
2026-01-01 07:15:00,1,72.907,4.081,24.001,1,1,1416.745,1,146.268,0,normal,0,nominal
2026-01-01 07:15:00,2,58.009,2.482,27.881,1,1,1243.874,1,127.127,0,warning,1,leak_progression
2026-01-01 07:15:00,3,59.395,2.427,29.058,1,1,1053.055,1,117.489,0,normal,0,pump_wear
2026-01-01 07:16:00,1,73.498,3.61,24.015,1,1,1422.445,1,141.065,0,normal,0,nominal
2026-01-01 07:16:00,2,57.021,2.268,27.915,1,1,1266.303,1,125.328,0,warning,1,leak_progression
2026-01-01 07:16:00,3,58.176,2.402,29.159,1,1,1039.954,1,116.68,0,normal,0,pump_wear
2026-01-01 07:17:00,1,73.399,3.98,23.672,1,1,1424.805,1,145.411,0,normal,0,nominal
2026-01-01 07:17:00,2,56.502,2.647,28.147,1,1,1260.537,1,129.804,0,warning,1,leak_progression
2026-01-01 07:17:00,3,58.626,2.443,29.21,1,1,1040.629,1,117.191,0,normal,0,pump_wear
2026-01-01 07:18:00,1,73.946,4.033,23.678,1,1,1410.976,1,145.502,0,normal,0,nominal
2026-01-01 07:18:00,2,57.057,2.514,28.167,1,1,1254.5,1,127.929,0,warning,1,leak_progression
2026-01-01 07:18:00,3,53.722,1.969,29.202,1,1,1028.076,1,111.135,0,normal,0,pump_wear
2026-01-01 07:19:00,1,74.596,3.894,23.837,1,1,1401.833,1,143.554,0,normal,0,nominal
2026-01-01 07:19:00,2,57.531,2.494,28.226,1,1,1246.779,1,127.382,0,warning,1,leak_progression
2026-01-01 07:19:00,3,54.83,2.103,29.183,1,1,1043.492,1,113.316,0,normal,0,pump_wear
2026-01-01 07:20:00,1,74.72,4.029,24.034,1,1,1422.49,1,145.885,0,normal,0,nominal
2026-01-01 07:20:00,2,56.867,2.879,28.335,1,1,1230.368,1,131.529,0,warning,1,leak_progression
2026-01-01 07:20:00,3,56.693,2.289,28.968,1,1,1029.441,1,114.945,0,normal,0,pump_wear
2026-01-01 07:21:00,1,74.926,4.207,23.647,1,1,1424.174,1,148.005,0,normal,0,nominal
2026-01-01 07:21:00,2,55.652,2.905,27.992,1,1,1235.485,1,132.042,0,warning,1,leak_progression
2026-01-01 07:21:00,3,58.186,2.102,29.142,1,1,1037.966,1,113.078,0,normal,0,pump_wear
2026-01-01 07:22:00,1,74.22,4.124,23.953,1,1,1429.232,1,147.242,0,normal,0,nominal
2026-01-01 07:22:00,2,56.263,2.757,28.069,1,1,1240.617,1,130.414,0,warning,1,leak_progression
2026-01-01 07:22:00,3,58.937,2.005,28.99,1,1,1038.003,1,111.943,0,normal,0,pump_wear
2026-01-01 07:23:00,1,74.482,3.465,23.584,1,1,1433.641,1,139.826,0,normal,0,nominal
2026-01-01 07:23:00,2,56.48,2.929,28.121,1,1,1250.875,1,132.935,0,warning,1,leak_progression
2026-01-01 07:23:00,3,59.251,2.055,29.061,1,1,1025.262,1,112.025,0,normal,0,pump_wear
2026-01-01 07:24:00,1,74.196,3.824,23.464,1,1,1434.502,1,143.986,0,normal,0,nominal
2026-01-01 07:24:00,2,56.546,2.896,27.962,1,1,1258.467,1,132.807,0,warning,1,leak_progression
2026-01-01 07:24:00,3,59.073,1.929,29.242,1,1,1034.597,1,110.915,0,normal,0,pump_wear
2026-01-01 07:25:00,1,73.752,4.113,23.371,1,1,1407.792,1,146.292,0,normal,0,nominal
2026-01-01 07:25:00,2,56.516,3.027,28.128,1,1,1265.023,1,134.677,0,warning,1,leak_progression
2026-01-01 07:25:00,3,58.372,1.948,28.888,1,1,1021.718,1,110.633,0,normal,0,pump_wear
2026-01-01 07:26:00,1,72.767,4.186,23.667,1,1,1399.722,1,146.824,0,normal,0,nominal
2026-01-01 07:26:00,2,56.886,2.396,27.835,1,1,1256.836,1,126.555,0,warning,1,leak_progression
2026-01-01 07:26:00,3,57.718,2.253,29.107,1,1,1038.159,1,114.858,0,normal,0,pump_wear
2026-01-01 07:27:00,1,72.666,3.964,23.797,1,1,1415.853,1,144.885,0,normal,0,nominal
2026-01-01 07:27:00,2,58.13,2.764,28.14,1,1,1234.213,1,130.247,0,warning,1,leak_progression
2026-01-01 07:27:00,3,57.113,2.532,29.323,1,1,1047.096,1,118.491,0,normal,0,pump_wear
2026-01-01 07:28:00,1,73.852,3.51,23.873,1,1,1413.556,1,139.584,0,normal,0,nominal
2026-01-01 07:28:00,2,56.956,2.877,28.145,1,1,1257.315,1,132.534,0,warning,1,leak_progression
2026-01-01 07:28:00,3,57.565,2.22,29.163,1,1,1041.077,1,114.592,0,normal,0,pump_wear
2026-01-01 07:29:00,1,72.342,3.695,23.552,1,1,1440.641,1,142.732,0,normal,0,nominal
2026-01-01 07:29:00,2,56.646,2.774,27.95,1,1,1265.865,1,131.577,0,warning,1,leak_progression
2026-01-01 07:29:00,3,58.482,1.971,29.326,1,1,1047.028,1,111.905,0,normal,0,pump_wear
2026-01-01 07:30:00,1,73.716,3.508,23.98,1,1,1446.674,1,140.812,0,normal,0,nominal
2026-01-01 07:30:00,2,56.768,3.107,27.943,1,1,1286.028,1,136.466,0,warning,1,leak_progression
2026-01-01 07:30:00,3,56.313,2.303,29.372,1,1,1055.703,1,116.139,0,normal,0,pump_wear
2026-01-01 07:31:00,1,74.016,3.626,23.803,1,1,1435.66,1,141.754,0,normal,0,nominal
2026-01-01 07:31:00,2,56.975,2.875,28.347,1,1,1260.694,1,132.637,0,warning,1,leak_progression
2026-01-01 07:31:00,3,57.255,2.21,29.278,1,1,1068.631,1,115.559,0,normal,0,pump_wear
2026-01-01 07:32:00,1,74.723,3.937,23.815,1,1,1430.68,1,145.142,0,normal,0,nominal
2026-01-01 07:32:00,2,57.156,3.218,27.956,1,1,1251.881,1,136.545,0,warning,1,leak_progression
2026-01-01 07:32:00,3,58.215,2.352,29.283,1,1,1057.145,1,116.768,0,normal,0,pump_wear
2026-01-01 07:33:00,1,74.548,3.596,24.175,1,1,1444.534,1,141.746,0,normal,0,nominal
2026-01-01 07:33:00,2,58.142,2.917,28.015,1,1,1260.019,1,133.123,0,warning,1,leak_progression
2026-01-01 07:33:00,3,57.671,2.242,29.051,1,1,1056.767,1,115.465,0,normal,0,pump_wear
2026-01-01 07:34:00,1,74.505,3.647,23.842,1,1,1432.45,1,141.873,0,normal,0,nominal
2026-01-01 07:34:00,2,57.188,2.659,27.768,1,1,1260.629,1,129.956,0,warning,1,leak_progression
2026-01-01 07:34:00,3,57.868,2.307,29.2,1,1,1037.737,1,115.482,0,normal,0,pump_wear
2026-01-01 07:35:00,1,73.233,3.414,23.844,1,1,1418.018,1,138.64,0,normal,0,nominal
2026-01-01 07:35:00,2,56.089,2.491,28.045,1,1,1276.373,1,128.47,0,warning,1,leak_progression
2026-01-01 07:35:00,3,57.551,2.073,29.28,1,1,1035.059,1,112.631,0,normal,0,pump_wear
2026-01-01 07:36:00,1,72.841,3.618,23.99,1,1,1423.746,1,141.214,0,normal,0,nominal
2026-01-01 07:36:00,2,57.483,2.422,28.317,1,1,1264.665,1,127.174,0,warning,1,leak_progression
2026-01-01 07:36:00,3,57.815,2.079,29.089,1,1,1053.445,1,113.428,0,normal,0,pump_wear
2026-01-01 07:37:00,1,73.064,3.772,23.673,1,1,1443.034,1,143.714,0,normal,0,nominal
2026-01-01 07:37:00,2,58.024,2.36,28.476,1,1,1257.561,1,126.137,0,warning,1,leak_progression
2026-01-01 07:37:00,3,58.915,2.1,29.283,1,1,1028.883,1,112.705,0,normal,0,pump_wear
2026-01-01 07:38:00,1,72.2,3.505,23.582,1,1,1431.153,1,140.196,0,normal,0,nominal
2026-01-01 07:38:00,2,57.457,2.302,28.179,1,1,1248.75,1,125.078,0,warning,1,leak_progression
2026-01-01 07:38:00,3,58.392,2.251,29.435,1,1,1026.907,1,114.393,0,normal,0,pump_wear
2026-01-01 07:39:00,1,72.569,4.226,23.767,1,1,1426.693,1,148.318,0,normal,0,nominal
2026-01-01 07:39:00,2,56.639,2.817,27.943,1,1,1225.195,1,130.572,0,warning,1,leak_progression
2026-01-01 07:39:00,3,57.037,2.091,29.479,1,1,1034.788,1,112.832,0,normal,0,pump_wear
2026-01-01 07:40:00,1,72.59,4.14,23.564,1,1,1419.305,1,147.048,0,normal,0,nominal
2026-01-01 07:40:00,2,57.651,2.625,28.024,1,1,1224.613,1,128.161,0,warning,1,leak_progression
2026-01-01 07:40:00,3,56.469,2.359,29.436,1,1,1043.363,1,116.311,0,normal,0,pump_wear
2026-01-01 07:41:00,1,72.334,3.938,23.536,1,1,1418.812,1,144.707,0,normal,0,nominal
2026-01-01 07:41:00,2,55.351,2.904,27.956,1,1,1266.051,1,133.193,0,warning,1,leak_progression
2026-01-01 07:41:00,3,58.464,2.579,28.999,1,1,1049.202,1,119.121,0,normal,0,pump_wear
2026-01-01 07:42:00,1,74.015,4.011,23.762,1,1,1413.434,1,145.342,0,normal,0,nominal
2026-01-01 07:42:00,2,57.102,2.874,28.313,1,1,1245.946,1,132.066,0,warning,1,leak_progression
2026-01-01 07:42:00,3,59.447,2.336,29.188,1,1,1031.43,1,115.571,0,normal,0,pump_wear
2026-01-01 07:43:00,1,74.04,3.989,23.821,1,1,1416.781,1,145.208,0,normal,0,nominal
2026-01-01 07:43:00,2,56.402,3.077,27.982,1,1,1245.446,1,134.553,0,warning,1,leak_progression
2026-01-01 07:43:00,3,57.54,2.978,29.199,1,1,1022.316,1,122.746,0,normal,0,pump_wear
2026-01-01 07:44:00,1,74.059,3.786,24.131,1,1,1418.191,1,142.934,0,normal,0,nominal
2026-01-01 07:44:00,2,56.601,2.611,28.279,1,1,1236.0,1,128.425,0,warning,1,leak_progression
2026-01-01 07:44:00,3,58.756,3.062,28.853,1,1,1042.266,1,124.517,0,normal,0,pump_wear
2026-01-01 07:45:00,1,74.257,3.852,24.14,1,1,1431.0,1,144.178,0,normal,0,nominal
2026-01-01 07:45:00,2,56.037,3.121,28.526,1,1,1231.571,1,134.575,0,warning,1,leak_progression
2026-01-01 07:45:00,3,57.699,2.519,29.149,1,1,1048.427,1,118.383,0,normal,0,pump_wear
2026-01-01 07:46:00,1,73.551,3.794,24.163,1,1,1425.834,1,143.318,0,normal,0,nominal
2026-01-01 07:46:00,2,56.496,2.501,28.523,1,1,1230.71,1,126.861,0,warning,1,leak_progression
2026-01-01 07:46:00,3,58.139,2.43,29.056,1,1,1032.701,1,116.724,0,normal,0,pump_wear
2026-01-01 07:47:00,1,73.736,3.541,23.92,1,1,1414.971,1,139.995,0,normal,0,nominal
2026-01-01 07:47:00,2,56.489,3.193,28.02,1,1,1245.547,1,136.004,0,warning,1,leak_progression
2026-01-01 07:47:00,3,58.006,2.444,29.361,1,1,1041.51,1,117.231,0,normal,0,pump_wear
2026-01-01 07:48:00,1,74.059,3.931,23.791,1,1,1438.01,1,145.348,0,normal,0,nominal
2026-01-01 07:48:00,2,58.138,2.342,28.184,1,1,1259.135,1,125.967,0,warning,1,leak_progression
2026-01-01 07:48:00,3,57.61,2.565,29.343,1,1,1049.896,1,118.983,0,normal,0,pump_wear
2026-01-01 07:49:00,1,73.728,4.048,23.716,1,1,1425.9,1,146.234,0,normal,0,nominal
2026-01-01 07:49:00,2,58.157,2.685,28.006,1,1,1252.635,1,129.977,0,warning,1,leak_progression
2026-01-01 07:49:00,3,56.733,2.448,29.176,1,1,1045.372,1,117.433,0,normal,0,pump_wear
2026-01-01 07:50:00,1,74.635,3.809,23.916,1,1,1424.149,1,143.425,0,normal,0,nominal
2026-01-01 07:50:00,2,58.608,2.745,28.259,1,1,1242.509,1,130.334,0,warning,1,leak_progression
2026-01-01 07:50:00,3,55.633,2.311,28.864,1,1,1053.215,1,116.136,0,normal,0,pump_wear
2026-01-01 07:51:00,1,74.306,3.57,23.7,1,1,1434.157,1,141.049,0,normal,0,nominal
2026-01-01 07:51:00,2,57.82,2.646,27.869,1,1,1248.718,1,129.335,0,warning,1,leak_progression
2026-01-01 07:51:00,3,58.08,2.305,29.435,1,1,1068.314,1,116.656,0,normal,0,pump_wear
2026-01-01 07:52:00,1,74.26,3.467,24.081,1,1,1422.535,1,139.432,0,normal,0,nominal
2026-01-01 07:52:00,2,56.82,2.616,28.059,1,1,1254.232,1,129.177,0,warning,1,leak_progression
2026-01-01 07:52:00,3,57.088,2.353,29.219,1,1,1045.658,1,116.326,0,normal,0,pump_wear
2026-01-01 07:53:00,1,73.67,3.524,24.345,1,1,1423.124,1,140.104,0,normal,0,nominal
2026-01-01 07:53:00,2,56.413,3.038,27.77,1,1,1251.39,1,134.302,0,warning,1,leak_progression
2026-01-01 07:53:00,3,57.868,2.19,29.01,1,1,1014.696,1,113.198,0,normal,0,pump_wear
2026-01-01 07:54:00,1,74.078,3.3,24.172,1,1,1422.026,1,137.485,0,normal,0,nominal
2026-01-01 07:54:00,2,58.064,2.724,27.934,1,1,1238.265,1,129.909,0,warning,1,leak_progression
2026-01-01 07:54:00,3,57.473,2.212,28.94,1,1,1016.851,1,113.54,0,normal,0,pump_wear
2026-01-01 07:55:00,1,74.653,3.793,24.554,1,1,1429.839,1,143.456,0,normal,0,nominal
2026-01-01 07:55:00,2,58.376,2.699,28.175,1,1,1262.244,1,130.51,0,warning,1,leak_progression
2026-01-01 07:55:00,3,58.046,1.885,29.313,1,1,1016.056,1,109.678,0,normal,0,pump_wear
2026-01-01 07:56:00,1,74.596,3.889,24.191,1,1,1443.77,1,145.086,0,normal,0,nominal
2026-01-01 07:56:00,2,57.775,2.809,28.309,1,1,1253.541,1,131.543,0,warning,1,leak_progression
2026-01-01 07:56:00,3,58.242,1.839,29.138,1,1,1015.301,1,109.106,0,normal,0,pump_wear
2026-01-01 07:57:00,1,74.425,3.978,23.956,1,1,1431.955,1,145.66,0,normal,0,nominal
2026-01-01 07:57:00,2,57.441,2.918,28.324,1,1,1273.065,1,133.64,0,warning,1,leak_progression
2026-01-01 07:57:00,3,56.93,2.431,29.259,1,1,1020.038,1,116.235,0,normal,0,pump_wear
2026-01-01 07:58:00,1,73.769,3.676,24.303,1,1,1426.377,1,141.974,0,normal,0,nominal
2026-01-01 07:58:00,2,57.621,2.562,28.176,1,1,1283.246,1,129.612,0,warning,1,leak_progression
2026-01-01 07:58:00,3,56.779,2.435,29.16,1,1,1032.249,1,116.769,0,normal,0,pump_wear
2026-01-01 07:59:00,1,74.881,3.579,24.342,1,1,1438.976,1,141.343,0,normal,0,nominal
2026-01-01 07:59:00,2,57.573,2.987,27.875,1,1,1266.593,1,134.241,0,warning,1,leak_progression
2026-01-01 07:59:00,3,56.118,2.536,29.506,1,1,1048.878,1,118.601,0,normal,0,pump_wear
2026-01-01 06:00:00,1,73.145,3.934,23.892,1,1,1417.195,1,144.599,0,normal,0,nominal
2026-01-01 06:00:00,2,66.838,3.017,26.034,1,1,1270.087,1,128.459,0,normal,0,nominal
2026-01-01 06:00:00,3,60.624,2.123,28.83,1,1,1125.259,1,112.677,0,normal,0,nominal
2026-01-01 06:01:00,1,71.915,3.889,23.961,1,1,1415.021,1,143.991,0,normal,0,nominal
2026-01-01 06:01:00,2,65.58,2.486,26.202,1,1,1246.523,1,121.458,0,normal,0,nominal
2026-01-01 06:01:00,3,63.881,1.904,28.725,1,1,1114.123,1,109.733,0,normal,0,nominal
2026-01-01 06:02:00,1,72.996,3.304,24.421,1,1,1413.233,1,137.195,0,normal,0,nominal
2026-01-01 06:02:00,2,65.567,2.896,25.875,1,1,1247.549,1,126.215,0,normal,0,nominal
2026-01-01 06:02:00,3,63.115,1.893,28.293,1,1,1096.246,1,108.927,0,normal,0,nominal
2026-01-01 06:03:00,1,74.558,3.32,24.329,1,1,1426.008,1,137.863,0,normal,0,nominal
2026-01-01 06:03:00,2,66.203,3.032,26.177,1,1,1257.475,1,128.148,0,normal,0,nominal
2026-01-01 06:03:00,3,63.779,1.732,28.418,1,1,1102.884,1,107.322,0,normal,0,nominal
2026-01-01 06:04:00,1,75.798,3.627,23.986,1,1,1441.032,1,141.964,0,normal,0,nominal
2026-01-01 06:04:00,2,65.398,2.679,26.155,1,1,1249.721,1,123.802,0,normal,0,nominal
2026-01-01 06:04:00,3,61.038,2.389,28.514,1,1,1116.115,1,115.385,0,normal,0,nominal
2026-01-01 06:05:00,1,73.287,3.584,24.229,1,1,1405.358,1,142.329,0,normal,0,leak_progression
2026-01-01 06:05:00,2,66.835,3.266,26.105,1,1,1257.426,1,130.841,0,normal,0,nominal
2026-01-01 06:05:00,3,61.533,2.24,28.732,1,1,1121.712,1,113.886,0,normal,0,nominal
2026-01-01 06:06:00,1,71.341,3.428,24.342,1,1,1406.913,1,142.773,0,normal,1,leak_progression
2026-01-01 06:06:00,2,65.868,3.106,26.283,1,1,1241.05,1,128.384,0,normal,0,nominal
2026-01-01 06:06:00,3,61.861,2.262,28.616,1,1,1097.729,1,113.231,0,normal,0,nominal
2026-01-01 06:07:00,1,69.582,3.375,24.963,1,1,1394.921,1,143.935,0,warning,1,leak_progression
2026-01-01 06:07:00,2,66.056,2.772,26.186,1,1,1251.466,1,124.929,0,normal,0,nominal
2026-01-01 06:07:00,3,60.629,2.545,28.68,1,1,1114.072,1,117.107,0,normal,0,nominal
2026-01-01 06:08:00,1,65.691,3.503,25.541,1,1,1384.286,1,147.469,0,warning,1,leak_progression
2026-01-01 06:08:00,2,66.14,2.496,25.931,1,1,1273.84,1,122.609,0,normal,0,nominal
2026-01-01 06:08:00,3,60.164,2.723,28.493,1,1,1117.728,1,119.284,0,normal,0,nominal
2026-01-01 06:09:00,1,62.23,3.144,25.987,1,1,1393.631,1,145.545,0,warning,1,leak_progression
2026-01-01 06:09:00,2,66.947,3.014,26.088,1,1,1263.234,1,128.164,0,normal,0,nominal
2026-01-01 06:09:00,3,61.551,2.311,28.568,1,1,1109.615,1,114.241,0,normal,0,nominal
2026-01-01 06:10:00,1,58.99,2.588,26.33,1,1,1409.019,1,141.015,1,warning,1,leak_progression
2026-01-01 06:10:00,2,68.378,2.76,26.006,1,1,1249.342,1,124.72,0,normal,0,nominal
2026-01-01 06:10:00,3,60.433,2.203,28.789,1,1,1098.43,1,112.569,0,normal,0,nominal
2026-01-01 06:11:00,1,55.786,2.304,27.026,1,1,1423.96,1,139.864,1,fault,1,leak_progression
2026-01-01 06:11:00,2,67.141,2.488,25.885,1,1,1251.499,1,121.666,0,normal,0,nominal
2026-01-01 06:11:00,3,60.515,2.438,28.977,1,1,1113.293,1,115.837,0,normal,0,nominal
2026-01-01 06:12:00,1,51.962,1.94,27.472,1,1,1430.903,1,137.082,1,fault,1,leak_progression
2026-01-01 06:12:00,2,66.302,3.22,26.075,1,1,1263.967,1,130.556,0,normal,0,nominal
2026-01-01 06:12:00,3,59.916,2.467,28.747,1,1,1117.855,1,116.348,0,normal,0,nominal
2026-01-01 06:13:00,1,49.328,2.158,28.305,1,1,1435.032,1,142.487,1,fault,1,leak_progression
2026-01-01 06:13:00,2,65.915,3.2,25.989,1,1,1258.688,1,130.126,0,normal,0,nominal
2026-01-01 06:13:00,3,59.676,2.563,28.615,1,1,1128.673,1,117.862,0,normal,0,nominal
2026-01-01 06:14:00,1,46.537,2.198,28.525,1,1,1430.344,1,145.115,1,fault,1,leak_progression
2026-01-01 06:14:00,2,67.166,2.993,26.156,1,1,1264.344,1,127.964,0,normal,0,nominal
2026-01-01 06:14:00,3,57.18,2.24,28.808,1,1,1118.484,1,113.763,0,normal,0,nominal
2026-01-01 06:15:00,1,43.618,2.105,28.894,1,1,1429.016,1,143.658,1,fault,1,leak_progression
2026-01-01 06:15:00,2,67.294,2.89,26.411,1,1,1260.836,1,126.646,0,normal,0,nominal
2026-01-01 06:15:00,3,59.937,2.659,28.938,1,1,1133.782,1,119.157,0,normal,0,nominal
2026-01-01 06:16:00,1,42.433,2.23,29.143,1,1,1435.705,1,145.806,1,fault,1,leak_progression
2026-01-01 06:16:00,2,66.389,2.742,26.09,1,1,1274.619,1,125.467,0,normal,0,nominal
2026-01-01 06:16:00,3,59.684,2.612,29.029,1,1,1109.382,1,117.69,0,normal,0,nominal
2026-01-01 06:17:00,1,42.957,2.089,29.248,1,1,1423.38,1,143.204,1,fault,1,leak_progression
2026-01-01 06:17:00,2,65.995,2.883,26.335,1,1,1281.234,1,127.344,0,normal,0,nominal
2026-01-01 06:17:00,3,59.936,2.505,29.206,1,1,1092.852,1,115.831,0,normal,0,nominal
2026-01-01 06:18:00,1,42.4,2.263,29.474,1,1,1443.51,1,146.603,1,fault,1,leak_progression
2026-01-01 06:18:00,2,67.353,2.657,26.141,1,1,1284.071,1,124.853,0,normal,0,nominal
2026-01-01 06:18:00,3,59.508,2.281,29.2,1,1,1107.306,1,113.814,0,normal,0,nominal
2026-01-01 06:19:00,1,42.828,2.29,29.072,1,1,1410.912,1,145.768,1,fault,1,leak_progression
2026-01-01 06:19:00,2,68.006,2.77,26.285,1,1,1271.66,1,125.677,0,normal,0,nominal
2026-01-01 06:19:00,3,61.346,2.05,29.316,1,1,1107.397,1,111.16,0,normal,0,nominal
2026-01-01 06:20:00,1,42.371,2.221,29.064,1,1,1413.893,1,144.84,1,fault,1,leak_progression
2026-01-01 06:20:00,2,67.764,2.653,26.395,1,1,1268.465,1,124.206,0,normal,0,nominal
2026-01-01 06:20:00,3,61.993,2.593,29.318,1,1,1104.032,1,117.275,0,normal,0,nominal
2026-01-01 06:21:00,1,43.692,2.825,28.967,1,1,1410.768,1,153.857,1,fault,1,leak_progression
2026-01-01 06:21:00,2,68.296,2.788,26.141,1,1,1246.013,1,124.916,0,normal,0,nominal
2026-01-01 06:21:00,3,61.737,2.424,29.094,1,1,1103.617,1,115.31,0,normal,0,nominal
2026-01-01 06:22:00,1,43.203,2.452,28.846,1,1,1430.034,1,148.95,1,fault,1,leak_progression
2026-01-01 06:22:00,2,68.457,2.685,26.074,1,1,1231.635,1,123.182,0,normal,0,nominal
2026-01-01 06:22:00,3,61.477,2.251,29.02,1,1,1124.644,1,114.127,0,normal,0,nominal
2026-01-01 06:23:00,1,43.325,2.307,29.247,1,1,1425.826,1,146.587,1,fault,1,leak_progression
2026-01-01 06:23:00,2,67.15,1.971,26.204,1,1,1252.721,1,115.774,0,normal,0,nominal
2026-01-01 06:23:00,3,61.801,2.12,28.9,1,1,1140.175,1,113.206,0,normal,0,nominal
2026-01-01 06:24:00,1,43.01,2.28,29.379,1,1,1436.727,1,146.601,1,fault,1,leak_progression
2026-01-01 06:24:00,2,67.198,2.05,26.262,1,1,1263.711,1,117.102,0,normal,0,nominal
2026-01-01 06:24:00,3,61.799,2.288,29.207,1,1,1120.883,1,114.404,0,normal,0,nominal
2026-01-01 06:25:00,1,42.804,2.122,29.414,1,1,1414.423,1,143.353,1,fault,1,leak_progression
2026-01-01 06:25:00,2,66.23,2.283,26.552,1,1,1274.362,1,120.185,0,normal,0,nominal
2026-01-01 06:25:00,3,60.808,2.235,28.955,1,1,1106.258,1,113.243,0,normal,0,nominal
2026-01-01 06:26:00,1,42.943,1.933,29.664,1,1,1382.18,1,139.27,1,fault,1,leak_progression
2026-01-01 06:26:00,2,66.343,2.527,26.263,1,1,1243.811,1,121.83,0,normal,0,nominal
2026-01-01 06:26:00,3,62.306,2.303,28.799,1,1,1114.482,1,114.34,0,normal,0,nominal
2026-01-01 06:27:00,1,42.088,2.227,29.433,1,1,1394.36,1,144.187,1,fault,1,leak_progression
2026-01-01 06:27:00,2,66.512,2.911,25.921,1,1,1252.094,1,126.561,0,normal,0,nominal
2026-01-01 06:27:00,3,61.981,2.431,28.733,1,1,1119.081,1,115.985,0,normal,0,nominal
2026-01-01 06:28:00,1,40.14,1.977,29.594,1,1,1413.27,1,141.125,1,fault,1,leak_progression
2026-01-01 06:28:00,2,65.745,3.296,26.179,1,1,1263.815,1,131.429,0,normal,0,nominal
2026-01-01 06:28:00,3,62.165,2.174,29.152,1,1,1116.007,1,112.906,0,normal,0,nominal
2026-01-01 06:29:00,1,41.417,2.058,29.983,1,1,1438.1,1,143.284,1,fault,1,leak_progression
2026-01-01 06:29:00,2,67.189,3.256,26.119,1,1,1253.483,1,130.573,0,normal,0,nominal
2026-01-01 06:29:00,3,60.796,2.345,28.962,1,1,1119.489,1,115.01,0,normal,0,nominal
2026-01-01 06:30:00,1,41.253,2.455,29.874,1,1,1429.808,1,148.988,1,fault,1,leak_progression
2026-01-01 06:30:00,2,67.058,2.848,26.037,1,1,1247.619,1,125.66,0,normal,0,nominal
2026-01-01 06:30:00,3,60.214,2.546,28.89,1,1,1140.155,1,118.104,0,normal,0,nominal
2026-01-01 06:31:00,1,42.411,2.288,29.489,1,1,1436.018,1,146.686,1,fault,1,leak_progression
2026-01-01 06:31:00,2,67.12,2.709,26.372,1,1,1248.619,1,124.105,0,normal,0,nominal
2026-01-01 06:31:00,3,60.995,2.589,28.381,1,1,1126.309,1,118.07,0,normal,0,nominal
2026-01-01 06:32:00,1,41.947,2.357,29.455,1,1,1433.054,1,147.618,1,fault,1,leak_progression
2026-01-01 06:32:00,2,67.082,2.676,26.446,1,1,1238.722,1,123.35,0,normal,0,nominal
2026-01-01 06:32:00,3,60.819,2.534,28.428,1,1,1112.805,1,116.933,0,normal,0,nominal
2026-01-01 06:33:00,1,41.267,2.353,29.756,1,1,1438.092,1,147.749,1,fault,1,leak_progression
2026-01-01 06:33:00,2,65.522,3.109,26.649,1,1,1243.654,1,128.512,0,normal,0,nominal
2026-01-01 06:33:00,3,59.605,2.377,28.723,1,1,1110.951,1,115.056,0,normal,0,nominal
2026-01-01 06:34:00,1,44.327,2.529,29.695,1,1,1422.525,1,149.829,1,fault,1,leak_progression
2026-01-01 06:34:00,2,66.635,3.051,26.629,1,1,1256.128,1,128.319,0,normal,0,nominal
2026-01-01 06:34:00,3,59.997,2.206,28.772,1,1,1118.324,1,113.36,0,normal,0,nominal
2026-01-01 06:35:00,1,45.655,2.253,29.219,1,1,1423.323,1,142.88,1,fault,1,leak_progression
2026-01-01 06:35:00,2,66.508,3.026,26.737,1,1,1268.726,1,128.507,0,normal,0,nominal
2026-01-01 06:35:00,3,61.241,2.362,28.898,1,1,1133.409,1,115.734,0,normal,0,nominal
2026-01-01 06:36:00,1,48.47,2.42,28.706,1,1,1412.893,1,142.134,1,fault,1,leak_progression
2026-01-01 06:36:00,2,66.548,3.214,26.301,1,1,1248.273,1,129.892,0,normal,0,nominal
2026-01-01 06:36:00,3,61.684,2.202,28.973,1,1,1120.804,1,113.409,0,normal,0,nominal
2026-01-01 06:37:00,1,50.505,2.388,28.389,1,1,1409.218,1,138.861,1,warning,1,leak_progression
2026-01-01 06:37:00,2,66.929,2.846,26.317,1,1,1245.495,1,125.56,0,normal,0,nominal
2026-01-01 06:37:00,3,60.505,2.104,29.199,1,1,1121.173,1,112.305,0,normal,0,nominal
2026-01-01 06:38:00,1,54.57,3.057,28.005,1,1,1393.157,1,144.384,0,warning,1,leak_progression
2026-01-01 06:38:00,2,67.559,2.071,26.156,1,1,1265.112,1,117.391,0,normal,0,nominal
2026-01-01 06:38:00,3,58.335,2.043,29.341,1,1,1110.35,1,111.186,0,normal,0,nominal
2026-01-01 06:39:00,1,57.721,3.415,27.343,1,1,1390.965,1,146.019,0,warning,1,leak_progression
2026-01-01 06:39:00,2,67.412,2.23,26.359,1,1,1265.902,1,119.254,0,normal,0,nominal
2026-01-01 06:39:00,3,59.153,2.112,29.175,1,1,1105.508,1,111.796,0,normal,0,nominal
2026-01-01 06:40:00,1,59.325,3.813,26.572,1,1,1403.292,1,149.679,0,warning,1,leak_progression
2026-01-01 06:40:00,2,66.861,2.943,26.118,1,1,1288.606,1,128.316,0,normal,0,nominal
2026-01-01 06:40:00,3,60.028,2.242,29.249,1,1,1114.923,1,113.651,0,normal,0,nominal
2026-01-01 06:41:00,1,61.038,3.591,26.325,1,1,1408.896,1,147.137,0,warning,1,leak_progression
2026-01-01 06:41:00,2,67.674,2.372,25.975,1,1,1273.156,1,121.153,0,normal,0,nominal
2026-01-01 06:41:00,3,61.011,2.108,29.238,1,1,1117.478,1,112.208,0,normal,0,nominal
2026-01-01 06:42:00,1,63.721,3.367,26.168,1,1,1406.226,1,144.259,0,warning,1,leak_progression
2026-01-01 06:42:00,2,67.1,2.647,25.712,1,1,1273.237,1,124.318,0,normal,0,nominal
2026-01-01 06:42:00,3,61.405,2.564,29.196,1,1,1100.55,1,116.812,0,normal,0,nominal
2026-01-01 06:43:00,1,63.993,3.534,25.942,1,1,1409.322,1,146.452,0,warning,1,leak_progression
2026-01-01 06:43:00,2,66.893,2.982,25.865,1,1,1260.15,1,127.679,0,normal,0,nominal
2026-01-01 06:43:00,3,60.311,2.453,28.94,1,1,1104.723,1,115.692,0,normal,0,nominal
2026-01-01 06:44:00,1,64.819,3.174,26.272,1,1,1430.664,1,142.798,0,warning,1,leak_progression
2026-01-01 06:44:00,2,66.401,2.551,25.98,1,1,1238.698,1,121.901,0,normal,0,nominal
2026-01-01 06:44:00,3,60.847,2.395,28.954,1,1,1105.972,1,115.067,0,normal,0,nominal
2026-01-01 06:45:00,1,65.139,3.071,25.956,1,1,1422.37,1,141.201,0,warning,1,leak_progression
2026-01-01 06:45:00,2,65.574,2.772,26.438,1,1,1256.121,1,125.114,0,normal,0,nominal
2026-01-01 06:45:00,3,60.191,2.287,29.113,1,1,1117.043,1,114.243,0,normal,0,nominal
2026-01-01 06:46:00,1,64.325,3.253,25.757,1,1,1419.707,1,143.361,0,warning,1,leak_progression
2026-01-01 06:46:00,2,65.298,2.969,26.321,1,1,1252.618,1,127.243,0,normal,0,nominal
2026-01-01 06:46:00,3,60.893,2.254,29.253,1,1,1109.285,1,113.568,0,normal,0,nominal
2026-01-01 06:47:00,1,64.849,3.391,25.715,1,1,1435.558,1,145.668,0,warning,1,leak_progression
2026-01-01 06:47:00,2,65.737,3.299,26.573,1,1,1243.54,1,130.689,0,normal,0,nominal
2026-01-01 06:47:00,3,61.605,2.67,29.251,1,1,1109.433,1,118.361,0,normal,0,nominal
2026-01-01 06:48:00,1,65.346,3.18,25.56,1,1,1444.21,1,143.386,0,warning,1,leak_progression
2026-01-01 06:48:00,2,67.017,3.33,26.769,1,1,1259.225,1,131.646,0,normal,0,nominal
2026-01-01 06:48:00,3,60.563,2.388,28.709,1,1,1108.933,1,115.098,0,normal,0,nominal
2026-01-01 06:49:00,1,66.793,3.058,25.536,1,1,1441.957,1,141.787,0,warning,1,leak_progression
2026-01-01 06:49:00,2,67.897,3.363,26.572,1,1,1236.52,1,131.159,0,normal,0,nominal
2026-01-01 06:49:00,3,60.106,2.105,28.766,1,1,1104.825,1,111.689,0,normal,0,nominal
2026-01-01 06:50:00,1,64.929,3.542,25.659,1,1,1427.216,1,147.226,0,warning,1,leak_progression
2026-01-01 06:50:00,2,67.139,3.635,26.231,1,1,1215.005,1,133.467,0,normal,0,nominal
2026-01-01 06:50:00,3,60.848,2.314,28.56,1,1,1107.865,1,114.21,0,normal,0,nominal
2026-01-01 06:51:00,1,65.426,3.167,25.564,1,1,1433.954,1,142.835,0,warning,1,leak_progression
2026-01-01 06:51:00,2,67.0,3.417,26.29,1,1,1246.822,1,132.177,0,normal,0,nominal
2026-01-01 06:51:00,3,59.421,2.477,28.633,1,1,1109.646,1,116.147,0,normal,0,nominal
2026-01-01 06:52:00,1,65.458,3.167,25.73,1,1,1421.464,1,142.356,0,warning,1,leak_progression
2026-01-01 06:52:00,2,67.894,3.232,26.293,1,1,1253.562,1,130.305,0,normal,0,nominal
2026-01-01 06:52:00,3,60.114,2.555,28.986,1,1,1091.399,1,116.359,0,normal,0,nominal
2026-01-01 06:53:00,1,63.787,3.285,26.041,1,1,1422.602,1,143.866,0,warning,1,leak_progression
2026-01-01 06:53:00,2,67.4,3.366,26.442,1,1,1259.952,1,132.092,0,normal,0,nominal
2026-01-01 06:53:00,3,59.456,2.411,28.385,1,1,1120.009,1,115.782,0,normal,0,nominal
2026-01-01 06:54:00,1,65.734,3.102,25.709,1,1,1425.594,1,141.713,0,warning,1,leak_progression
2026-01-01 06:54:00,2,67.897,3.692,26.737,1,1,1249.326,1,135.432,0,normal,0,nominal
2026-01-01 06:54:00,3,59.4,2.469,28.453,1,1,1106.845,1,115.951,0,normal,0,nominal
2026-01-01 06:55:00,1,65.924,3.375,25.762,1,1,1426.107,1,145.113,0,warning,1,leak_progression
2026-01-01 06:55:00,2,66.736,3.107,26.512,1,1,1243.273,1,128.472,0,normal,0,nominal
2026-01-01 06:55:00,3,59.691,2.451,28.346,1,1,1080.512,1,114.743,0,normal,0,nominal
2026-01-01 06:56:00,1,65.257,3.038,25.532,1,1,1405.947,1,140.179,0,warning,1,leak_progression
2026-01-01 06:56:00,2,66.676,3.077,26.75,1,1,1259.639,1,128.75,0,normal,0,nominal
2026-01-01 06:56:00,3,59.206,2.388,28.428,1,1,1091.529,1,114.436,0,normal,0,nominal
2026-01-01 06:57:00,1,64.987,3.278,25.703,1,1,1407.326,1,143.199,0,warning,1,leak_progression
2026-01-01 06:57:00,2,65.968,2.996,26.697,1,1,1279.805,1,128.591,0,normal,0,nominal
2026-01-01 06:57:00,3,60.556,2.292,28.896,1,1,1081.58,1,112.953,0,normal,0,nominal
2026-01-01 06:58:00,1,64.94,3.354,26.067,1,1,1418.371,1,144.556,0,warning,1,leak_progression
2026-01-01 06:58:00,2,67.23,2.994,26.656,1,1,1257.103,1,127.7,0,normal,0,nominal
2026-01-01 06:58:00,3,59.67,2.122,29.105,1,1,1107.856,1,111.999,0,normal,0,nominal
2026-01-01 06:59:00,1,64.02,3.013,25.791,1,1,1442.442,1,141.252,0,warning,1,leak_progression
2026-01-01 06:59:00,2,67.649,2.611,26.366,1,1,1281.951,1,124.246,0,normal,0,nominal
2026-01-01 06:59:00,3,59.959,1.922,28.747,1,1,1100.912,1,109.433,0,normal,0,nominal
2026-01-01 07:00:00,1,65.169,3.154,25.622,1,1,1441.076,1,142.941,0,warning,1,leak_progression
2026-01-01 07:00:00,2,67.053,2.385,26.256,1,1,1243.581,1,120.185,0,normal,0,nominal
2026-01-01 07:00:00,3,60.9,2.111,28.734,1,1,1110.047,1,111.96,0,normal,0,nominal
2026-01-01 07:01:00,1,65.096,3.03,25.237,1,1,1443.665,1,141.512,0,warning,1,leak_progression
2026-01-01 07:01:00,2,67.087,2.367,26.259,1,1,1240.818,1,119.866,0,normal,0,nominal
2026-01-01 07:01:00,3,61.329,2.354,28.673,1,1,1105.175,1,114.571,0,normal,0,nominal
2026-01-01 07:02:00,1,64.496,3.195,25.074,1,1,1441.642,1,143.475,0,warning,1,leak_progression
2026-01-01 07:02:00,2,66.277,2.495,26.744,1,1,1244.373,1,121.477,0,normal,0,nominal
2026-01-01 07:02:00,3,61.323,2.334,28.799,1,1,1113.087,1,114.636,0,normal,0,nominal
2026-01-01 07:03:00,1,64.317,3.246,25.209,1,1,1423.306,1,143.409,0,warning,1,leak_progression
2026-01-01 07:03:00,2,65.131,2.836,26.222,1,1,1220.982,1,124.508,0,normal,0,nominal
2026-01-01 07:03:00,3,62.383,2.556,28.73,1,1,1081.313,1,115.987,0,normal,0,nominal
2026-01-01 07:04:00,1,64.915,3.075,25.573,1,1,1430.006,1,141.549,0,warning,1,leak_progression
2026-01-01 07:04:00,2,65.742,2.632,25.966,1,1,1257.795,1,123.56,0,normal,0,nominal
2026-01-01 07:04:00,3,61.588,2.688,28.657,1,1,1109.749,1,118.582,0,normal,0,nominal
2026-01-01 07:05:00,1,64.254,3.351,25.192,1,1,1445.855,1,145.574,0,warning,1,leak_progression
2026-01-01 07:05:00,2,65.975,2.438,26.127,1,1,1264.448,1,121.582,0,normal,0,nominal
2026-01-01 07:05:00,3,61.518,2.406,28.633,1,1,1112.356,1,115.444,0,normal,0,nominal
2026-01-01 07:06:00,1,63.876,3.04,25.395,1,1,1423.623,1,140.871,0,warning,1,leak_progression
2026-01-01 07:06:00,2,66.114,2.84,26.264,1,1,1253.052,1,125.772,0,normal,0,nominal
2026-01-01 07:06:00,3,61.142,1.953,28.662,1,1,1118.455,1,110.465,0,normal,0,nominal
2026-01-01 07:07:00,1,65.52,3.156,25.521,1,1,1402.132,1,141.496,0,warning,1,leak_progression
2026-01-01 07:07:00,2,65.908,2.804,26.321,1,1,1253.852,1,125.393,0,normal,0,nominal
2026-01-01 07:07:00,3,61.349,2.136,28.491,1,1,1113.148,1,112.364,0,normal,0,nominal
2026-01-01 07:08:00,1,66.821,3.531,25.292,1,1,1431.437,1,147.252,0,warning,1,leak_progression
2026-01-01 07:08:00,2,66.435,2.78,26.448,1,1,1254.691,1,125.147,0,normal,0,nominal
2026-01-01 07:08:00,3,60.212,2.195,28.329,1,1,1110.974,1,112.954,0,normal,0,nominal
2026-01-01 07:09:00,1,65.792,3.609,25.41,1,1,1425.023,1,147.97,0,warning,1,leak_progression
2026-01-01 07:09:00,2,66.079,3.063,26.227,1,1,1247.693,1,128.142,0,normal,0,nominal
2026-01-01 07:09:00,3,60.348,2.225,28.643,1,1,1125.253,1,113.848,0,normal,0,nominal
2026-01-01 07:10:00,1,65.967,3.319,25.427,1,1,1448.882,1,145.282,0,warning,1,leak_progression
2026-01-01 07:10:00,2,67.33,3.63,26.066,1,1,1239.093,1,134.33,0,normal,0,nominal
2026-01-01 07:10:00,3,60.879,2.102,28.828,1,1,1108.867,1,111.809,0,normal,0,nominal
2026-01-01 07:11:00,1,64.554,3.212,25.177,1,1,1446.041,1,143.857,0,warning,1,leak_progression
2026-01-01 07:11:00,2,67.338,2.948,26.291,1,1,1258.411,1,127.225,0,normal,0,nominal
2026-01-01 07:11:00,3,59.691,2.312,29.172,1,1,1118.673,1,114.594,0,normal,0,nominal
2026-01-01 07:12:00,1,61.828,3.103,25.642,1,1,1429.264,1,141.862,0,warning,1,leak_progression
2026-01-01 07:12:00,2,69.281,2.904,26.266,1,1,1262.438,1,126.872,0,normal,0,nominal
2026-01-01 07:12:00,3,59.82,2.283,29.234,1,1,1119.92,1,114.313,0,normal,0,nominal
2026-01-01 07:13:00,1,62.682,3.193,25.792,1,1,1411.068,1,142.285,0,warning,1,leak_progression
2026-01-01 07:13:00,2,66.889,2.123,26.381,1,1,1255.266,1,117.616,0,normal,0,nominal
2026-01-01 07:13:00,3,60.367,2.239,28.939,1,1,1095.705,1,112.88,0,normal,0,nominal
2026-01-01 07:14:00,1,63.46,3.393,25.703,1,1,1422.346,1,145.201,0,warning,1,leak_progression
2026-01-01 07:14:00,2,67.117,2.587,26.634,1,1,1247.43,1,122.656,0,normal,0,nominal
2026-01-01 07:14:00,3,60.685,2.242,28.93,1,1,1093.609,1,112.843,0,normal,0,nominal
2026-01-01 07:15:00,1,62.483,3.1,25.7,1,1,1426.185,1,141.715,0,warning,1,leak_progression
2026-01-01 07:15:00,2,66.779,3.418,27.106,1,1,1233.621,1,131.679,0,normal,0,nominal
2026-01-01 07:15:00,3,61.669,2.373,28.919,1,1,1093.641,1,114.345,0,normal,0,nominal
2026-01-01 07:16:00,1,63.368,3.327,25.951,1,1,1414.034,1,144.065,0,warning,1,leak_progression
2026-01-01 07:16:00,2,67.335,3.517,26.606,1,1,1210.11,1,131.931,0,normal,0,nominal
2026-01-01 07:16:00,3,61.265,2.303,29.316,1,1,1092.58,1,113.506,0,normal,0,nominal
2026-01-01 07:17:00,1,63.099,3.325,25.733,1,1,1429.72,1,144.631,0,warning,1,leak_progression
2026-01-01 07:17:00,2,66.916,3.25,26.848,1,1,1216.985,1,129.125,0,normal,0,nominal
2026-01-01 07:17:00,3,61.205,2.353,29.05,1,1,1108.373,1,114.672,0,normal,0,nominal
2026-01-01 07:18:00,1,64.165,3.155,25.71,1,1,1416.07,1,142.013,0,warning,1,leak_progression
2026-01-01 07:18:00,2,66.826,3.551,26.874,1,1,1242.339,1,133.547,0,normal,0,nominal
2026-01-01 07:18:00,3,61.915,2.214,28.713,1,1,1105.864,1,112.988,0,normal,0,nominal
2026-01-01 07:19:00,1,64.036,2.988,25.642,1,1,1425.737,1,140.309,0,warning,1,leak_progression
2026-01-01 07:19:00,2,65.906,3.312,26.577,1,1,1237.199,1,130.596,0,normal,0,nominal
2026-01-01 07:19:00,3,61.391,2.429,28.664,1,1,1123.378,1,116.12,0,normal,0,nominal
2026-01-01 07:20:00,1,64.316,2.875,25.826,1,1,1441.03,1,139.491,0,warning,1,leak_progression
2026-01-01 07:20:00,2,66.062,2.858,26.537,1,1,1250.057,1,125.872,0,normal,0,nominal
2026-01-01 07:20:00,3,60.957,2.215,28.571,1,1,1131.116,1,113.955,0,normal,0,nominal
2026-01-01 07:21:00,1,62.854,3.231,26.001,1,1,1449.288,1,144.206,0,warning,1,leak_progression
2026-01-01 07:21:00,2,66.67,2.618,26.431,1,1,1248.94,1,123.062,0,normal,0,nominal
2026-01-01 07:21:00,3,60.777,1.961,28.784,1,1,1125.409,1,110.817,0,normal,0,nominal
2026-01-01 07:22:00,1,63.203,3.216,25.966,1,1,1444.58,1,143.846,0,warning,1,leak_progression
2026-01-01 07:22:00,2,67.128,2.103,26.332,1,1,1254.295,1,117.345,0,normal,0,nominal
2026-01-01 07:22:00,3,60.904,1.961,28.949,1,1,1124.391,1,110.776,0,normal,0,nominal
2026-01-01 07:23:00,1,63.094,3.184,25.985,1,1,1426.231,1,142.75,0,warning,1,leak_progression
2026-01-01 07:23:00,2,66.995,2.614,26.438,1,1,1242.211,1,122.769,0,normal,0,nominal
2026-01-01 07:23:00,3,61.751,2.269,28.743,1,1,1122.436,1,114.252,0,normal,0,nominal
2026-01-01 07:24:00,1,63.849,3.155,26.245,1,1,1433.125,1,142.656,0,warning,1,leak_progression
2026-01-01 07:24:00,2,66.775,2.794,26.241,1,1,1258.896,1,125.473,0,normal,0,nominal
2026-01-01 07:24:00,3,61.924,2.522,28.654,1,1,1120.725,1,117.091,0,normal,0,nominal
2026-01-01 07:25:00,1,65.813,2.983,25.932,1,1,1427.837,1,140.326,0,warning,1,leak_progression
2026-01-01 07:25:00,2,66.283,2.869,26.077,1,1,1266.168,1,126.612,0,normal,0,nominal
2026-01-01 07:25:00,3,61.53,2.41,28.778,1,1,1116.306,1,115.634,0,normal,0,nominal
2026-01-01 07:26:00,1,64.39,3.11,25.871,1,1,1424.46,1,141.769,0,warning,1,leak_progression
2026-01-01 07:26:00,2,66.154,3.02,26.303,1,1,1259.924,1,128.104,0,normal,0,nominal
2026-01-01 07:26:00,3,62.022,2.696,29.037,1,1,1122.023,1,119.146,0,normal,0,nominal
2026-01-01 07:27:00,1,63.886,3.385,25.737,1,1,1428.457,1,145.333,0,warning,1,leak_progression
2026-01-01 07:27:00,2,66.955,3.361,26.208,1,1,1277.504,1,132.695,0,normal,0,nominal
2026-01-01 07:27:00,3,60.908,2.168,28.924,1,1,1133.562,1,113.51,0,normal,0,nominal
2026-01-01 07:28:00,1,64.831,3.519,25.594,1,1,1428.457,1,146.986,0,warning,1,leak_progression
2026-01-01 07:28:00,2,67.804,2.75,26.031,1,1,1284.273,1,125.923,0,normal,0,nominal
2026-01-01 07:28:00,3,61.317,2.344,29.044,1,1,1112.633,1,114.739,0,normal,0,nominal
2026-01-01 07:29:00,1,63.049,3.076,25.654,1,1,1421.716,1,141.249,0,warning,1,leak_progression
2026-01-01 07:29:00,2,63.392,2.762,26.217,1,1,1273.007,1,125.638,0,normal,0,nominal
2026-01-01 07:29:00,3,60.372,2.281,29.303,1,1,1125.12,1,114.485,0,normal,0,nominal
2026-01-01 07:30:00,1,64.698,2.912,25.721,1,1,1429.723,1,139.518,0,warning,1,leak_progression
2026-01-01 07:30:00,2,64.153,2.635,26.401,1,1,1271.595,1,124.128,0,normal,0,nominal
2026-01-01 07:30:00,3,60.602,2.577,29.074,1,1,1121.254,1,117.746,0,normal,0,nominal
2026-01-01 07:31:00,1,64.442,3.023,25.904,1,1,1432.972,1,141.013,0,warning,1,leak_progression
2026-01-01 07:31:00,2,64.57,3.138,26.357,1,1,1261.596,1,129.523,0,normal,0,nominal
2026-01-01 07:31:00,3,61.17,2.529,28.951,1,1,1108.047,1,116.685,0,normal,0,nominal
2026-01-01 07:32:00,1,65.809,2.873,25.92,1,1,1431.626,1,139.104,0,warning,1,leak_progression
2026-01-01 07:32:00,2,66.086,2.811,26.409,1,1,1247.924,1,125.252,0,normal,0,nominal
2026-01-01 07:32:00,3,60.598,2.713,28.908,1,1,1104.19,1,118.656,0,normal,0,nominal
2026-01-01 07:33:00,1,66.545,2.827,26.096,1,1,1428.513,1,138.41,0,warning,1,leak_progression
2026-01-01 07:33:00,2,66.917,3.024,26.478,1,1,1254.542,1,127.945,0,normal,0,nominal
2026-01-01 07:33:00,3,61.135,3.223,28.706,1,1,1104.766,1,124.541,0,normal,0,nominal
2026-01-01 07:34:00,1,64.786,3.225,26.09,1,1,1428.542,1,143.347,0,warning,1,leak_progression
2026-01-01 07:34:00,2,66.938,2.863,26.871,1,1,1242.592,1,125.64,0,normal,0,nominal
2026-01-01 07:34:00,3,61.694,2.923,28.942,1,1,1117.05,1,121.565,0,normal,0,nominal
2026-01-01 07:35:00,1,63.834,3.256,26.115,1,1,1437.295,1,144.072,0,warning,1,leak_progression
2026-01-01 07:35:00,2,66.067,3.154,26.521,1,1,1230.074,1,128.513,0,normal,0,nominal
2026-01-01 07:35:00,3,61.122,2.447,29.007,1,1,1109.487,1,115.798,0,normal,0,nominal
2026-01-01 07:36:00,1,64.159,3.438,26.029,1,1,1447.541,1,146.71,0,warning,1,leak_progression
2026-01-01 07:36:00,2,65.966,2.777,26.495,1,1,1248.814,1,124.891,0,normal,0,nominal
2026-01-01 07:36:00,3,61.906,2.194,28.619,1,1,1117.837,1,113.204,0,normal,0,nominal
2026-01-01 07:37:00,1,64.338,3.292,25.971,1,1,1449.855,1,144.991,0,warning,1,leak_progression
2026-01-01 07:37:00,2,66.967,2.455,26.167,1,1,1257.892,1,121.531,0,normal,0,nominal
2026-01-01 07:37:00,3,59.618,2.676,28.376,1,1,1102.321,1,118.16,0,normal,0,nominal
2026-01-01 07:38:00,1,63.849,3.442,25.547,1,1,1435.131,1,146.288,0,warning,1,leak_progression
2026-01-01 07:38:00,2,67.22,2.612,25.909,1,1,1261.342,1,123.47,0,normal,0,nominal
2026-01-01 07:38:00,3,60.57,2.309,28.47,1,1,1082.458,1,113.185,0,normal,0,nominal
2026-01-01 07:39:00,1,63.987,3.336,25.598,1,1,1425.855,1,144.621,0,warning,1,leak_progression
2026-01-01 07:39:00,2,66.901,2.923,25.858,1,1,1243.974,1,126.384,0,normal,0,nominal
2026-01-01 07:39:00,3,59.451,2.416,28.381,1,1,1098.428,1,115.027,0,normal,0,nominal
2026-01-01 07:40:00,1,65.318,2.96,25.722,1,1,1435.885,1,140.342,0,warning,1,leak_progression
2026-01-01 07:40:00,2,68.185,3.385,26.214,1,1,1240.761,1,131.571,0,normal,0,nominal
2026-01-01 07:40:00,3,61.561,2.631,28.441,1,1,1111.512,1,117.992,0,normal,0,nominal
2026-01-01 07:41:00,1,63.999,3.153,25.448,1,1,1439.166,1,142.862,0,warning,1,leak_progression
2026-01-01 07:41:00,2,66.743,3.189,25.761,1,1,1247.656,1,129.585,0,normal,0,nominal
2026-01-01 07:41:00,3,61.159,2.612,28.931,1,1,1110.87,1,117.752,0,normal,0,nominal
2026-01-01 07:42:00,1,63.34,3.291,25.266,1,1,1416.271,1,143.702,0,warning,1,leak_progression
2026-01-01 07:42:00,2,66.322,2.655,25.735,1,1,1257.863,1,123.835,0,normal,0,nominal
2026-01-01 07:42:00,3,61.065,2.539,29.201,1,1,1109.338,1,116.849,0,normal,0,nominal
2026-01-01 07:43:00,1,64.092,3.432,25.515,1,1,1424.847,1,145.777,0,warning,1,leak_progression
2026-01-01 07:43:00,2,67.336,3.115,25.926,1,1,1265.573,1,129.413,0,normal,0,nominal
2026-01-01 07:43:00,3,61.842,2.411,29.306,1,1,1119.586,1,115.772,0,normal,0,nominal
2026-01-01 07:44:00,1,64.263,3.271,25.842,1,1,1420.26,1,143.601,0,warning,1,leak_progression
2026-01-01 07:44:00,2,67.161,3.472,25.876,1,1,1266.095,1,133.537,0,normal,0,nominal
2026-01-01 07:44:00,3,61.767,2.72,29.235,1,1,1101.741,1,118.643,0,normal,0,nominal
2026-01-01 07:45:00,1,66.03,3.112,25.54,1,1,1421.068,1,141.661,0,warning,1,leak_progression
2026-01-01 07:45:00,2,66.733,3.47,25.862,1,1,1275.928,1,133.889,0,normal,0,nominal
2026-01-01 07:45:00,3,60.589,2.511,28.676,1,1,1105.48,1,116.388,0,normal,0,nominal
2026-01-01 07:46:00,1,65.495,3.214,25.906,1,1,1417.164,1,142.779,0,warning,1,leak_progression
2026-01-01 07:46:00,2,62.742,2.876,26.325,1,1,1261.685,1,126.517,0,normal,0,nominal
2026-01-01 07:46:00,3,61.758,2.58,28.568,1,1,1131.141,1,118.15,0,normal,0,nominal
2026-01-01 07:47:00,1,65.242,2.895,25.841,1,1,1428.999,1,139.272,0,warning,1,leak_progression
2026-01-01 07:47:00,2,64.708,3.264,26.485,1,1,1269.313,1,131.274,0,normal,0,nominal
2026-01-01 07:47:00,3,60.339,2.607,28.632,1,1,1132.843,1,118.531,0,normal,0,nominal
2026-01-01 07:48:00,1,63.7,3.227,25.591,1,1,1436.433,1,143.678,0,warning,1,leak_progression
2026-01-01 07:48:00,2,64.005,3.208,26.244,1,1,1253.591,1,130.034,0,normal,0,nominal
2026-01-01 07:48:00,3,59.554,2.607,28.631,1,1,1132.242,1,118.505,0,normal,0,nominal
2026-01-01 07:49:00,1,62.65,3.067,25.34,1,1,1435.522,1,141.663,0,warning,1,leak_progression
2026-01-01 07:49:00,2,66.042,3.099,26.509,1,1,1247.563,1,128.547,0,normal,0,nominal
2026-01-01 07:49:00,3,60.113,2.539,28.815,1,1,1113.499,1,117.006,0,normal,0,nominal
2026-01-01 07:50:00,1,62.977,3.275,25.442,1,1,1422.379,1,143.732,0,warning,1,leak_progression
2026-01-01 07:50:00,2,66.647,2.592,26.46,1,1,1236.355,1,122.285,0,normal,0,nominal
2026-01-01 07:50:00,3,61.532,2.557,28.78,1,1,1093.422,1,116.455,0,normal,0,nominal
2026-01-01 07:51:00,1,64.675,2.894,25.601,1,1,1416.126,1,138.771,0,warning,1,leak_progression
2026-01-01 07:51:00,2,66.336,3.429,26.375,1,1,1256.521,1,132.682,0,normal,0,nominal
2026-01-01 07:51:00,3,60.453,2.586,29.117,1,1,1083.04,1,116.397,0,normal,0,nominal
2026-01-01 07:52:00,1,65.481,3.165,25.325,1,1,1409.654,1,141.886,0,warning,1,leak_progression
2026-01-01 07:52:00,2,66.51,3.426,26.728,1,1,1259.036,1,132.741,0,normal,0,nominal
2026-01-01 07:52:00,3,61.333,2.599,28.999,1,1,1095.739,1,117.031,0,normal,0,nominal
2026-01-01 07:53:00,1,64.118,3.538,25.818,1,1,1421.303,1,146.959,0,warning,1,leak_progression
2026-01-01 07:53:00,2,66.529,3.482,26.392,1,1,1239.745,1,132.656,0,normal,0,nominal
2026-01-01 07:53:00,3,61.469,2.511,28.91,1,1,1121.351,1,116.984,0,normal,0,nominal
2026-01-01 07:54:00,1,65.925,3.27,25.954,1,1,1414.928,1,143.391,0,warning,1,leak_progression
2026-01-01 07:54:00,2,67.879,3.744,26.813,1,1,1248.375,1,135.99,0,normal,0,nominal
2026-01-01 07:54:00,3,60.786,2.436,29.036,1,1,1140.585,1,116.853,0,normal,0,nominal
2026-01-01 07:55:00,1,66.336,3.307,25.609,1,1,1399.253,1,143.247,0,warning,1,leak_progression
2026-01-01 07:55:00,2,68.758,3.821,26.34,1,1,1249.159,1,136.913,0,normal,0,nominal
2026-01-01 07:55:00,3,61.898,2.313,29.0,1,1,1123.166,1,114.776,0,normal,0,nominal
2026-01-01 07:56:00,1,64.115,3.536,25.569,1,1,1420.602,1,146.906,0,warning,1,leak_progression
2026-01-01 07:56:00,2,67.848,3.969,26.367,1,1,1275.118,1,139.602,0,normal,0,nominal
2026-01-01 07:56:00,3,61.177,2.391,28.856,1,1,1126.591,1,115.809,0,normal,0,nominal
2026-01-01 07:57:00,1,63.368,3.459,25.673,1,1,1429.792,1,146.302,0,warning,1,leak_progression
2026-01-01 07:57:00,2,67.227,4.205,26.051,1,1,1272.969,1,142.234,0,normal,0,nominal
2026-01-01 07:57:00,3,61.744,1.905,29.191,1,1,1130.586,1,110.373,0,normal,0,nominal
2026-01-01 07:58:00,1,64.292,3.687,25.614,1,1,1452.996,1,150.008,0,warning,1,leak_progression
2026-01-01 07:58:00,2,67.672,3.914,26.271,1,1,1247.214,1,137.909,0,normal,0,nominal
2026-01-01 07:58:00,3,61.126,1.618,28.954,1,1,1140.648,1,107.457,0,normal,0,nominal
2026-01-01 07:59:00,1,63.345,3.798,25.617,1,1,1438.396,1,150.821,0,warning,1,leak_progression
2026-01-01 07:59:00,2,67.796,3.695,26.678,1,1,1232.45,1,134.829,0,normal,0,nominal
2026-01-01 07:59:00,3,59.341,2.052,28.45,1,1,1146.451,1,112.666,0,normal,0,nominal
2026-01-01 06:00:00,1,74.219,4.012,23.624,1,1,1444.359,1,146.525,0,normal,0,nominal
2026-01-01 06:00:00,2,66.296,2.631,26.541,1,1,1250.32,1,123.266,0,normal,0,nominal
2026-01-01 06:00:00,3,59.39,2.255,28.507,1,1,1092.514,1,112.946,0,normal,0,nominal
2026-01-01 06:01:00,1,73.593,3.825,23.55,1,1,1433.141,1,143.943,0,normal,0,nominal
2026-01-01 06:01:00,2,66.468,3.129,26.225,1,1,1247.288,1,128.877,0,normal,0,nominal
2026-01-01 06:01:00,3,59.164,2.023,28.637,1,1,1108.37,1,110.88,0,normal,0,nominal
2026-01-01 06:02:00,1,73.994,3.434,23.805,1,1,1434.087,1,139.488,0,normal,0,nominal
2026-01-01 06:02:00,2,65.756,3.046,26.418,1,1,1246.427,1,127.89,0,normal,0,nominal
2026-01-01 06:02:00,3,60.18,1.805,28.447,1,1,1116.586,1,108.69,0,normal,0,nominal
2026-01-01 06:03:00,1,73.216,3.216,23.647,1,1,1424.029,1,136.601,0,normal,0,nominal
2026-01-01 06:03:00,2,65.262,2.93,26.102,1,1,1252.274,1,126.776,0,normal,0,nominal
2026-01-01 06:03:00,3,60.31,2.201,28.718,1,1,1121.49,1,113.426,0,normal,0,nominal
2026-01-01 06:04:00,1,73.175,3.328,23.561,1,1,1432.982,1,138.224,0,normal,0,nominal
2026-01-01 06:04:00,2,65.848,3.226,25.898,1,1,1240.901,1,129.752,0,normal,0,nominal
2026-01-01 06:04:00,3,60.484,2.215,28.734,1,1,1123.974,1,113.684,0,normal,0,nominal
2026-01-01 06:05:00,1,74.395,3.411,23.481,1,1,1423.032,1,138.799,0,normal,0,nominal
2026-01-01 06:05:00,2,66.363,3.463,25.899,1,1,1260.064,1,133.206,0,normal,0,nominal
2026-01-01 06:05:00,3,62.126,2.132,28.795,1,1,1133.119,1,113.081,0,normal,0,nominal
2026-01-01 06:06:00,1,72.785,3.451,23.721,1,1,1421.338,1,139.193,0,normal,0,nominal
2026-01-01 06:06:00,2,67.458,3.124,25.903,1,1,1256.796,1,129.184,0,normal,0,nominal
2026-01-01 06:06:00,3,61.13,2.124,28.802,1,1,1101.228,1,111.778,0,normal,0,nominal
2026-01-01 06:07:00,1,74.232,3.926,23.486,1,1,1422.453,1,144.704,0,normal,0,nominal
2026-01-01 06:07:00,2,66.521,3.165,26.056,1,1,1241.201,1,129.063,0,normal,0,nominal
2026-01-01 06:07:00,3,61.234,2.175,29.119,1,1,1132.306,1,113.535,0,normal,0,nominal
2026-01-01 06:08:00,1,74.746,4.234,23.638,1,1,1420.484,1,148.17,0,normal,0,nominal
2026-01-01 06:08:00,2,66.297,3.083,25.834,1,1,1235.408,1,127.894,0,normal,0,nominal
2026-01-01 06:08:00,3,60.89,2.239,28.904,1,1,1123.241,1,113.928,0,normal,0,nominal
2026-01-01 06:09:00,1,76.559,3.726,23.879,1,1,1419.859,1,142.308,0,normal,0,nominal
2026-01-01 06:09:00,2,67.138,2.779,26.031,1,1,1256.412,1,125.205,0,normal,0,nominal
2026-01-01 06:09:00,3,61.841,2.194,29.013,1,1,1121.677,1,113.355,0,normal,0,nominal
2026-01-01 06:10:00,1,75.533,3.418,23.874,1,1,1437.309,1,139.43,0,normal,0,nominal
2026-01-01 06:10:00,2,67.315,2.86,25.974,1,1,1273.927,1,126.797,0,normal,0,nominal
2026-01-01 06:10:00,3,62.914,2.449,28.737,1,1,1111.062,1,115.881,0,normal,0,nominal
2026-01-01 06:11:00,1,74.94,3.659,23.622,1,1,1402.787,1,140.882,0,normal,0,nominal
2026-01-01 06:11:00,2,66.438,2.757,26.569,1,1,1267.936,1,125.387,0,normal,0,nominal
2026-01-01 06:11:00,3,62.231,2.265,28.743,1,1,1103.054,1,113.463,0,normal,0,nominal
2026-01-01 06:12:00,1,74.444,3.501,23.708,1,1,1422.432,1,139.809,0,normal,0,nominal
2026-01-01 06:12:00,2,65.9,2.785,26.558,1,1,1241.321,1,124.701,0,normal,0,nominal
2026-01-01 06:12:00,3,60.954,2.123,28.683,1,1,1097.196,1,111.602,0,normal,0,nominal
2026-01-01 06:13:00,1,75.173,3.57,23.723,1,1,1421.314,1,140.561,0,normal,0,nominal
2026-01-01 06:13:00,2,67.186,2.64,26.747,1,1,1257.005,1,123.628,0,normal,0,nominal
2026-01-01 06:13:00,3,61.237,2.049,28.517,1,1,1118.582,1,111.569,0,normal,0,nominal
2026-01-01 06:14:00,1,75.126,3.297,23.829,1,1,1415.278,1,137.196,0,normal,0,nominal
2026-01-01 06:14:00,2,67.165,2.712,26.661,1,1,1243.706,1,123.945,0,normal,0,nominal
2026-01-01 06:14:00,3,61.631,2.252,28.924,1,1,1109.664,1,113.562,0,normal,0,nominal
2026-01-01 06:15:00,1,74.575,3.608,23.725,1,1,1431.614,1,141.397,0,normal,0,nominal
2026-01-01 06:15:00,2,66.252,2.994,26.204,1,1,1251.172,1,127.479,0,normal,0,nominal
2026-01-01 06:15:00,3,61.489,2.239,29.015,1,1,1078.857,1,112.245,0,normal,0,nominal
2026-01-01 06:16:00,1,74.426,3.609,23.806,1,1,1430.608,1,141.371,0,normal,0,nominal
2026-01-01 06:16:00,2,67.256,2.295,26.403,1,1,1258.731,1,119.728,0,normal,0,nominal
2026-01-01 06:16:00,3,61.154,2.188,29.29,1,1,1099.59,1,112.442,0,normal,0,nominal
2026-01-01 06:17:00,1,75.418,3.835,23.658,1,1,1416.06,1,143.413,0,normal,0,nominal
2026-01-01 06:17:00,2,66.351,2.92,26.333,1,1,1238.324,1,126.141,0,normal,0,nominal
2026-01-01 06:17:00,3,62.042,2.622,29.411,1,1,1114.152,1,117.992,0,normal,0,nominal
2026-01-01 06:18:00,1,73.768,3.527,23.592,1,1,1399.843,1,139.259,0,normal,0,nominal
2026-01-01 06:18:00,2,67.204,3.051,26.35,1,1,1222.521,1,127.047,0,normal,0,nominal
2026-01-01 06:18:00,3,63.376,2.67,29.059,1,1,1116.885,1,118.646,0,normal,0,nominal
2026-01-01 06:19:00,1,74.391,3.779,23.597,1,1,1425.889,1,143.14,0,normal,0,nominal
2026-01-01 06:19:00,2,67.071,3.576,26.668,1,1,1243.69,1,133.88,0,normal,0,nominal
2026-01-01 06:19:00,3,63.731,2.598,28.711,1,1,1121.154,1,117.975,0,normal,0,nominal
2026-01-01 06:20:00,1,72.881,3.471,23.594,1,1,1409.672,1,138.982,0,normal,0,nominal
2026-01-01 06:20:00,2,66.23,3.096,27.046,1,1,1242.52,1,128.315,0,normal,0,nominal
2026-01-01 06:20:00,3,63.676,2.177,28.699,1,1,1130.217,1,113.488,0,normal,0,nominal
2026-01-01 06:21:00,1,73.641,3.292,23.72,1,1,1389.251,1,136.144,0,normal,0,nominal
2026-01-01 06:21:00,2,66.802,3.032,26.5,1,1,1249.384,1,127.845,0,normal,0,nominal
2026-01-01 06:21:00,3,61.951,2.248,28.801,1,1,1096.575,1,113.023,0,normal,0,nominal
2026-01-01 06:22:00,1,72.862,3.351,23.594,1,1,1418.003,1,137.918,0,normal,0,nominal
2026-01-01 06:22:00,2,65.927,3.09,25.992,1,1,1269.332,1,129.269,0,normal,0,nominal
2026-01-01 06:22:00,3,62.586,2.005,28.746,1,1,1099.078,1,110.327,0,normal,0,nominal
2026-01-01 06:23:00,1,73.494,3.981,23.543,1,1,1433.238,1,145.743,0,normal,0,nominal
2026-01-01 06:23:00,2,65.899,3.459,26.447,1,1,1264.047,1,133.316,0,normal,0,nominal
2026-01-01 06:23:00,3,61.837,2.198,29.054,1,1,1121.977,1,113.407,0,normal,0,nominal
2026-01-01 06:24:00,1,74.53,3.831,23.697,1,1,1424.193,1,143.678,0,normal,0,nominal
2026-01-01 06:24:00,2,66.134,3.044,26.583,1,1,1276.639,1,129.021,0,normal,0,nominal
2026-01-01 06:24:00,3,61.081,1.977,29.269,1,1,1103.783,1,110.174,0,normal,0,nominal
2026-01-01 06:25:00,1,73.423,3.558,24.111,1,1,1409.039,1,142.169,0,normal,0,leak_progression
2026-01-01 06:25:00,2,66.533,2.999,26.8,1,1,1236.84,1,126.991,0,normal,0,nominal
2026-01-01 06:25:00,3,61.802,2.484,29.254,1,1,1104.625,1,116.044,0,normal,0,nominal
2026-01-01 06:26:00,1,70.354,3.509,24.667,1,1,1415.754,1,144.088,0,normal,1,leak_progression
2026-01-01 06:26:00,2,66.201,3.117,26.526,1,1,1261.975,1,129.295,0,normal,0,nominal
2026-01-01 06:26:00,3,61.337,2.041,29.263,1,1,1107.563,1,111.053,0,normal,0,nominal
2026-01-01 06:27:00,1,67.988,3.674,24.677,1,1,1418.332,1,148.526,0,warning,1,leak_progression
2026-01-01 06:27:00,2,67.002,2.696,26.539,1,1,1248.569,1,123.948,0,normal,0,nominal
2026-01-01 06:27:00,3,61.068,2.286,29.026,1,1,1106.886,1,113.853,0,normal,0,nominal
2026-01-01 06:28:00,1,65.237,3.301,25.647,1,1,1428.404,1,146.568,0,warning,1,leak_progression
2026-01-01 06:28:00,2,66.308,2.933,26.701,1,1,1230.867,1,126.002,0,normal,0,nominal
2026-01-01 06:28:00,3,61.302,2.214,29.103,1,1,1098.481,1,112.706,0,normal,0,nominal
2026-01-01 06:29:00,1,62.45,2.983,26.181,1,1,1400.608,1,143.712,0,warning,1,leak_progression
2026-01-01 06:29:00,2,66.898,3.219,26.493,1,1,1252.523,1,130.12,0,normal,0,nominal
2026-01-01 06:29:00,3,59.921,2.188,28.964,1,1,1108.402,1,112.787,0,normal,0,nominal
2026-01-01 06:30:00,1,58.924,2.748,26.61,1,1,1401.211,1,142.868,1,warning,1,leak_progression
2026-01-01 06:30:00,2,65.839,3.321,26.082,1,1,1261.92,1,131.645,0,normal,0,nominal
2026-01-01 06:30:00,3,59.839,2.215,28.913,1,1,1131.184,1,113.963,0,normal,0,nominal
2026-01-01 06:31:00,1,57.016,2.866,26.97,1,1,1407.699,1,147.013,1,fault,1,leak_progression
2026-01-01 06:31:00,2,66.621,2.915,25.888,1,1,1267.372,1,127.181,0,normal,0,nominal
2026-01-01 06:31:00,3,60.058,2.319,29.046,1,1,1112.641,1,114.445,0,normal,0,nominal
2026-01-01 06:32:00,1,54.075,2.405,27.361,1,1,1405.975,1,142.752,1,fault,1,leak_progression
2026-01-01 06:32:00,2,65.982,2.638,25.984,1,1,1254.058,1,123.496,0,normal,0,nominal
2026-01-01 06:32:00,3,59.627,1.986,29.016,1,1,1123.001,1,111.011,0,normal,0,nominal
2026-01-01 06:33:00,1,50.944,2.377,27.968,1,1,1410.481,1,144.769,1,fault,1,leak_progression
2026-01-01 06:33:00,2,66.153,2.622,26.142,1,1,1261.682,1,123.601,0,normal,0,nominal
2026-01-01 06:33:00,3,58.823,2.189,28.815,1,1,1117.814,1,113.151,0,normal,0,nominal
2026-01-01 06:34:00,1,47.801,2.804,28.425,1,1,1421.633,1,153.944,1,fault,1,leak_progression
2026-01-01 06:34:00,2,66.002,3.204,26.341,1,1,1248.924,1,129.803,0,normal,0,nominal
2026-01-01 06:34:00,3,58.673,2.156,28.611,1,1,1111.731,1,112.54,0,normal,0,nominal
2026-01-01 06:35:00,1,44.41,2.722,28.966,1,1,1434.909,1,153.213,1,fault,1,leak_progression
2026-01-01 06:35:00,2,66.426,2.818,26.219,1,1,1255.428,1,125.619,0,normal,0,nominal
2026-01-01 06:35:00,3,60.772,2.045,28.718,1,1,1092.713,1,110.541,0,normal,0,nominal
2026-01-01 06:36:00,1,44.61,2.38,29.022,1,1,1428.913,1,147.806,1,fault,1,leak_progression
2026-01-01 06:36:00,2,67.063,3.296,26.358,1,1,1274.293,1,131.824,0,normal,0,nominal
2026-01-01 06:36:00,3,60.822,2.214,28.839,1,1,1096.78,1,112.64,0,normal,0,nominal
2026-01-01 06:37:00,1,44.417,2.304,28.637,1,1,1447.246,1,147.359,1,fault,1,leak_progression
2026-01-01 06:37:00,2,67.494,3.085,26.364,1,1,1250.78,1,128.511,0,normal,0,nominal
2026-01-01 06:37:00,3,62.163,2.373,29.013,1,1,1103.171,1,114.71,0,normal,0,nominal
2026-01-01 06:38:00,1,44.721,1.817,28.954,1,1,1429.734,1,139.325,1,fault,1,leak_progression
2026-01-01 06:38:00,2,67.43,3.362,26.415,1,1,1250.087,1,131.662,0,normal,0,nominal
2026-01-01 06:38:00,3,62.485,2.22,28.888,1,1,1104.455,1,112.996,0,normal,0,nominal
2026-01-01 06:39:00,1,44.809,2.321,28.943,1,1,1432.545,1,147.061,1,fault,1,leak_progression
2026-01-01 06:39:00,2,67.357,3.141,26.41,1,1,1251.513,1,129.175,0,normal,0,nominal
2026-01-01 06:39:00,3,61.537,2.44,29.192,1,1,1121.962,1,116.192,0,normal,0,nominal
2026-01-01 06:40:00,1,44.34,2.198,29.382,1,1,1417.74,1,144.631,1,fault,1,leak_progression
2026-01-01 06:40:00,2,67.423,3.202,26.483,1,1,1262.352,1,130.296,0,normal,0,nominal
2026-01-01 06:40:00,3,61.91,2.311,29.083,1,1,1130.432,1,115.031,0,normal,0,nominal
2026-01-01 06:41:00,1,43.231,2.344,29.36,1,1,1406.858,1,146.433,1,fault,1,leak_progression
2026-01-01 06:41:00,2,67.382,2.854,26.009,1,1,1252.962,1,125.934,0,normal,0,nominal
2026-01-01 06:41:00,3,60.618,2.424,28.908,1,1,1109.02,1,115.514,0,normal,0,nominal
2026-01-01 06:42:00,1,42.983,2.167,29.354,1,1,1411.208,1,143.916,1,fault,1,leak_progression
2026-01-01 06:42:00,2,66.929,2.539,26.099,1,1,1250.589,1,122.216,0,normal,0,nominal
2026-01-01 06:42:00,3,60.838,2.041,29.026,1,1,1109.284,1,111.128,0,normal,0,nominal
2026-01-01 06:43:00,1,44.158,2.406,29.069,1,1,1424.027,1,148.021,1,fault,1,leak_progression
2026-01-01 06:43:00,2,66.851,2.72,26.457,1,1,1263.456,1,124.786,0,normal,0,nominal
2026-01-01 06:43:00,3,60.79,2.255,28.72,1,1,1111.357,1,113.662,0,normal,0,nominal
2026-01-01 06:44:00,1,42.728,2.084,29.556,1,1,1433.507,1,143.513,1,fault,1,leak_progression
2026-01-01 06:44:00,2,66.761,2.634,26.094,1,1,1277.868,1,124.35,0,normal,0,nominal
2026-01-01 06:44:00,3,61.359,2.181,28.878,1,1,1119.666,1,113.124,0,normal,0,nominal
2026-01-01 06:45:00,1,41.979,2.495,29.749,1,1,1409.406,1,148.817,1,fault,1,leak_progression
2026-01-01 06:45:00,2,67.374,2.606,26.261,1,1,1265.135,1,123.539,0,normal,0,nominal
2026-01-01 06:45:00,3,61.872,2.15,28.815,1,1,1113.816,1,112.553,0,normal,0,nominal
2026-01-01 06:46:00,1,42.277,2.434,29.494,1,1,1417.712,1,148.206,1,fault,1,leak_progression
2026-01-01 06:46:00,2,67.112,2.394,26.115,1,1,1239.644,1,120.137,0,normal,0,nominal
2026-01-01 06:46:00,3,58.753,2.445,29.073,1,1,1128.996,1,116.52,0,normal,0,nominal
2026-01-01 06:47:00,1,42.355,1.72,29.559,1,1,1406.953,1,136.986,1,fault,1,leak_progression
2026-01-01 06:47:00,2,67.029,3.192,26.135,1,1,1238.357,1,129.269,0,normal,0,nominal
2026-01-01 06:47:00,3,61.07,2.401,29.054,1,1,1106.771,1,115.164,0,normal,0,nominal
2026-01-01 06:48:00,1,42.406,2.057,29.533,1,1,1413.682,1,142.341,1,fault,1,leak_progression
2026-01-01 06:48:00,2,66.039,3.16,26.054,1,1,1267.029,1,129.988,0,normal,0,nominal
2026-01-01 06:48:00,3,60.572,2.359,29.042,1,1,1120.552,1,115.209,0,normal,0,nominal
2026-01-01 06:49:00,1,42.067,2.321,29.592,1,1,1412.331,1,146.293,1,fault,1,leak_progression
2026-01-01 06:49:00,2,66.44,2.968,26.5,1,1,1269.081,1,127.856,0,normal,0,nominal
2026-01-01 06:49:00,3,60.663,2.274,28.926,1,1,1120.938,1,114.242,0,normal,0,nominal
2026-01-01 06:50:00,1,42.162,2.155,29.775,1,1,1413.429,1,143.813,1,fault,1,leak_progression
2026-01-01 06:50:00,2,67.431,2.969,26.919,1,1,1272.409,1,127.999,0,normal,0,nominal
2026-01-01 06:50:00,3,61.195,2.345,28.982,1,1,1126.123,1,115.255,0,normal,0,nominal
2026-01-01 06:51:00,1,40.576,2.156,29.479,1,1,1412.012,1,143.778,1,fault,1,leak_progression
2026-01-01 06:51:00,2,67.24,2.612,26.445,1,1,1277.962,1,124.106,0,normal,0,nominal
2026-01-01 06:51:00,3,63.109,2.346,29.011,1,1,1097.147,1,114.171,0,normal,0,nominal
2026-01-01 06:52:00,1,42.965,2.319,29.67,1,1,1426.33,1,146.794,1,fault,1,leak_progression
2026-01-01 06:52:00,2,67.672,3.096,26.406,1,1,1265.899,1,129.207,0,normal,0,nominal
2026-01-01 06:52:00,3,62.162,2.436,29.0,1,1,1117.826,1,115.988,0,normal,0,nominal
2026-01-01 06:53:00,1,42.768,2.235,29.852,1,1,1417.3,1,145.176,1,fault,1,leak_progression
2026-01-01 06:53:00,2,67.049,2.972,26.053,1,1,1276.709,1,128.196,0,normal,0,nominal
2026-01-01 06:53:00,3,61.663,2.489,28.853,1,1,1110.36,1,116.318,0,normal,0,nominal
2026-01-01 06:54:00,1,43.838,1.954,29.71,1,1,1424.763,1,141.204,1,fault,1,leak_progression
2026-01-01 06:54:00,2,66.57,3.48,26.177,1,1,1231.128,1,132.3,0,normal,0,nominal
2026-01-01 06:54:00,3,59.962,2.335,28.576,1,1,1121.013,1,114.95,0,normal,0,nominal
2026-01-01 06:55:00,1,44.252,2.171,29.258,1,1,1428.197,1,141.868,1,fault,1,leak_progression
2026-01-01 06:55:00,2,66.67,3.124,26.522,1,1,1212.587,1,127.509,0,normal,0,nominal
2026-01-01 06:55:00,3,60.166,2.212,28.883,1,1,1132.429,1,113.97,0,normal,0,nominal
2026-01-01 06:56:00,1,46.593,2.295,28.923,1,1,1422.292,1,140.737,1,fault,1,leak_progression
2026-01-01 06:56:00,2,67.237,3.552,26.126,1,1,1220.787,1,132.737,0,normal,0,nominal
2026-01-01 06:56:00,3,60.325,2.367,28.623,1,1,1108.225,1,114.835,0,normal,0,nominal
2026-01-01 06:57:00,1,51.115,2.486,28.613,1,1,1425.58,1,140.807,1,warning,1,leak_progression
2026-01-01 06:57:00,2,66.943,3.441,26.352,1,1,1235.751,1,132.03,0,normal,0,nominal
2026-01-01 06:57:00,3,62.118,2.505,28.96,1,1,1100.453,1,116.122,0,normal,0,nominal
2026-01-01 06:58:00,1,54.491,2.897,27.602,1,1,1421.015,1,143.351,0,warning,1,leak_progression
2026-01-01 06:58:00,2,66.643,3.21,26.552,1,1,1252.087,1,129.998,0,normal,0,nominal
2026-01-01 06:58:00,3,60.907,2.468,28.946,1,1,1090.77,1,115.329,0,normal,0,nominal
2026-01-01 06:59:00,1,57.283,2.788,26.877,1,1,1423.063,1,139.309,0,warning,1,leak_progression
2026-01-01 06:59:00,2,66.627,2.695,26.376,1,1,1244.087,1,123.767,0,normal,0,nominal
2026-01-01 06:59:00,3,61.284,2.131,28.286,1,1,1095.04,1,111.623,0,normal,0,nominal
2026-01-01 07:00:00,1,60.438,3.143,26.81,1,1,1443.168,1,142.892,0,warning,1,leak_progression
2026-01-01 07:00:00,2,67.252,2.943,26.226,1,1,1253.288,1,126.973,0,normal,0,nominal
2026-01-01 07:00:00,3,60.962,2.11,28.235,1,1,1113.327,1,112.066,0,normal,0,nominal
2026-01-01 07:01:00,1,62.493,3.049,26.659,1,1,1443.135,1,141.729,0,warning,1,leak_progression
2026-01-01 07:01:00,2,67.188,3.2,26.156,1,1,1252.687,1,129.897,0,normal,0,nominal
2026-01-01 07:01:00,3,61.391,2.071,28.772,1,1,1129.584,1,112.246,0,normal,0,nominal
2026-01-01 07:02:00,1,63.834,3.24,26.044,1,1,1433.372,1,143.713,0,warning,1,leak_progression
2026-01-01 07:02:00,2,67.375,2.73,26.159,1,1,1270.993,1,125.187,0,normal,0,nominal
2026-01-01 07:02:00,3,60.223,2.134,28.73,1,1,1110.083,1,112.229,0,normal,0,nominal
2026-01-01 07:03:00,1,65.11,3.344,25.767,1,1,1429.218,1,144.853,0,warning,1,leak_progression
2026-01-01 07:03:00,2,66.989,2.878,26.064,1,1,1255.509,1,126.307,0,normal,0,nominal
2026-01-01 07:03:00,3,60.66,2.145,28.835,1,1,1107.65,1,112.261,0,normal,0,nominal
2026-01-01 07:04:00,1,64.345,3.163,25.811,1,1,1425.851,1,142.479,0,warning,1,leak_progression
2026-01-01 07:04:00,2,67.217,3.277,26.074,1,1,1239.242,1,130.282,0,normal,0,nominal
2026-01-01 07:04:00,3,59.41,2.297,29.048,1,1,1125.472,1,114.687,0,normal,0,nominal
2026-01-01 07:05:00,1,64.395,2.892,25.539,1,1,1437.471,1,139.565,0,warning,1,leak_progression
2026-01-01 07:05:00,2,68.044,2.776,26.37,1,1,1258.867,1,125.266,0,normal,0,nominal
2026-01-01 07:05:00,3,58.994,2.126,28.861,1,1,1100.451,1,111.77,0,normal,0,nominal
2026-01-01 07:06:00,1,66.119,3.398,25.421,1,1,1426.988,1,145.43,0,warning,1,leak_progression
2026-01-01 07:06:00,2,67.161,2.906,26.054,1,1,1257.515,1,126.704,0,normal,0,nominal
2026-01-01 07:06:00,3,60.423,2.335,28.835,1,1,1104.291,1,114.318,0,normal,0,nominal
2026-01-01 07:07:00,1,66.223,2.994,25.291,1,1,1400.005,1,139.406,0,warning,1,leak_progression
2026-01-01 07:07:00,2,68.228,2.886,26.547,1,1,1270.161,1,126.955,0,normal,0,nominal
2026-01-01 07:07:00,3,58.969,2.138,28.849,1,1,1106.126,1,112.114,0,normal,0,nominal
2026-01-01 07:08:00,1,64.308,3.07,25.236,1,1,1405.972,1,140.577,0,warning,1,leak_progression
2026-01-01 07:08:00,2,66.248,2.842,26.399,1,1,1247.638,1,125.599,0,normal,0,nominal
2026-01-01 07:08:00,3,59.005,2.072,28.731,1,1,1113.169,1,111.627,0,normal,0,nominal
2026-01-01 07:09:00,1,64.924,3.148,25.467,1,1,1405.258,1,141.514,0,warning,1,leak_progression
2026-01-01 07:09:00,2,65.669,3.372,26.502,1,1,1244.802,1,131.586,0,normal,0,nominal
2026-01-01 07:09:00,3,60.738,2.191,28.649,1,1,1126.702,1,113.513,0,normal,0,nominal
2026-01-01 07:10:00,1,64.8,3.501,25.527,1,1,1411.667,1,146.131,0,warning,1,leak_progression
2026-01-01 07:10:00,2,65.667,2.875,26.551,1,1,1237.368,1,125.581,0,normal,0,nominal
2026-01-01 07:10:00,3,60.304,1.895,28.556,1,1,1138.175,1,110.545,0,normal,0,nominal
2026-01-01 07:11:00,1,66.046,3.313,25.292,1,1,1412.47,1,143.831,0,warning,1,leak_progression
2026-01-01 07:11:00,2,65.753,2.827,26.47,1,1,1248.703,1,125.458,0,normal,0,nominal
2026-01-01 07:11:00,3,61.797,2.094,28.856,1,1,1103.951,1,111.534,0,normal,0,nominal
2026-01-01 07:12:00,1,65.595,3.245,25.501,1,1,1382.65,1,141.856,0,warning,1,leak_progression
2026-01-01 07:12:00,2,67.74,3.012,26.452,1,1,1255.894,1,127.866,0,normal,0,nominal
2026-01-01 07:12:00,3,60.186,2.557,28.897,1,1,1125.293,1,117.666,0,normal,0,nominal
2026-01-01 07:13:00,1,64.345,3.069,25.654,1,1,1390.617,1,139.973,0,warning,1,leak_progression
2026-01-01 07:13:00,2,67.011,3.171,26.638,1,1,1262.241,1,129.936,0,normal,0,nominal
2026-01-01 07:13:00,3,61.169,2.713,28.907,1,1,1106.772,1,118.751,0,normal,0,nominal
2026-01-01 07:14:00,1,63.639,2.885,25.537,1,1,1399.22,1,138.017,0,warning,1,leak_progression
2026-01-01 07:14:00,2,67.662,3.307,26.645,1,1,1244.604,1,130.828,0,normal,0,nominal
2026-01-01 07:14:00,3,61.326,2.729,28.657,1,1,1129.716,1,119.812,0,normal,0,nominal
2026-01-01 07:15:00,1,64.484,2.853,25.608,1,1,1406.526,1,137.898,0,warning,1,leak_progression
2026-01-01 07:15:00,2,68.287,3.2,26.279,1,1,1272.87,1,130.67,0,normal,0,nominal
2026-01-01 07:15:00,3,60.465,2.473,28.943,1,1,1110.473,1,116.137,0,normal,0,nominal
2026-01-01 07:16:00,1,65.206,2.724,25.614,1,1,1423.986,1,136.973,0,warning,1,leak_progression
2026-01-01 07:16:00,2,67.414,3.157,26.205,1,1,1268.549,1,130.015,0,normal,0,nominal
2026-01-01 07:16:00,3,60.201,2.606,29.053,1,1,1126.223,1,118.264,0,normal,0,nominal
2026-01-01 07:17:00,1,64.371,2.839,25.455,1,1,1416.266,1,138.103,0,warning,1,leak_progression
2026-01-01 07:17:00,2,68.498,3.512,25.92,1,1,1255.114,1,133.588,0,normal,0,nominal
2026-01-01 07:17:00,3,59.66,2.58,29.028,1,1,1135.143,1,118.31,0,normal,0,nominal
2026-01-01 07:18:00,1,66.339,3.168,25.585,1,1,1420.803,1,142.353,0,warning,1,leak_progression
2026-01-01 07:18:00,2,66.944,3.149,26.081,1,1,1264.72,1,129.778,0,normal,0,nominal
2026-01-01 07:18:00,3,59.145,2.628,28.782,1,1,1140.223,1,119.055,0,normal,0,nominal
2026-01-01 07:19:00,1,64.698,3.144,25.496,1,1,1402.051,1,141.339,0,warning,1,leak_progression
2026-01-01 07:19:00,2,65.685,3.075,26.15,1,1,1260.828,1,128.774,0,normal,0,nominal
2026-01-01 07:19:00,3,57.458,2.503,28.368,1,1,1126.82,1,117.1,0,normal,0,nominal
2026-01-01 07:20:00,1,65.102,3.245,25.686,1,1,1402.843,1,142.617,0,warning,1,leak_progression
2026-01-01 07:20:00,2,65.499,3.522,26.587,1,1,1257.769,1,133.794,0,normal,0,nominal
2026-01-01 07:20:00,3,58.883,2.465,28.707,1,1,1104.102,1,115.809,0,normal,0,nominal
2026-01-01 07:21:00,1,65.703,3.341,25.341,1,1,1421.278,1,144.512,0,warning,1,leak_progression
2026-01-01 07:21:00,2,65.556,3.166,26.906,1,1,1266.778,1,130.051,0,normal,0,nominal
2026-01-01 07:21:00,3,60.973,2.356,28.684,1,1,1121.115,1,115.191,0,normal,0,nominal
2026-01-01 07:22:00,1,64.68,3.167,25.298,1,1,1420.444,1,142.317,0,warning,1,leak_progression
2026-01-01 07:22:00,2,65.966,2.702,27.002,1,1,1265.839,1,124.68,0,normal,0,nominal
2026-01-01 07:22:00,3,60.961,2.408,28.75,1,1,1112.574,1,115.464,0,normal,0,nominal
2026-01-01 07:23:00,1,63.353,3.185,25.218,1,1,1419.777,1,142.518,0,warning,1,leak_progression
2026-01-01 07:23:00,2,65.961,2.863,26.559,1,1,1248.945,1,125.883,0,normal,0,nominal
2026-01-01 07:23:00,3,60.274,2.249,29.038,1,1,1114.661,1,113.72,0,normal,0,nominal
2026-01-01 07:24:00,1,64.219,3.175,25.485,1,1,1412.123,1,142.107,0,warning,1,leak_progression
2026-01-01 07:24:00,2,66.588,3.263,26.783,1,1,1254.956,1,130.718,0,normal,0,nominal
2026-01-01 07:24:00,3,60.829,2.441,28.98,1,1,1126.201,1,116.362,0,normal,0,nominal
2026-01-01 07:25:00,1,63.843,3.157,25.719,1,1,1401.49,1,141.481,0,warning,1,leak_progression
2026-01-01 07:25:00,2,66.565,3.368,26.8,1,1,1237.784,1,131.273,0,normal,0,nominal
2026-01-01 07:25:00,3,61.913,2.212,29.0,1,1,1124.565,1,113.666,0,normal,0,nominal
2026-01-01 07:26:00,1,64.449,3.188,25.668,1,1,1414.315,1,142.356,0,warning,1,leak_progression
2026-01-01 07:26:00,2,66.555,3.164,26.61,1,1,1227.276,1,128.518,0,normal,0,nominal
2026-01-01 07:26:00,3,62.026,2.163,28.588,1,1,1124.502,1,113.108,0,normal,0,nominal
2026-01-01 07:27:00,1,63.161,3.365,25.73,1,1,1420.502,1,144.784,0,warning,1,leak_progression
2026-01-01 07:27:00,2,68.434,3.514,26.62,1,1,1236.881,1,132.914,0,normal,0,nominal
2026-01-01 07:27:00,3,62.278,2.224,28.907,1,1,1107.794,1,113.168,0,normal,0,nominal
2026-01-01 07:28:00,1,63.819,3.475,25.803,1,1,1405.521,1,145.577,0,warning,1,leak_progression
2026-01-01 07:28:00,2,66.365,3.171,26.545,1,1,1253.002,1,129.58,0,normal,0,nominal
2026-01-01 07:28:00,3,60.493,2.106,28.948,1,1,1101.551,1,111.577,0,normal,0,nominal
2026-01-01 07:29:00,1,63.878,3.413,25.72,1,1,1415.998,1,145.202,0,warning,1,leak_progression
2026-01-01 07:29:00,2,66.107,3.097,26.293,1,1,1235.87,1,128.076,0,normal,0,nominal
2026-01-01 07:29:00,3,61.072,2.335,29.005,1,1,1105.966,1,114.381,0,normal,0,nominal
2026-01-01 07:30:00,1,64.86,3.249,25.623,1,1,1421.134,1,143.36,0,warning,1,leak_progression
2026-01-01 07:30:00,2,66.684,2.585,26.226,1,1,1241.228,1,122.392,0,normal,0,nominal
2026-01-01 07:30:00,3,60.381,2.648,28.816,1,1,1139.053,1,119.24,0,normal,0,nominal
2026-01-01 07:31:00,1,63.999,3.213,25.552,1,1,1424.784,1,143.054,0,warning,1,leak_progression
2026-01-01 07:31:00,2,66.502,2.608,26.543,1,1,1253.196,1,123.118,0,normal,0,nominal
2026-01-01 07:31:00,3,60.562,2.604,28.713,1,1,1126.833,1,118.269,0,normal,0,nominal
2026-01-01 07:32:00,1,64.121,3.104,25.39,1,1,1430.835,1,141.934,0,warning,1,leak_progression
2026-01-01 07:32:00,2,66.161,2.534,26.6,1,1,1246.989,1,122.029,0,normal,0,nominal
2026-01-01 07:32:00,3,61.943,2.564,28.52,1,1,1109.984,1,117.164,0,normal,0,nominal
2026-01-01 07:33:00,1,63.117,2.651,25.629,1,1,1433.912,1,136.442,0,warning,1,leak_progression
2026-01-01 07:33:00,2,65.78,2.823,26.814,1,1,1233.619,1,124.837,0,normal,0,nominal
2026-01-01 07:33:00,3,61.097,2.613,28.369,1,1,1124.508,1,118.284,0,normal,0,nominal
2026-01-01 07:34:00,1,63.686,3.028,25.798,1,1,1437.103,1,141.233,0,warning,1,leak_progression
2026-01-01 07:34:00,2,65.931,3.203,26.58,1,1,1238.857,1,129.406,0,normal,0,nominal
2026-01-01 07:34:00,3,60.323,2.55,28.486,1,1,1129.906,1,117.76,0,normal,0,nominal
2026-01-01 07:35:00,1,64.413,3.126,25.818,1,1,1441.208,1,142.609,0,warning,1,leak_progression
2026-01-01 07:35:00,2,65.538,3.101,26.837,1,1,1232.849,1,128.004,0,normal,0,nominal
2026-01-01 07:35:00,3,61.617,2.412,28.496,1,1,1125.87,1,116.018,0,normal,0,nominal
2026-01-01 07:36:00,1,64.044,3.52,25.656,1,1,1439.139,1,147.403,0,warning,1,leak_progression
2026-01-01 07:36:00,2,66.57,2.813,26.85,1,1,1254.47,1,125.522,0,normal,0,nominal
2026-01-01 07:36:00,3,61.636,2.373,28.443,1,1,1102.506,1,114.688,0,normal,0,nominal
2026-01-01 07:37:00,1,64.102,3.285,25.553,1,1,1446.234,1,144.77,0,warning,1,leak_progression
2026-01-01 07:37:00,2,66.215,2.772,26.724,1,1,1261.623,1,125.319,0,normal,0,nominal
2026-01-01 07:37:00,3,61.667,2.5,28.628,1,1,1066.718,1,114.788,0,normal,0,nominal
2026-01-01 07:38:00,1,65.17,3.331,25.292,1,1,1432.149,1,144.802,0,warning,1,leak_progression
2026-01-01 07:38:00,2,65.325,3.141,26.758,1,1,1259.846,1,129.491,0,normal,0,nominal
2026-01-01 07:38:00,3,60.164,2.358,28.412,1,1,1091.046,1,114.071,0,normal,0,nominal
2026-01-01 07:39:00,1,65.084,3.064,25.435,1,1,1434.45,1,141.573,0,warning,1,leak_progression
2026-01-01 07:39:00,2,65.84,3.009,26.841,1,1,1262.883,1,128.09,0,normal,0,nominal
2026-01-01 07:39:00,3,61.007,2.493,28.216,1,1,1115.218,1,116.549,0,normal,0,nominal
2026-01-01 07:40:00,1,64.127,3.236,25.723,1,1,1437.139,1,143.808,0,warning,1,leak_progression
2026-01-01 07:40:00,2,66.906,3.08,26.748,1,1,1247.262,1,128.317,0,normal,0,nominal
2026-01-01 07:40:00,3,59.408,2.615,28.506,1,1,1122.978,1,118.249,0,normal,0,nominal
2026-01-01 07:41:00,1,63.254,2.947,25.788,1,1,1419.558,1,139.564,0,warning,1,leak_progression
2026-01-01 07:41:00,2,66.811,3.009,26.223,1,1,1267.504,1,128.265,0,normal,0,nominal
2026-01-01 07:41:00,3,60.173,2.566,28.652,1,1,1118.21,1,117.506,0,normal,0,nominal
2026-01-01 07:42:00,1,63.346,3.147,25.385,1,1,1432.976,1,142.549,0,warning,1,leak_progression
2026-01-01 07:42:00,2,68.165,3.041,26.403,1,1,1263.161,1,128.47,0,normal,0,nominal
2026-01-01 07:42:00,3,59.63,2.434,28.306,1,1,1106.262,1,115.524,0,normal,0,nominal
2026-01-01 07:43:00,1,64.392,2.894,25.661,1,1,1418.653,1,138.867,0,warning,1,leak_progression
2026-01-01 07:43:00,2,67.292,3.099,26.447,1,1,1284.03,1,129.937,0,normal,0,nominal
2026-01-01 07:43:00,3,60.325,2.387,28.301,1,1,1118.704,1,115.463,0,normal,0,nominal
2026-01-01 07:44:00,1,64.472,2.825,25.326,1,1,1433.171,1,138.568,0,warning,1,leak_progression
2026-01-01 07:44:00,2,66.818,3.169,26.346,1,1,1250.206,1,129.45,0,normal,0,nominal
2026-01-01 07:44:00,3,60.92,2.197,28.487,1,1,1135.402,1,113.916,0,normal,0,nominal
2026-01-01 07:45:00,1,65.017,2.955,25.491,1,1,1440.146,1,140.44,0,warning,1,leak_progression
2026-01-01 07:45:00,2,67.286,3.349,26.268,1,1,1247.86,1,131.436,0,normal,0,nominal
2026-01-01 07:45:00,3,61.519,2.343,28.229,1,1,1123.862,1,115.148,0,normal,0,nominal
2026-01-01 07:46:00,1,64.586,3.278,25.709,1,1,1433.218,1,144.179,0,warning,1,leak_progression
2026-01-01 07:46:00,2,68.577,3.454,26.086,1,1,1261.7,1,133.165,0,normal,0,nominal
2026-01-01 07:46:00,3,61.28,2.316,28.088,1,1,1081.933,1,113.247,0,normal,0,nominal
2026-01-01 07:47:00,1,64.539,3.383,25.734,1,1,1439.598,1,145.725,0,warning,1,leak_progression
2026-01-01 07:47:00,2,68.003,3.369,26.295,1,1,1269.348,1,132.477,0,normal,0,nominal
2026-01-01 07:47:00,3,60.389,2.198,28.304,1,1,1109.829,1,112.946,0,normal,0,nominal
2026-01-01 07:48:00,1,64.348,2.995,25.798,1,1,1435.028,1,140.743,0,warning,1,leak_progression
2026-01-01 07:48:00,2,67.956,3.477,26.392,1,1,1255.582,1,133.195,0,normal,0,nominal
2026-01-01 07:48:00,3,60.531,2.501,28.276,1,1,1113.553,1,116.579,0,normal,0,nominal
2026-01-01 07:49:00,1,64.412,3.068,25.57,1,1,1431.884,1,141.531,0,warning,1,leak_progression
2026-01-01 07:49:00,2,67.83,3.418,26.323,1,1,1245.895,1,132.147,0,normal,0,nominal
2026-01-01 07:49:00,3,61.095,2.477,28.568,1,1,1121.34,1,116.599,0,normal,0,nominal
2026-01-01 07:50:00,1,65.13,2.934,25.74,1,1,1432.282,1,139.891,0,warning,1,leak_progression
2026-01-01 07:50:00,2,68.853,3.301,26.367,1,1,1280.875,1,132.137,0,normal,0,nominal
2026-01-01 07:50:00,3,61.548,2.555,28.617,1,1,1116.456,1,117.311,0,normal,0,nominal
2026-01-01 07:51:00,1,64.044,3.561,25.705,1,1,1418.816,1,147.138,0,warning,1,leak_progression
2026-01-01 07:51:00,2,67.841,2.903,26.383,1,1,1255.98,1,126.616,0,normal,0,nominal
2026-01-01 07:51:00,3,61.05,2.423,28.749,1,1,1107.286,1,115.446,0,normal,0,nominal
2026-01-01 07:52:00,1,65.318,3.357,25.947,1,1,1428.462,1,144.978,0,warning,1,leak_progression
2026-01-01 07:52:00,2,67.416,2.864,26.353,1,1,1271.461,1,126.746,0,normal,0,nominal
2026-01-01 07:52:00,3,59.077,2.461,28.857,1,1,1112.265,1,116.064,0,normal,0,nominal
2026-01-01 07:53:00,1,65.985,3.627,26.371,1,1,1435.965,1,148.614,0,warning,1,leak_progression
2026-01-01 07:53:00,2,67.506,2.857,26.134,1,1,1255.491,1,126.066,0,normal,0,nominal
2026-01-01 07:53:00,3,60.499,2.369,28.766,1,1,1102.593,1,114.642,0,normal,0,nominal
2026-01-01 07:54:00,1,65.016,3.185,25.557,1,1,1424.927,1,142.712,0,warning,1,leak_progression
2026-01-01 07:54:00,2,66.98,2.692,26.54,1,1,1247.676,1,123.872,0,normal,0,nominal
2026-01-01 07:54:00,3,60.565,2.625,28.631,1,1,1111.546,1,117.922,0,normal,0,nominal
2026-01-01 07:55:00,1,63.673,3.183,25.405,1,1,1397.189,1,141.642,0,warning,1,leak_progression
2026-01-01 07:55:00,2,66.466,2.777,26.321,1,1,1256.556,1,125.189,0,normal,0,nominal
2026-01-01 07:55:00,3,60.643,2.829,28.838,1,1,1110.317,1,120.229,0,normal,0,nominal
2026-01-01 07:56:00,1,64.736,3.678,25.59,1,1,1439.437,1,149.38,0,warning,1,leak_progression
2026-01-01 07:56:00,2,66.009,2.615,26.43,1,1,1253.677,1,123.208,0,normal,0,nominal
2026-01-01 07:56:00,3,59.102,2.414,28.741,1,1,1102.785,1,115.171,0,normal,0,nominal
2026-01-01 07:57:00,1,64.461,3.48,25.341,1,1,1430.082,1,146.572,0,warning,1,leak_progression
2026-01-01 07:57:00,2,66.218,3.236,26.351,1,1,1249.311,1,130.185,0,normal,0,nominal
2026-01-01 07:57:00,3,58.904,2.308,28.656,1,1,1098.583,1,113.791,0,normal,0,nominal
2026-01-01 07:58:00,1,64.579,3.61,25.646,1,1,1404.718,1,147.22,0,warning,1,leak_progression
2026-01-01 07:58:00,2,66.941,2.971,26.351,1,1,1238.152,1,126.72,0,normal,0,nominal
2026-01-01 07:58:00,3,59.181,2.409,28.789,1,1,1110.961,1,115.421,0,normal,0,nominal
2026-01-01 07:59:00,1,66.187,3.378,25.624,1,1,1412.089,1,144.616,0,warning,1,leak_progression
2026-01-01 07:59:00,2,68.18,2.749,26.589,1,1,1246.251,1,124.477,0,normal,0,nominal
2026-01-01 07:59:00,3,60.282,2.157,28.967,1,1,1102.229,1,112.193,0,normal,0,nominal
2026-01-01 06:00:00,1,74.378,3.531,23.651,1,1,1437.223,1,140.726,0,normal,0,nominal
2026-01-01 06:00:00,2,68.019,3.125,26.063,1,1,1271.05,1,129.734,0,normal,0,nominal
2026-01-01 06:00:00,3,59.672,2.369,29.081,1,1,1120.233,1,115.315,0,normal,0,nominal
2026-01-01 06:01:00,1,74.646,3.352,23.965,1,1,1423.382,1,138.14,0,normal,0,nominal
2026-01-01 06:01:00,2,67.748,3.068,26.203,1,1,1245.621,1,128.115,0,normal,0,nominal
2026-01-01 06:01:00,3,60.13,2.567,28.71,1,1,1116.377,1,117.437,0,normal,0,nominal
2026-01-01 06:02:00,1,74.458,3.444,24.072,1,1,1409.255,1,138.663,0,normal,0,nominal
2026-01-01 06:02:00,2,67.521,3.037,26.173,1,1,1255.32,1,128.122,0,normal,0,nominal
2026-01-01 06:02:00,3,60.512,2.45,28.655,1,1,1142.386,1,117.083,0,normal,0,nominal
2026-01-01 06:03:00,1,73.906,3.374,24.209,1,1,1431.839,1,138.705,0,normal,0,nominal
2026-01-01 06:03:00,2,67.197,3.32,26.301,1,1,1264.123,1,131.719,0,normal,0,nominal
2026-01-01 06:03:00,3,59.808,2.608,28.917,1,1,1109.523,1,117.652,0,normal,0,nominal
2026-01-01 06:04:00,1,74.289,3.485,24.113,1,1,1435.14,1,140.109,0,normal,0,nominal
2026-01-01 06:04:00,2,67.537,2.77,26.143,1,1,1265.031,1,125.426,0,normal,0,nominal
2026-01-01 06:04:00,3,59.887,2.366,28.939,1,1,1111.112,1,114.931,0,normal,0,nominal
2026-01-01 06:05:00,1,73.614,3.663,23.96,1,1,1425.88,1,141.806,0,normal,0,nominal
2026-01-01 06:05:00,2,67.968,3.389,26.242,1,1,1242.239,1,131.679,0,normal,0,nominal
2026-01-01 06:05:00,3,59.915,2.645,28.87,1,1,1142.591,1,119.338,0,normal,0,nominal
2026-01-01 06:06:00,1,74.658,3.459,24.095,1,1,1440.692,1,140.023,0,normal,0,nominal
2026-01-01 06:06:00,2,66.681,3.336,26.359,1,1,1242.339,1,131.075,0,normal,0,nominal
2026-01-01 06:06:00,3,61.619,2.848,28.809,1,1,1125.409,1,121.014,0,normal,0,nominal
2026-01-01 06:07:00,1,74.492,3.506,23.761,1,1,1426.537,1,140.032,0,normal,0,nominal
2026-01-01 06:07:00,2,67.119,2.985,26.415,1,1,1251.148,1,127.374,0,normal,0,nominal
2026-01-01 06:07:00,3,61.263,2.708,29.023,1,1,1106.567,1,118.695,0,normal,0,nominal
2026-01-01 06:08:00,1,74.451,3.652,23.953,1,1,1429.812,1,141.829,0,normal,0,nominal
2026-01-01 06:08:00,2,66.307,2.96,26.289,1,1,1239.695,1,126.651,0,normal,0,nominal
2026-01-01 06:08:00,3,62.633,2.655,29.067,1,1,1102.811,1,117.937,0,normal,0,nominal
2026-01-01 06:09:00,1,73.475,3.742,23.817,1,1,1421.134,1,142.534,0,normal,0,nominal
2026-01-01 06:09:00,2,66.816,3.271,26.344,1,1,1257.117,1,130.893,0,normal,0,nominal
2026-01-01 06:09:00,3,62.405,2.465,29.176,1,1,1126.056,1,116.633,0,normal,0,nominal
2026-01-01 06:10:00,1,72.726,3.6,23.827,1,1,1426.962,1,141.124,0,normal,0,nominal
2026-01-01 06:10:00,2,67.41,2.989,26.348,1,1,1261.116,1,127.8,0,normal,0,nominal
2026-01-01 06:10:00,3,63.183,2.178,29.002,1,1,1110.888,1,112.765,0,normal,0,nominal
2026-01-01 06:11:00,1,73.119,3.644,23.559,1,1,1419.991,1,141.366,0,normal,0,nominal
2026-01-01 06:11:00,2,67.065,3.239,26.274,1,1,1243.071,1,129.985,0,normal,0,nominal
2026-01-01 06:11:00,3,62.357,2.067,29.101,1,1,1097.023,1,110.956,0,normal,0,nominal
2026-01-01 06:12:00,1,73.762,3.816,23.855,1,1,1413.033,1,143.075,0,normal,0,nominal
2026-01-01 06:12:00,2,66.522,3.43,26.126,1,1,1265.248,1,133.027,0,normal,0,nominal
2026-01-01 06:12:00,3,60.774,2.042,29.604,1,1,1098.464,1,110.728,0,normal,0,nominal
2026-01-01 06:13:00,1,73.29,3.95,23.856,1,1,1412.366,1,144.601,0,normal,0,nominal
2026-01-01 06:13:00,2,65.912,3.023,26.145,1,1,1262.455,1,128.237,0,normal,0,nominal
2026-01-01 06:13:00,3,61.211,2.182,29.331,1,1,1117.558,1,113.062,0,normal,0,nominal
2026-01-01 06:14:00,1,72.92,3.751,23.93,1,1,1426.42,1,142.839,0,normal,0,nominal
2026-01-01 06:14:00,2,67.099,2.874,25.974,1,1,1255.149,1,126.248,0,normal,0,nominal
2026-01-01 06:14:00,3,60.274,2.312,29.455,1,1,1116.903,1,114.534,0,normal,0,nominal
2026-01-01 06:15:00,1,74.75,3.64,23.547,1,1,1420.906,1,141.356,0,normal,0,nominal
2026-01-01 06:15:00,2,66.867,3.145,25.959,1,1,1261.074,1,129.586,0,normal,0,nominal
2026-01-01 06:15:00,3,61.583,2.119,29.091,1,1,1122.348,1,112.514,0,normal,0,nominal
2026-01-01 06:16:00,1,74.254,3.416,23.546,1,1,1427.018,1,139.012,0,normal,0,nominal
2026-01-01 06:16:00,2,65.386,3.278,26.252,1,1,1256.578,1,130.95,0,normal,0,nominal
2026-01-01 06:16:00,3,62.532,2.089,28.655,1,1,1122.8,1,112.189,0,normal,0,nominal
2026-01-01 06:17:00,1,73.248,3.594,23.442,1,1,1412.886,1,140.524,0,normal,0,nominal
2026-01-01 06:17:00,2,65.503,3.245,26.394,1,1,1247.504,1,130.219,0,normal,0,nominal
2026-01-01 06:17:00,3,60.939,2.255,28.711,1,1,1116.875,1,113.879,0,normal,0,nominal
2026-01-01 06:18:00,1,74.294,3.502,23.417,1,1,1432.073,1,140.19,0,normal,0,nominal
2026-01-01 06:18:00,2,66.649,2.908,26.322,1,1,1266.438,1,127.072,0,normal,0,nominal
2026-01-01 06:18:00,3,61.47,2.162,28.855,1,1,1129.458,1,113.281,0,normal,0,nominal
2026-01-01 06:19:00,1,75.422,3.962,23.347,1,1,1434.559,1,145.573,0,normal,0,nominal
2026-01-01 06:19:00,2,66.891,2.688,26.164,1,1,1249.281,1,123.881,0,normal,0,nominal
2026-01-01 06:19:00,3,62.331,2.092,28.981,1,1,1130.693,1,112.522,0,normal,0,nominal
2026-01-01 06:20:00,1,74.944,3.243,23.469,1,1,1438.157,1,137.441,0,normal,0,nominal
2026-01-01 06:20:00,2,66.496,2.727,26.139,1,1,1256.142,1,124.595,0,normal,0,nominal
2026-01-01 06:20:00,3,60.888,2.085,28.542,1,1,1132.65,1,112.519,0,normal,0,nominal
2026-01-01 06:21:00,1,73.995,3.708,23.862,1,1,1418.056,1,142.029,0,normal,0,nominal
2026-01-01 06:21:00,2,65.561,2.729,26.039,1,1,1252.59,1,124.487,0,normal,0,nominal
2026-01-01 06:21:00,3,60.638,2.382,28.505,1,1,1124.141,1,115.612,0,normal,0,nominal
2026-01-01 06:22:00,1,74.625,3.801,23.731,1,1,1426.953,1,143.43,0,normal,0,nominal
2026-01-01 06:22:00,2,66.594,3.513,25.978,1,1,1260.474,1,133.802,0,normal,0,nominal
2026-01-01 06:22:00,3,58.696,2.304,29.124,1,1,1124.337,1,114.722,0,normal,0,nominal
2026-01-01 06:23:00,1,75.503,3.705,24.022,1,1,1406.427,1,141.552,0,normal,0,nominal
2026-01-01 06:23:00,2,67.176,3.035,26.209,1,1,1260.383,1,128.297,0,normal,0,nominal
2026-01-01 06:23:00,3,58.611,2.211,29.028,1,1,1128.095,1,113.791,0,normal,0,nominal
2026-01-01 06:24:00,1,73.306,3.518,24.01,1,1,1429.555,1,140.281,0,normal,0,nominal
2026-01-01 06:24:00,2,67.047,3.076,26.769,1,1,1271.939,1,129.211,0,normal,0,nominal
2026-01-01 06:24:00,3,61.565,2.127,28.672,1,1,1128.254,1,112.829,0,normal,0,nominal
2026-01-01 06:25:00,1,73.68,3.642,23.703,1,1,1411.771,1,141.025,0,normal,0,nominal
2026-01-01 06:25:00,2,66.789,3.462,26.478,1,1,1255.56,1,133.021,0,normal,0,nominal
2026-01-01 06:25:00,3,62.94,2.159,28.541,1,1,1125.101,1,113.087,0,normal,0,nominal
2026-01-01 06:26:00,1,73.666,3.639,23.844,1,1,1408.902,1,140.885,0,normal,0,nominal
2026-01-01 06:26:00,2,68.167,2.93,26.547,1,1,1257.332,1,126.972,0,normal,0,nominal
2026-01-01 06:26:00,3,61.444,2.462,28.772,1,1,1123.2,1,116.496,0,normal,0,nominal
2026-01-01 06:27:00,1,73.274,3.65,24.041,1,1,1431.769,1,141.879,0,normal,0,nominal
2026-01-01 06:27:00,2,69.006,3.194,26.18,1,1,1260.888,1,130.149,0,normal,0,nominal
2026-01-01 06:27:00,3,61.235,2.467,29.409,1,1,1114.11,1,116.203,0,normal,0,nominal
2026-01-01 06:28:00,1,74.192,3.887,24.041,1,1,1426.974,1,144.428,0,normal,0,nominal
2026-01-01 06:28:00,2,68.652,2.866,26.522,1,1,1227.611,1,125.108,0,normal,0,nominal
2026-01-01 06:28:00,3,59.675,2.552,29.608,1,1,1105.601,1,116.861,0,normal,0,nominal
2026-01-01 06:29:00,1,74.11,3.832,23.918,1,1,1427.105,1,143.799,0,normal,0,nominal
2026-01-01 06:29:00,2,67.739,3.001,26.612,1,1,1255.927,1,127.739,0,normal,0,nominal
2026-01-01 06:29:00,3,59.096,2.194,29.029,1,1,1116.641,1,113.161,0,normal,0,nominal
2026-01-01 06:30:00,1,74.0,3.602,23.813,1,1,1409.608,1,140.488,0,normal,0,nominal
2026-01-01 06:30:00,2,67.021,2.281,26.528,1,1,1263.332,1,119.736,0,normal,0,nominal
2026-01-01 06:30:00,3,60.419,2.243,29.051,1,1,1093.152,1,112.839,0,normal,0,nominal
2026-01-01 06:31:00,1,74.666,3.468,23.875,1,1,1436.285,1,139.966,0,normal,0,nominal
2026-01-01 06:31:00,2,67.352,2.309,26.561,1,1,1255.375,1,119.759,0,normal,0,nominal
2026-01-01 06:31:00,3,59.954,2.381,28.898,1,1,1094.768,1,114.485,0,normal,0,nominal
2026-01-01 06:32:00,1,73.359,3.96,23.355,1,1,1429.759,1,145.367,0,normal,0,nominal
2026-01-01 06:32:00,2,67.865,2.688,27.003,1,1,1263.627,1,124.425,0,normal,0,nominal
2026-01-01 06:32:00,3,60.722,2.525,28.565,1,1,1104.019,1,116.485,0,normal,0,nominal
2026-01-01 06:33:00,1,73.581,3.904,23.89,1,1,1425.263,1,144.552,0,normal,0,nominal
2026-01-01 06:33:00,2,67.827,2.469,26.483,1,1,1259.399,1,121.746,0,normal,0,nominal
2026-01-01 06:33:00,3,60.106,2.339,28.637,1,1,1093.916,1,113.968,0,normal,0,nominal
2026-01-01 06:34:00,1,74.055,3.684,24.108,1,1,1427.253,1,142.101,0,normal,0,nominal
2026-01-01 06:34:00,2,66.743,2.996,26.339,1,1,1249.859,1,127.449,0,normal,0,nominal
2026-01-01 06:34:00,3,61.124,2.283,28.51,1,1,1099.421,1,113.537,0,normal,0,nominal
2026-01-01 06:35:00,1,73.74,3.908,23.849,1,1,1426.277,1,144.637,0,normal,0,nominal
2026-01-01 06:35:00,2,65.878,2.747,26.198,1,1,1253.125,1,124.708,0,normal,0,nominal
2026-01-01 06:35:00,3,60.556,1.891,28.752,1,1,1127.395,1,110.087,0,normal,0,nominal
2026-01-01 06:36:00,1,70.692,3.451,23.795,1,1,1427.08,1,139.412,0,normal,0,nominal
2026-01-01 06:36:00,2,65.651,2.793,26.214,1,1,1248.395,1,125.054,0,normal,0,nominal
2026-01-01 06:36:00,3,60.25,2.183,28.747,1,1,1105.431,1,112.614,0,normal,0,nominal
2026-01-01 06:37:00,1,73.907,3.747,23.933,1,1,1391.551,1,141.467,0,normal,0,nominal
2026-01-01 06:37:00,2,64.47,2.76,26.185,1,1,1250.873,1,124.777,0,normal,0,nominal
2026-01-01 06:37:00,3,60.578,2.105,28.851,1,1,1103.918,1,111.657,0,normal,0,nominal
2026-01-01 06:38:00,1,74.591,3.781,23.749,1,1,1394.268,1,141.969,0,normal,0,nominal
2026-01-01 06:38:00,2,65.814,3.302,26.154,1,1,1262.316,1,131.437,0,normal,0,nominal
2026-01-01 06:38:00,3,61.801,2.521,28.871,1,1,1106.226,1,116.525,0,normal,0,nominal
2026-01-01 06:39:00,1,73.43,3.682,24.006,1,1,1423.024,1,141.92,0,normal,0,nominal
2026-01-01 06:39:00,2,65.799,3.216,26.191,1,1,1258.205,1,130.3,0,normal,0,nominal
2026-01-01 06:39:00,3,61.699,2.465,28.925,1,1,1108.825,1,115.985,0,normal,0,nominal
2026-01-01 06:40:00,1,73.542,4.294,23.993,1,1,1417.693,1,148.751,0,normal,0,nominal
2026-01-01 06:40:00,2,66.245,3.36,26.506,1,1,1257.824,1,131.939,0,normal,0,nominal
2026-01-01 06:40:00,3,62.361,2.329,29.108,1,1,1106.491,1,114.335,0,normal,0,nominal
2026-01-01 06:41:00,1,75.07,4.099,23.97,1,1,1432.857,1,147.09,0,normal,0,nominal
2026-01-01 06:41:00,2,65.758,3.252,26.355,1,1,1264.02,1,130.927,0,normal,0,nominal
2026-01-01 06:41:00,3,63.245,2.309,29.085,1,1,1136.992,1,115.256,0,normal,0,nominal
2026-01-01 06:42:00,1,74.74,3.721,23.937,1,1,1418.765,1,142.204,0,normal,0,nominal
2026-01-01 06:42:00,2,65.803,2.408,26.454,1,1,1257.033,1,120.963,0,normal,0,nominal
2026-01-01 06:42:00,3,63.235,2.667,29.112,1,1,1107.316,1,118.252,0,normal,0,nominal
2026-01-01 06:43:00,1,73.602,3.789,24.413,1,1,1432.978,1,143.524,0,normal,0,nominal
2026-01-01 06:43:00,2,66.752,2.075,26.369,1,1,1246.569,1,116.734,0,normal,0,nominal
2026-01-01 06:43:00,3,61.659,2.417,29.012,1,1,1117.802,1,115.771,0,normal,0,nominal
2026-01-01 06:44:00,1,74.023,3.623,24.147,1,1,1413.626,1,140.877,0,normal,0,nominal
2026-01-01 06:44:00,2,65.938,2.428,26.452,1,1,1242.195,1,120.63,0,normal,0,nominal
2026-01-01 06:44:00,3,62.149,1.992,29.234,1,1,1107.585,1,110.493,0,normal,0,nominal
2026-01-01 06:45:00,1,74.366,3.646,24.118,1,1,1428.981,1,141.725,0,normal,0,nominal
2026-01-01 06:45:00,2,64.998,2.738,26.395,1,1,1241.707,1,124.171,0,normal,0,nominal
2026-01-01 06:45:00,3,62.046,1.878,29.009,1,1,1128.532,1,109.984,0,normal,0,nominal
2026-01-01 06:46:00,1,74.619,3.617,23.598,1,1,1426.483,1,141.299,0,normal,0,nominal
2026-01-01 06:46:00,2,67.39,2.785,26.328,1,1,1253.984,1,125.182,0,normal,0,nominal
2026-01-01 06:46:00,3,62.443,1.608,28.737,1,1,1130.67,1,106.954,0,normal,0,nominal
2026-01-01 06:47:00,1,75.242,3.73,24.024,1,1,1411.386,1,142.026,0,normal,0,nominal
2026-01-01 06:47:00,2,67.376,2.462,26.552,1,1,1265.949,1,121.922,0,normal,0,nominal
2026-01-01 06:47:00,3,61.738,1.875,28.994,1,1,1133.573,1,110.133,0,normal,0,nominal
2026-01-01 06:48:00,1,74.715,3.965,23.928,1,1,1414.002,1,144.831,0,normal,0,nominal
2026-01-01 06:48:00,2,67.65,2.588,26.6,1,1,1253.355,1,122.89,0,normal,0,nominal
2026-01-01 06:48:00,3,60.481,2.427,28.899,1,1,1118.443,1,115.91,0,normal,0,nominal
2026-01-01 06:49:00,1,74.636,3.673,23.976,1,1,1419.143,1,141.664,0,normal,0,nominal
2026-01-01 06:49:00,2,68.13,2.732,26.412,1,1,1247.559,1,124.328,0,normal,0,nominal
2026-01-01 06:49:00,3,62.405,2.437,28.826,1,1,1112.502,1,115.801,0,normal,0,nominal
2026-01-01 06:50:00,1,74.072,3.481,23.822,1,1,1427.861,1,141.976,0,normal,0,leak_progression
2026-01-01 06:50:00,2,68.12,2.833,26.454,1,1,1239.757,1,125.187,0,normal,0,nominal
2026-01-01 06:50:00,3,62.086,2.21,28.574,1,1,1115.756,1,113.318,0,normal,0,nominal
2026-01-01 06:51:00,1,70.11,3.33,24.277,1,1,1394.573,1,141.114,0,normal,1,leak_progression
2026-01-01 06:51:00,2,67.537,3.072,25.998,1,1,1241.624,1,128.013,0,normal,0,nominal
2026-01-01 06:51:00,3,61.813,2.349,28.816,1,1,1106.231,1,114.555,0,normal,0,nominal
2026-01-01 06:52:00,1,68.795,3.35,24.793,1,1,1397.484,1,143.714,0,warning,1,leak_progression
2026-01-01 06:52:00,2,67.021,2.714,26.307,1,1,1253.928,1,124.359,0,normal,0,nominal
2026-01-01 06:52:00,3,61.819,2.155,28.667,1,1,1117.993,1,112.768,0,normal,0,nominal
2026-01-01 06:53:00,1,66.181,3.017,25.029,1,1,1389.59,1,141.479,0,warning,1,leak_progression
2026-01-01 06:53:00,2,67.323,3.256,26.195,1,1,1267.449,1,131.113,0,normal,0,nominal
2026-01-01 06:53:00,3,60.824,2.488,28.484,1,1,1124.094,1,116.824,0,normal,0,nominal
2026-01-01 06:54:00,1,62.389,3.056,26.065,1,1,1419.182,1,145.364,0,warning,1,leak_progression
2026-01-01 06:54:00,2,67.129,3.129,26.018,1,1,1287.437,1,130.405,0,normal,0,nominal
2026-01-01 06:54:00,3,61.655,2.529,28.656,1,1,1129.454,1,117.506,0,normal,0,nominal
2026-01-01 06:55:00,1,59.521,2.571,26.86,1,1,1429.905,1,141.579,1,warning,1,leak_progression
2026-01-01 06:55:00,2,65.965,2.724,26.196,1,1,1281.886,1,125.543,0,normal,0,nominal
2026-01-01 06:55:00,3,61.545,2.174,28.43,1,1,1123.66,1,113.195,0,normal,0,nominal
2026-01-01 06:56:00,1,56.993,2.728,27.235,1,1,1419.729,1,145.557,1,fault,1,leak_progression
2026-01-01 06:56:00,2,66.936,2.642,26.35,1,1,1251.371,1,123.431,0,normal,0,nominal
2026-01-01 06:56:00,3,61.822,2.032,28.629,1,1,1124.933,1,111.617,0,normal,0,nominal
2026-01-01 06:57:00,1,54.201,2.775,27.513,1,1,1410.52,1,148.193,1,fault,1,leak_progression
2026-01-01 06:57:00,2,67.592,2.617,26.793,1,1,1260.438,1,123.491,0,normal,0,nominal
2026-01-01 06:57:00,3,61.891,2.464,28.482,1,1,1108.538,1,115.957,0,normal,0,nominal
2026-01-01 06:58:00,1,50.666,2.56,28.1,1,1,1415.763,1,147.646,1,fault,1,leak_progression
2026-01-01 06:58:00,2,67.199,2.528,26.777,1,1,1248.58,1,122.019,0,normal,0,nominal
2026-01-01 06:58:00,3,61.548,2.467,28.559,1,1,1106.688,1,115.925,0,normal,0,nominal
2026-01-01 06:59:00,1,46.623,2.288,28.502,1,1,1428.742,1,146.412,1,fault,1,leak_progression
2026-01-01 06:59:00,2,65.935,2.607,26.359,1,1,1226.721,1,122.094,0,normal,0,nominal
2026-01-01 06:59:00,3,59.159,2.328,28.493,1,1,1118.747,1,114.783,0,normal,0,nominal
2026-01-01 07:00:00,1,46.633,2.583,28.735,1,1,1432.884,1,151.03,1,fault,1,leak_progression
2026-01-01 07:00:00,2,67.527,2.881,25.914,1,1,1234.322,1,125.534,0,normal,0,nominal
2026-01-01 07:00:00,3,60.972,2.598,28.651,1,1,1132.441,1,118.406,0,normal,0,nominal
2026-01-01 07:01:00,1,48.753,2.106,28.504,1,1,1437.768,1,143.998,1,fault,1,leak_progression
2026-01-01 07:01:00,2,67.577,3.141,26.241,1,1,1225.438,1,128.192,0,normal,0,nominal
2026-01-01 07:01:00,3,59.569,2.75,28.761,1,1,1138.847,1,120.403,0,normal,0,nominal
2026-01-01 07:02:00,1,46.875,1.749,29.061,1,1,1429.254,1,138.277,1,fault,1,leak_progression
2026-01-01 07:02:00,2,67.254,2.963,26.482,1,1,1218.721,1,125.886,0,normal,0,nominal
2026-01-01 07:02:00,3,60.618,2.831,28.76,1,1,1130.768,1,121.031,0,normal,0,nominal
2026-01-01 07:03:00,1,45.832,2.111,28.858,1,1,1434.825,1,143.971,1,fault,1,leak_progression
2026-01-01 07:03:00,2,66.501,3.167,26.131,1,1,1246.789,1,129.297,0,normal,0,nominal
2026-01-01 07:03:00,3,60.191,2.42,28.623,1,1,1151.97,1,117.109,0,normal,0,nominal
2026-01-01 07:04:00,1,45.48,2.095,29.177,1,1,1423.207,1,143.287,1,fault,1,leak_progression
2026-01-01 07:04:00,2,66.605,2.518,26.378,1,1,1232.651,1,121.293,0,normal,0,nominal
2026-01-01 07:04:00,3,60.007,2.442,28.673,1,1,1116.663,1,116.016,0,normal,0,nominal
2026-01-01 07:05:00,1,43.898,2.368,29.126,1,1,1428.788,1,147.624,1,fault,1,leak_progression
2026-01-01 07:05:00,2,65.425,2.572,26.28,1,1,1245.198,1,122.396,0,normal,0,nominal
2026-01-01 07:05:00,3,60.406,2.537,29.143,1,1,1099.691,1,116.461,0,normal,0,nominal
2026-01-01 07:06:00,1,43.498,2.369,29.514,1,1,1434.309,1,147.847,1,fault,1,leak_progression
2026-01-01 07:06:00,2,66.068,2.687,25.861,1,1,1247.115,1,123.787,0,normal,0,nominal
2026-01-01 07:06:00,3,60.333,2.568,28.732,1,1,1119.341,1,117.569,0,normal,0,nominal
2026-01-01 07:07:00,1,41.894,2.008,29.676,1,1,1435.143,1,142.421,1,fault,1,leak_progression
2026-01-01 07:07:00,2,66.66,2.209,26.019,1,1,1233.327,1,117.765,0,normal,0,nominal
2026-01-01 07:07:00,3,61.512,2.628,28.911,1,1,1105.636,1,117.737,0,normal,0,nominal
2026-01-01 07:08:00,1,42.095,2.463,29.739,1,1,1404.637,1,148.141,1,fault,1,leak_progression
2026-01-01 07:08:00,2,65.424,2.478,26.337,1,1,1250.627,1,121.524,0,normal,0,nominal
2026-01-01 07:08:00,3,60.57,2.176,29.096,1,1,1122.71,1,113.191,0,normal,0,nominal
2026-01-01 07:09:00,1,41.397,2.696,30.078,1,1,1403.891,1,151.636,1,fault,1,leak_progression
2026-01-01 07:09:00,2,66.903,3.185,26.09,1,1,1255.576,1,129.843,0,normal,0,nominal
2026-01-01 07:09:00,3,60.272,2.163,29.007,1,1,1099.008,1,112.137,0,normal,0,nominal
2026-01-01 07:10:00,1,40.22,2.362,30.046,1,1,1431.267,1,147.623,1,fault,1,leak_progression
2026-01-01 07:10:00,2,65.628,3.263,26.383,1,1,1270.506,1,131.308,0,normal,0,nominal
2026-01-01 07:10:00,3,60.132,2.269,29.286,1,1,1108.146,1,113.707,0,normal,0,nominal
2026-01-01 07:11:00,1,40.549,2.434,29.769,1,1,1427.417,1,148.579,1,fault,1,leak_progression
2026-01-01 07:11:00,2,66.904,3.225,26.287,1,1,1257.086,1,130.356,0,normal,0,nominal
2026-01-01 07:11:00,3,59.302,2.324,29.17,1,1,1115.463,1,114.615,0,normal,0,nominal
2026-01-01 07:12:00,1,42.289,2.518,29.913,1,1,1424.841,1,149.742,1,fault,1,leak_progression
2026-01-01 07:12:00,2,66.701,3.327,26.05,1,1,1251.325,1,131.305,0,normal,0,nominal
2026-01-01 07:12:00,3,60.066,2.086,29.232,1,1,1122.469,1,112.144,0,normal,0,nominal
2026-01-01 07:13:00,1,43.17,2.467,29.429,1,1,1458.117,1,150.244,1,fault,1,leak_progression
2026-01-01 07:13:00,2,66.802,3.348,26.278,1,1,1251.831,1,131.571,0,normal,0,nominal
2026-01-01 07:13:00,3,59.115,2.273,29.618,1,1,1104.274,1,113.598,0,normal,0,nominal
2026-01-01 07:14:00,1,41.976,2.74,29.369,1,1,1431.737,1,153.361,1,fault,1,leak_progression
2026-01-01 07:14:00,2,67.534,3.348,26.142,1,1,1251.917,1,131.57,0,normal,0,nominal
2026-01-01 07:14:00,3,59.268,2.282,29.387,1,1,1094.628,1,113.339,0,normal,0,nominal
2026-01-01 07:15:00,1,43.307,2.478,29.429,1,1,1428.522,1,149.285,1,fault,1,leak_progression
2026-01-01 07:15:00,2,64.994,3.529,26.421,1,1,1237.186,1,133.102,0,normal,0,nominal
2026-01-01 07:15:00,3,60.004,2.585,29.107,1,1,1091.768,1,116.709,0,normal,0,nominal
2026-01-01 07:16:00,1,43.38,2.464,29.331,1,1,1423.791,1,148.886,1,fault,1,leak_progression
2026-01-01 07:16:00,2,67.78,3.137,26.558,1,1,1249.626,1,129.065,0,normal,0,nominal
2026-01-01 07:16:00,3,61.446,2.301,28.909,1,1,1085.593,1,113.213,0,normal,0,nominal
2026-01-01 07:17:00,1,43.263,2.323,29.209,1,1,1405.898,1,146.076,1,fault,1,leak_progression
2026-01-01 07:17:00,2,67.161,2.716,26.705,1,1,1270.983,1,125.035,0,normal,0,nominal
2026-01-01 07:17:00,3,61.169,2.016,29.048,1,1,1106.663,1,110.733,0,normal,0,nominal
2026-01-01 07:18:00,1,40.601,2.373,29.428,1,1,1430.667,1,147.768,1,fault,1,leak_progression
2026-01-01 07:18:00,2,66.128,2.312,26.436,1,1,1268.587,1,120.291,0,normal,0,nominal
2026-01-01 07:18:00,3,61.017,1.881,29.186,1,1,1114.195,1,109.475,0,normal,0,nominal
2026-01-01 07:19:00,1,41.609,2.317,29.748,1,1,1429.812,1,146.899,1,fault,1,leak_progression
2026-01-01 07:19:00,2,67.124,3.025,26.224,1,1,1247.881,1,127.703,0,normal,0,nominal
2026-01-01 07:19:00,3,61.889,2.055,29.246,1,1,1104.052,1,111.083,0,normal,0,nominal
2026-01-01 07:20:00,1,43.832,2.554,29.454,1,1,1434.048,1,147.665,1,fault,1,leak_progression
2026-01-01 07:20:00,2,68.002,2.977,25.929,1,1,1259.932,1,127.613,0,normal,0,nominal
2026-01-01 07:20:00,3,62.436,2.439,29.069,1,1,1099.146,1,115.31,0,normal,0,nominal
2026-01-01 07:21:00,1,47.672,2.167,29.425,1,1,1432.015,1,139.314,1,fault,1,leak_progression
2026-01-01 07:21:00,2,67.488,3.407,25.953,1,1,1251.909,1,132.258,0,normal,0,nominal
2026-01-01 07:21:00,3,62.663,2.337,28.97,1,1,1113.591,1,114.691,0,normal,0,nominal
2026-01-01 07:22:00,1,50.006,2.902,29.035,1,1,1438.989,1,146.939,1,warning,1,leak_progression
2026-01-01 07:22:00,2,67.679,3.263,26.106,1,1,1274.902,1,131.467,0,normal,0,nominal
2026-01-01 07:22:00,3,62.348,2.291,29.339,1,1,1104.276,1,113.813,0,normal,0,nominal
2026-01-01 07:23:00,1,54.113,3.088,28.092,1,1,1436.65,1,146.449,0,warning,1,leak_progression
2026-01-01 07:23:00,2,68.032,2.622,26.279,1,1,1261.011,1,123.573,0,normal,0,nominal
2026-01-01 07:23:00,3,63.322,2.286,28.959,1,1,1117.315,1,114.252,0,normal,0,nominal
2026-01-01 07:24:00,1,57.83,3.324,27.678,1,1,1427.725,1,146.264,0,warning,1,leak_progression
2026-01-01 07:24:00,2,67.192,2.925,26.727,1,1,1270.703,1,127.42,0,normal,0,nominal
2026-01-01 07:24:00,3,62.906,2.277,29.143,1,1,1084.001,1,112.881,0,normal,0,nominal
2026-01-01 07:25:00,1,60.965,3.338,26.8,1,1,1440.057,1,145.182,0,warning,1,leak_progression
2026-01-01 07:25:00,2,66.087,2.807,26.689,1,1,1254.591,1,125.46,0,normal,0,nominal
2026-01-01 07:25:00,3,61.843,2.707,28.975,1,1,1116.571,1,119.055,0,normal,0,nominal
2026-01-01 07:26:00,1,63.633,3.462,26.208,1,1,1439.407,1,146.705,0,warning,1,leak_progression
2026-01-01 07:26:00,2,64.925,2.476,26.551,1,1,1262.414,1,121.947,0,normal,0,nominal
2026-01-01 07:26:00,3,59.916,2.206,28.504,1,1,1106.28,1,112.913,0,normal,0,nominal
2026-01-01 07:27:00,1,62.733,3.466,26.105,1,1,1430.888,1,146.431,0,warning,1,leak_progression
2026-01-01 07:27:00,2,65.329,2.392,26.458,1,1,1268.644,1,121.211,0,normal,0,nominal
2026-01-01 07:27:00,3,60.702,2.213,28.583,1,1,1131.326,1,113.942,0,normal,0,nominal
2026-01-01 07:28:00,1,63.027,3.342,25.948,1,1,1428.268,1,144.789,0,warning,1,leak_progression
2026-01-01 07:28:00,2,67.281,2.922,26.401,1,1,1263.474,1,127.121,0,normal,0,nominal
2026-01-01 07:28:00,3,60.837,1.988,29.079,1,1,1123.783,1,111.07,0,normal,0,nominal
2026-01-01 07:29:00,1,63.23,3.152,25.879,1,1,1409.24,1,141.709,0,warning,1,leak_progression
2026-01-01 07:29:00,2,67.824,2.81,26.436,1,1,1258.887,1,125.658,0,normal,0,nominal
2026-01-01 07:29:00,3,60.798,2.073,29.122,1,1,1130.129,1,112.29,0,normal,0,nominal
2026-01-01 07:30:00,1,64.343,3.019,25.803,1,1,1406.339,1,139.949,0,warning,1,leak_progression
2026-01-01 07:30:00,2,68.032,2.343,26.815,1,1,1241.293,1,119.618,0,normal,0,nominal
2026-01-01 07:30:00,3,61.551,2.094,28.87,1,1,1145.904,1,113.127,0,normal,0,nominal
2026-01-01 07:31:00,1,65.364,3.434,25.951,1,1,1427.666,1,145.906,0,warning,1,leak_progression
2026-01-01 07:31:00,2,67.792,2.76,26.733,1,1,1266.418,1,125.361,0,normal,0,nominal
2026-01-01 07:31:00,3,60.772,2.319,29.041,1,1,1127.124,1,115.004,0,normal,0,nominal
2026-01-01 07:32:00,1,65.504,3.381,25.933,1,1,1418.833,1,144.911,0,warning,1,leak_progression
2026-01-01 07:32:00,2,67.575,3.424,26.518,1,1,1278.212,1,133.447,0,normal,0,nominal
2026-01-01 07:32:00,3,62.254,2.183,29.061,1,1,1125.624,1,113.381,0,normal,0,nominal
2026-01-01 07:33:00,1,66.397,3.227,25.768,1,1,1414.445,1,142.834,0,warning,1,leak_progression
2026-01-01 07:33:00,2,66.832,2.995,25.913,1,1,1258.39,1,127.759,0,normal,0,nominal
2026-01-01 07:33:00,3,59.649,2.183,28.921,1,1,1107.465,1,112.693,0,normal,0,nominal
2026-01-01 07:34:00,1,65.119,3.193,25.575,1,1,1436.578,1,143.257,0,warning,1,leak_progression
2026-01-01 07:34:00,2,66.839,2.772,26.077,1,1,1252.133,1,124.96,0,normal,0,nominal
2026-01-01 07:34:00,3,59.643,2.265,29.212,1,1,1114.107,1,113.885,0,normal,0,nominal
2026-01-01 07:35:00,1,64.808,3.169,25.753,1,1,1432.014,1,142.792,0,warning,1,leak_progression
2026-01-01 07:35:00,2,66.466,2.787,25.757,1,1,1246.061,1,124.901,0,normal,0,nominal
2026-01-01 07:35:00,3,60.67,1.901,29.369,1,1,1110.212,1,109.553,0,normal,0,nominal
2026-01-01 07:36:00,1,66.319,3.155,25.566,1,1,1423.162,1,142.274,0,warning,1,leak_progression
2026-01-01 07:36:00,2,66.807,2.895,25.753,1,1,1262.251,1,126.759,0,normal,0,nominal
2026-01-01 07:36:00,3,61.517,2.25,29.34,1,1,1124.532,1,114.103,0,normal,0,nominal
2026-01-01 07:37:00,1,64.075,3.557,25.286,1,1,1424.384,1,147.302,0,warning,1,leak_progression
2026-01-01 07:37:00,2,65.684,2.853,25.91,1,1,1272.311,1,126.661,0,normal,0,nominal
2026-01-01 07:37:00,3,61.803,2.431,29.176,1,1,1117.535,1,115.922,0,normal,0,nominal
2026-01-01 07:38:00,1,64.039,3.377,25.53,1,1,1416.03,1,144.762,0,warning,1,leak_progression
2026-01-01 07:38:00,2,66.86,3.0,26.703,1,1,1275.519,1,128.474,0,normal,0,nominal
2026-01-01 07:38:00,3,60.719,2.014,29.074,1,1,1095.664,1,110.299,0,normal,0,nominal
2026-01-01 07:39:00,1,63.306,3.535,25.626,1,1,1421.957,1,146.939,0,warning,1,leak_progression
2026-01-01 07:39:00,2,67.287,3.074,26.39,1,1,1267.346,1,129.006,0,normal,0,nominal
2026-01-01 07:39:00,3,61.296,2.276,28.888,1,1,1116.258,1,114.091,0,normal,0,nominal
2026-01-01 07:40:00,1,64.072,3.696,25.577,1,1,1424.612,1,149.033,0,warning,1,leak_progression
2026-01-01 07:40:00,2,66.541,3.058,26.254,1,1,1280.976,1,129.343,0,normal,0,nominal
2026-01-01 07:40:00,3,60.708,2.496,28.587,1,1,1094.564,1,115.797,0,normal,0,nominal
2026-01-01 07:41:00,1,62.933,3.486,25.784,1,1,1432.026,1,146.712,0,warning,1,leak_progression
2026-01-01 07:41:00,2,67.309,2.911,26.339,1,1,1267.192,1,127.132,0,normal,0,nominal
2026-01-01 07:41:00,3,60.231,2.497,28.452,1,1,1097.695,1,115.931,0,normal,0,nominal
2026-01-01 07:42:00,1,64.289,3.236,25.622,1,1,1454.012,1,144.45,0,warning,1,leak_progression
2026-01-01 07:42:00,2,67.539,2.812,26.395,1,1,1287.178,1,126.747,0,normal,0,nominal
2026-01-01 07:42:00,3,60.628,2.529,28.4,1,1,1112.936,1,116.875,0,normal,0,nominal
2026-01-01 07:43:00,1,62.51,3.13,25.797,1,1,1440.262,1,142.616,0,warning,1,leak_progression
2026-01-01 07:43:00,2,67.292,3.231,26.416,1,1,1268.915,1,130.875,0,normal,0,nominal
2026-01-01 07:43:00,3,61.37,2.157,28.738,1,1,1105.128,1,112.295,0,normal,0,nominal
2026-01-01 07:44:00,1,62.011,3.392,25.628,1,1,1427.526,1,145.383,0,warning,1,leak_progression
2026-01-01 07:44:00,2,67.871,3.081,26.636,1,1,1268.797,1,129.146,0,normal,0,nominal
2026-01-01 07:44:00,3,60.786,2.309,28.612,1,1,1108.227,1,114.161,0,normal,0,nominal
2026-01-01 07:45:00,1,63.391,3.212,25.852,1,1,1430.025,1,143.241,0,warning,1,leak_progression
2026-01-01 07:45:00,2,66.278,3.822,26.827,1,1,1262.437,1,137.425,0,normal,0,nominal
2026-01-01 07:45:00,3,59.445,2.466,28.757,1,1,1116.071,1,116.269,0,normal,0,nominal
2026-01-01 07:46:00,1,63.695,3.224,26.065,1,1,1420.672,1,143.04,0,warning,1,leak_progression
2026-01-01 07:46:00,2,67.992,3.328,26.772,1,1,1244.18,1,131.052,0,normal,0,nominal
2026-01-01 07:46:00,3,60.654,2.351,28.911,1,1,1107.062,1,114.601,0,normal,0,nominal
2026-01-01 07:47:00,1,64.656,3.378,25.933,1,1,1438.353,1,145.618,0,warning,1,leak_progression
2026-01-01 07:47:00,2,67.628,2.667,26.66,1,1,1262.087,1,124.131,0,normal,0,nominal
2026-01-01 07:47:00,3,59.983,2.614,28.982,1,1,1100.071,1,117.359,0,normal,0,nominal
2026-01-01 07:48:00,1,63.657,3.462,25.516,1,1,1432.263,1,146.422,0,warning,1,leak_progression
2026-01-01 07:48:00,2,66.404,2.904,26.398,1,1,1262.501,1,126.87,0,normal,0,nominal
2026-01-01 07:48:00,3,58.571,2.3,28.842,1,1,1132.814,1,114.998,0,normal,0,nominal
2026-01-01 07:49:00,1,62.359,3.448,25.494,1,1,1443.675,1,146.693,0,warning,1,leak_progression
2026-01-01 07:49:00,2,65.84,2.701,26.82,1,1,1236.113,1,123.538,0,normal,0,nominal
2026-01-01 07:49:00,3,60.837,2.425,28.803,1,1,1134.188,1,116.485,0,normal,0,nominal
2026-01-01 07:50:00,1,62.885,3.424,25.307,1,1,1419.044,1,145.449,0,warning,1,leak_progression
2026-01-01 07:50:00,2,66.473,2.488,26.729,1,1,1250.158,1,121.622,0,normal,0,nominal
2026-01-01 07:50:00,3,61.791,2.748,29.306,1,1,1124.252,1,119.825,0,normal,0,nominal
2026-01-01 07:51:00,1,63.514,3.276,25.485,1,1,1454.53,1,144.966,0,warning,1,leak_progression
2026-01-01 07:51:00,2,65.821,2.907,26.716,1,1,1253.674,1,126.569,0,normal,0,nominal
2026-01-01 07:51:00,3,61.518,2.638,28.8,1,1,1149.744,1,119.526,0,normal,0,nominal
2026-01-01 07:52:00,1,64.056,3.033,25.279,1,1,1454.682,1,141.963,0,warning,1,leak_progression
2026-01-01 07:52:00,2,65.614,3.078,26.706,1,1,1259.288,1,128.748,0,normal,0,nominal
2026-01-01 07:52:00,3,60.892,2.526,28.722,1,1,1146.69,1,118.125,0,normal,0,nominal
2026-01-01 07:53:00,1,63.98,3.018,25.213,1,1,1433.382,1,140.966,0,warning,1,leak_progression
2026-01-01 07:53:00,2,65.697,2.736,26.545,1,1,1262.088,1,124.929,0,normal,0,nominal
2026-01-01 07:53:00,3,61.3,2.586,28.591,1,1,1135.287,1,118.381,0,normal,0,nominal
2026-01-01 07:54:00,1,64.463,3.436,25.438,1,1,1441.955,1,146.471,0,warning,1,leak_progression
2026-01-01 07:54:00,2,65.56,2.65,26.548,1,1,1258.704,1,123.81,0,normal,0,nominal
2026-01-01 07:54:00,3,59.996,2.559,28.676,1,1,1132.179,1,117.954,0,normal,0,nominal
2026-01-01 07:55:00,1,65.092,3.317,25.483,1,1,1431.691,1,144.605,0,warning,1,leak_progression
2026-01-01 07:55:00,2,65.678,2.489,26.523,1,1,1265.385,1,122.208,0,normal,0,nominal
2026-01-01 07:55:00,3,61.051,2.144,29.131,1,1,1126.37,1,112.956,0,normal,0,nominal
2026-01-01 07:56:00,1,65.448,3.221,25.681,1,1,1432.572,1,143.448,0,warning,1,leak_progression
2026-01-01 07:56:00,2,65.194,2.639,26.41,1,1,1260.719,1,123.76,0,normal,0,nominal
2026-01-01 07:56:00,3,59.438,2.403,29.288,1,1,1115.963,1,115.538,0,normal,0,nominal
2026-01-01 07:57:00,1,64.22,3.175,25.546,1,1,1413.547,1,142.162,0,warning,1,leak_progression
2026-01-01 07:57:00,2,65.876,2.574,26.502,1,1,1271.341,1,123.412,0,normal,0,nominal
2026-01-01 07:57:00,3,60.568,2.398,29.113,1,1,1137.912,1,116.323,0,normal,0,nominal
2026-01-01 07:58:00,1,65.353,2.994,25.493,1,1,1418.12,1,140.094,0,warning,1,leak_progression
2026-01-01 07:58:00,2,66.224,2.77,26.615,1,1,1241.351,1,124.53,0,normal,0,nominal
2026-01-01 07:58:00,3,58.738,2.436,29.012,1,1,1126.625,1,116.323,0,normal,0,nominal
2026-01-01 07:59:00,1,64.53,3.158,25.368,1,1,1428.453,1,142.512,0,warning,1,leak_progression
2026-01-01 07:59:00,2,65.618,2.572,26.697,1,1,1253.297,1,122.703,0,normal,0,nominal
2026-01-01 07:59:00,3,59.955,2.379,28.651,1,1,1133.792,1,115.942,0,normal,0,nominal
2026-01-01 06:00:00,1,73.812,3.349,23.351,1,1,1421.632,1,138.037,0,normal,0,nominal
2026-01-01 06:00:00,2,67.886,2.821,26.493,1,1,1263.973,1,125.976,0,normal,0,nominal
2026-01-01 06:00:00,3,62.422,2.218,28.876,1,1,1148.2,1,114.64,0,normal,0,nominal
2026-01-01 06:01:00,1,73.967,3.477,23.4,1,1,1437.456,1,140.11,0,normal,0,nominal
2026-01-01 06:01:00,2,67.342,2.961,26.096,1,1,1242.532,1,126.762,0,normal,0,nominal
2026-01-01 06:01:00,3,61.294,2.046,28.619,1,1,1092.541,1,110.543,0,normal,0,nominal
2026-01-01 06:02:00,1,73.366,3.737,23.35,1,1,1387.507,1,141.204,0,normal,0,nominal
2026-01-01 06:02:00,2,67.107,3.036,26.272,1,1,1243.536,1,127.667,0,normal,0,nominal
2026-01-01 06:02:00,3,61.837,2.325,28.579,1,1,1072.755,1,113.005,0,normal,0,nominal
2026-01-01 06:03:00,1,72.344,3.861,23.389,1,1,1403.696,1,143.237,0,normal,0,nominal
2026-01-01 06:03:00,2,67.158,3.426,26.208,1,1,1242.596,1,132.121,0,normal,0,nominal
2026-01-01 06:03:00,3,61.74,1.956,28.59,1,1,1076.492,1,108.906,0,normal,0,nominal
2026-01-01 06:04:00,1,73.928,3.668,23.505,1,1,1422.61,1,141.746,0,normal,0,nominal
2026-01-01 06:04:00,2,66.641,3.275,25.936,1,1,1262.947,1,131.159,0,normal,0,nominal
2026-01-01 06:04:00,3,61.877,2.207,28.915,1,1,1124.306,1,113.608,0,normal,0,nominal
2026-01-01 06:05:00,1,73.966,3.634,23.435,1,1,1404.814,1,140.672,0,normal,0,nominal
2026-01-01 06:05:00,2,65.345,3.328,26.078,1,1,1263.601,1,133.934,0,normal,0,leak_progression
2026-01-01 06:05:00,3,61.855,1.938,29.111,1,1,1102.341,1,109.681,0,normal,0,nominal
2026-01-01 06:06:00,1,73.536,3.514,23.36,1,1,1409.602,1,139.478,0,normal,0,nominal
2026-01-01 06:06:00,2,62.53,3.023,26.469,1,1,1270.559,1,132.703,0,normal,1,leak_progression
2026-01-01 06:06:00,3,63.164,2.406,28.837,1,1,1106.419,1,115.212,0,normal,0,nominal
2026-01-01 06:07:00,1,74.92,3.675,23.154,1,1,1435.193,1,142.298,0,normal,0,nominal
2026-01-01 06:07:00,2,61.151,2.521,26.941,1,1,1248.201,1,127.769,0,warning,1,leak_progression
2026-01-01 06:07:00,3,61.608,2.255,29.004,1,1,1100.525,1,113.249,0,normal,0,nominal
2026-01-01 06:08:00,1,74.463,3.501,23.283,1,1,1428.865,1,140.053,0,normal,0,nominal
2026-01-01 06:08:00,2,59.974,2.74,27.304,1,1,1251.77,1,132.726,0,warning,1,leak_progression
2026-01-01 06:08:00,3,61.444,2.35,29.014,1,1,1109.229,1,114.672,0,normal,0,nominal
2026-01-01 06:09:00,1,74.303,3.804,23.237,1,1,1446.959,1,144.231,0,normal,0,nominal
2026-01-01 06:09:00,2,56.774,2.238,27.382,1,1,1238.608,1,127.814,0,warning,1,leak_progression
2026-01-01 06:09:00,3,63.012,2.188,28.976,1,1,1111.787,1,112.915,0,normal,0,nominal
2026-01-01 06:10:00,1,73.922,4.03,23.259,1,1,1450.938,1,146.981,0,normal,0,nominal
2026-01-01 06:10:00,2,52.66,2.331,28.116,1,1,1238.002,1,131.062,1,warning,1,leak_progression
2026-01-01 06:10:00,3,62.483,2.486,28.797,1,1,1099.787,1,115.878,0,normal,0,nominal
2026-01-01 06:11:00,1,73.913,3.756,23.228,1,1,1429.071,1,142.998,0,normal,0,nominal
2026-01-01 06:11:00,2,47.966,2.251,28.842,1,1,1224.281,1,131.531,1,fault,1,leak_progression
2026-01-01 06:11:00,3,61.331,2.46,29.032,1,1,1102.307,1,115.673,0,normal,0,nominal
2026-01-01 06:12:00,1,73.9,3.654,23.311,1,1,1429.012,1,141.823,0,normal,0,nominal
2026-01-01 06:12:00,2,44.843,1.542,29.53,1,1,1246.22,1,124.41,1,fault,1,leak_progression
2026-01-01 06:12:00,3,62.74,2.231,28.96,1,1,1099.369,1,112.933,0,normal,0,nominal
2026-01-01 06:13:00,1,74.506,3.877,23.773,1,1,1428.614,1,144.378,0,normal,0,nominal
2026-01-01 06:13:00,2,43.366,1.701,30.153,1,1,1235.838,1,128.22,1,fault,1,leak_progression
2026-01-01 06:13:00,3,63.003,2.093,28.63,1,1,1110.608,1,111.769,0,normal,0,nominal
2026-01-01 06:14:00,1,75.305,3.879,23.943,1,1,1435.493,1,144.657,0,normal,0,nominal
2026-01-01 06:14:00,2,40.389,1.548,30.552,1,1,1234.014,1,127.817,1,fault,1,leak_progression
2026-01-01 06:14:00,3,60.977,2.443,28.576,1,1,1123.731,1,116.293,0,normal,0,nominal
2026-01-01 06:15:00,1,74.973,4.323,24.097,1,1,1404.261,1,148.581,0,normal,0,nominal
2026-01-01 06:15:00,2,38.108,1.25,30.726,1,1,1221.863,1,122.845,1,fault,1,leak_progression
2026-01-01 06:15:00,3,61.3,2.213,28.609,1,1,1110.469,1,113.145,0,normal,0,nominal
2026-01-01 06:16:00,1,73.178,3.886,23.97,1,1,1432.854,1,144.641,0,normal,0,nominal
2026-01-01 06:16:00,2,37.748,1.548,31.05,1,1,1231.137,1,127.714,1,fault,1,leak_progression
2026-01-01 06:16:00,3,62.839,2.395,28.626,1,1,1128.026,1,115.906,0,normal,0,nominal
2026-01-01 06:17:00,1,74.653,3.48,24.133,1,1,1413.059,1,139.213,0,normal,0,nominal
2026-01-01 06:17:00,2,37.363,1.814,31.38,1,1,1245.026,1,132.264,1,fault,1,leak_progression
2026-01-01 06:17:00,3,62.366,2.509,28.463,1,1,1141.664,1,117.739,0,normal,0,nominal
2026-01-01 06:18:00,1,74.002,3.381,24.225,1,1,1415.677,1,138.172,0,normal,0,nominal
2026-01-01 06:18:00,2,36.533,1.976,31.584,1,1,1235.353,1,134.34,1,fault,1,leak_progression
2026-01-01 06:18:00,3,63.56,2.377,28.463,1,1,1142.675,1,116.253,0,normal,0,nominal
2026-01-01 06:19:00,1,74.23,3.835,24.009,1,1,1406.42,1,143.047,0,normal,0,nominal
2026-01-01 06:19:00,2,37.371,2.072,31.958,1,1,1246.261,1,136.213,1,fault,1,leak_progression
2026-01-01 06:19:00,3,61.968,2.458,28.957,1,1,1148.462,1,117.404,0,normal,0,nominal
2026-01-01 06:20:00,1,74.03,3.696,23.981,1,1,1407.001,1,141.474,0,normal,0,nominal
2026-01-01 06:20:00,2,36.896,1.826,31.98,1,1,1270.011,1,133.384,1,fault,1,leak_progression
2026-01-01 06:20:00,3,61.905,2.695,28.97,1,1,1133.957,1,119.585,0,normal,0,nominal
2026-01-01 06:21:00,1,73.012,3.452,24.478,1,1,1436.781,1,139.798,0,normal,0,nominal
2026-01-01 06:21:00,2,36.596,1.797,32.182,1,1,1257.534,1,132.473,1,fault,1,leak_progression
2026-01-01 06:21:00,3,60.733,2.728,28.73,1,1,1126.554,1,119.685,0,normal,0,nominal
2026-01-01 06:22:00,1,73.337,3.394,24.682,1,1,1419.738,1,138.478,0,normal,0,nominal
2026-01-01 06:22:00,2,36.268,2.102,32.162,1,1,1240.416,1,136.439,1,fault,1,leak_progression
2026-01-01 06:22:00,3,61.993,2.571,29.295,1,1,1121.085,1,117.664,0,normal,0,nominal
2026-01-01 06:23:00,1,75.151,3.211,24.347,1,1,1430.336,1,136.777,0,normal,0,nominal
2026-01-01 06:23:00,2,36.833,2.208,32.197,1,1,1227.676,1,137.563,1,fault,1,leak_progression
2026-01-01 06:23:00,3,59.577,2.457,29.459,1,1,1111.755,1,116.0,0,normal,0,nominal
2026-01-01 06:24:00,1,74.462,3.389,24.237,1,1,1452.527,1,139.67,0,normal,0,nominal
2026-01-01 06:24:00,2,36.316,2.324,32.041,1,1,1218.804,1,138.976,1,fault,1,leak_progression
2026-01-01 06:24:00,3,59.696,2.1,29.047,1,1,1104.824,1,111.638,0,normal,0,nominal
2026-01-01 06:25:00,1,75.098,3.379,24.454,1,1,1414.72,1,138.117,0,normal,0,nominal
2026-01-01 06:25:00,2,35.375,2.464,31.783,1,1,1225.925,1,141.37,1,fault,1,leak_progression
2026-01-01 06:25:00,3,60.879,2.264,28.934,1,1,1098.676,1,113.287,0,normal,0,nominal
2026-01-01 06:26:00,1,74.841,3.248,24.329,1,1,1424.754,1,136.996,0,normal,0,nominal
2026-01-01 06:26:00,2,35.772,2.004,32.07,1,1,1242.237,1,135.021,1,fault,1,leak_progression
2026-01-01 06:26:00,3,62.324,2.553,29.125,1,1,1120.434,1,117.438,0,normal,0,nominal
2026-01-01 06:27:00,1,74.88,3.452,23.946,1,1,1405.258,1,138.594,0,normal,0,nominal
2026-01-01 06:27:00,2,35.071,1.824,32.019,1,1,1223.759,1,131.607,1,fault,1,leak_progression
2026-01-01 06:27:00,3,60.91,2.469,28.896,1,1,1123.64,1,116.588,0,normal,0,nominal
2026-01-01 06:28:00,1,74.659,3.438,23.925,1,1,1410.794,1,138.652,0,normal,0,nominal
2026-01-01 06:28:00,2,35.355,1.786,31.772,1,1,1248.723,1,131.97,1,fault,1,leak_progression
2026-01-01 06:28:00,3,60.425,2.167,29.204,1,1,1099.618,1,112.209,0,normal,0,nominal
2026-01-01 06:29:00,1,74.635,3.432,24.118,1,1,1439.923,1,139.683,0,normal,0,nominal
2026-01-01 06:29:00,2,36.061,1.774,31.698,1,1,1258.781,1,132.179,1,fault,1,leak_progression
2026-01-01 06:29:00,3,60.909,2.421,29.178,1,1,1115.829,1,115.74,0,normal,0,nominal
2026-01-01 06:30:00,1,74.839,3.475,24.188,1,1,1439.251,1,140.157,0,normal,0,nominal
2026-01-01 06:30:00,2,36.398,1.765,31.447,1,1,1252.875,1,131.813,1,fault,1,leak_progression
2026-01-01 06:30:00,3,61.748,2.263,28.829,1,1,1101.996,1,113.401,0,normal,0,nominal
2026-01-01 06:31:00,1,74.659,3.427,23.904,1,1,1422.849,1,138.983,0,normal,0,nominal
2026-01-01 06:31:00,2,36.464,1.788,31.903,1,1,1249.925,1,132.045,1,fault,1,leak_progression
2026-01-01 06:31:00,3,61.586,2.242,28.979,1,1,1107.274,1,113.362,0,normal,0,nominal
2026-01-01 06:32:00,1,73.958,3.271,23.485,1,1,1417.408,1,136.981,0,normal,0,nominal
2026-01-01 06:32:00,2,35.688,1.967,31.774,1,1,1227.859,1,133.923,1,fault,1,leak_progression
2026-01-01 06:32:00,3,60.094,2.273,28.838,1,1,1104.436,1,113.605,0,normal,0,nominal
2026-01-01 06:33:00,1,73.793,3.54,23.387,1,1,1432.464,1,140.649,0,normal,0,nominal
2026-01-01 06:33:00,2,36.033,1.847,32.371,1,1,1237.153,1,132.462,1,fault,1,leak_progression
2026-01-01 06:33:00,3,60.701,2.02,29.276,1,1,1110.476,1,110.932,0,normal,0,nominal
2026-01-01 06:34:00,1,73.603,3.536,23.385,1,1,1435.982,1,140.735,0,normal,0,nominal
2026-01-01 06:34:00,2,36.151,1.835,32.415,1,1,1268.098,1,133.456,1,fault,1,leak_progression
2026-01-01 06:34:00,3,61.103,2.144,28.874,1,1,1105.189,1,112.151,0,normal,0,nominal
2026-01-01 06:35:00,1,72.494,3.341,23.427,1,1,1455.515,1,139.226,0,normal,0,nominal
2026-01-01 06:35:00,2,38.548,1.717,32.277,1,1,1270.074,1,129.259,1,fault,1,leak_progression
2026-01-01 06:35:00,3,59.944,1.87,28.986,1,1,1114.007,1,109.333,0,normal,0,nominal
2026-01-01 06:36:00,1,71.8,3.552,23.314,1,1,1430.967,1,140.723,0,normal,0,nominal
2026-01-01 06:36:00,2,41.22,1.909,31.828,1,1,1267.847,1,129.455,1,fault,1,leak_progression
2026-01-01 06:36:00,3,61.051,2.028,29.046,1,1,1098.628,1,110.57,0,normal,0,nominal
2026-01-01 06:37:00,1,73.567,3.772,23.584,1,1,1424.729,1,143.019,0,normal,0,nominal
2026-01-01 06:37:00,2,44.283,2.222,30.988,1,1,1251.439,1,130.616,1,warning,1,leak_progression
2026-01-01 06:37:00,3,61.784,2.102,29.076,1,1,1117.902,1,112.158,0,normal,0,nominal
2026-01-01 06:38:00,1,73.365,3.658,23.551,1,1,1457.452,1,142.955,0,normal,0,nominal
2026-01-01 06:38:00,2,46.677,1.937,30.357,1,1,1256.031,1,124.537,0,warning,1,leak_progression
2026-01-01 06:38:00,3,62.022,2.402,29.001,1,1,1110.533,1,115.322,0,normal,0,nominal
2026-01-01 06:39:00,1,72.419,4.142,23.926,1,1,1429.164,1,147.444,0,normal,0,nominal
2026-01-01 06:39:00,2,51.231,1.738,29.73,1,1,1257.302,1,119.744,0,warning,1,leak_progression
2026-01-01 06:39:00,3,61.19,2.211,28.744,1,1,1138.144,1,114.18,0,normal,0,nominal
2026-01-01 06:40:00,1,73.499,4.151,23.816,1,1,1425.799,1,147.416,0,normal,0,nominal
2026-01-01 06:40:00,2,52.019,2.293,29.159,1,1,1250.288,1,125.021,0,warning,1,leak_progression
2026-01-01 06:40:00,3,60.519,2.208,28.919,1,1,1115.306,1,113.271,0,normal,0,nominal
2026-01-01 06:41:00,1,74.182,3.683,23.994,1,1,1398.821,1,141.012,0,normal,0,nominal
2026-01-01 06:41:00,2,55.606,2.398,28.754,1,1,1229.087,1,125.516,0,warning,1,leak_progression
2026-01-01 06:41:00,3,61.242,2.075,28.873,1,1,1119.252,1,111.892,0,normal,0,nominal
2026-01-01 06:42:00,1,74.288,3.496,23.838,1,1,1408.686,1,139.235,0,normal,0,nominal
2026-01-01 06:42:00,2,56.327,2.575,28.43,1,1,1240.991,1,128.166,0,warning,1,leak_progression
2026-01-01 06:42:00,3,59.422,2.251,28.867,1,1,1097.161,1,113.073,0,normal,0,nominal
2026-01-01 06:43:00,1,73.697,3.508,23.6,1,1,1440.696,1,140.591,0,normal,0,nominal
2026-01-01 06:43:00,2,57.323,2.673,28.31,1,1,1250.56,1,129.742,0,warning,1,leak_progression
2026-01-01 06:43:00,3,60.123,2.201,28.757,1,1,1102.211,1,112.7,0,normal,0,nominal
2026-01-01 06:44:00,1,72.708,3.685,23.897,1,1,1431.339,1,142.272,0,normal,0,nominal
2026-01-01 06:44:00,2,57.072,3.119,28.103,1,1,1245.477,1,135.084,0,warning,1,leak_progression
2026-01-01 06:44:00,3,60.096,2.427,28.812,1,1,1117.115,1,115.863,0,normal,0,nominal
2026-01-01 06:45:00,1,72.679,3.643,24.035,1,1,1431.868,1,141.807,0,normal,0,nominal
2026-01-01 06:45:00,2,57.78,3.007,27.682,1,1,1252.872,1,133.978,0,warning,1,leak_progression
2026-01-01 06:45:00,3,61.107,2.37,28.646,1,1,1098.953,1,114.519,0,normal,0,nominal
2026-01-01 06:46:00,1,73.177,3.3,23.997,1,1,1438.289,1,138.11,0,normal,0,nominal
2026-01-01 06:46:00,2,57.825,2.478,27.727,1,1,1257.153,1,127.574,0,warning,1,leak_progression
2026-01-01 06:46:00,3,61.945,2.386,28.861,1,1,1106.516,1,114.992,0,normal,0,nominal
2026-01-01 06:47:00,1,72.817,3.795,23.702,1,1,1437.438,1,143.766,0,normal,0,nominal
2026-01-01 06:47:00,2,58.01,2.298,27.937,1,1,1260.181,1,125.47,0,warning,1,leak_progression
2026-01-01 06:47:00,3,61.3,3.15,28.871,1,1,1121.175,1,124.334,0,normal,0,nominal
2026-01-01 06:48:00,1,72.814,3.468,24.119,1,1,1441.648,1,140.159,0,normal,0,nominal
2026-01-01 06:48:00,2,58.79,2.416,27.94,1,1,1251.203,1,126.581,0,warning,1,leak_progression
2026-01-01 06:48:00,3,61.234,2.73,28.942,1,1,1135.069,1,120.03,0,normal,0,nominal
2026-01-01 06:49:00,1,73.552,3.924,23.886,1,1,1431.378,1,145.013,0,normal,0,nominal
2026-01-01 06:49:00,2,58.425,2.528,27.92,1,1,1294.256,1,129.611,0,warning,1,leak_progression
2026-01-01 06:49:00,3,60.116,2.321,28.957,1,1,1121.83,1,114.82,0,normal,0,nominal
2026-01-01 06:50:00,1,73.323,3.373,23.906,1,1,1459.789,1,139.762,0,normal,0,nominal
2026-01-01 06:50:00,2,58.572,2.489,27.855,1,1,1258.377,1,127.766,0,warning,1,leak_progression
2026-01-01 06:50:00,3,60.545,2.512,29.008,1,1,1115.84,1,116.785,0,normal,0,nominal
2026-01-01 06:51:00,1,74.265,3.446,24.023,1,1,1439.167,1,139.819,0,normal,0,nominal
2026-01-01 06:51:00,2,58.678,2.391,27.844,1,1,1283.311,1,127.492,0,warning,1,leak_progression
2026-01-01 06:51:00,3,61.443,2.714,28.985,1,1,1117.322,1,119.175,0,normal,0,nominal
2026-01-01 06:52:00,1,72.684,3.349,23.778,1,1,1424.342,1,138.137,0,normal,0,nominal
2026-01-01 06:52:00,2,59.302,2.494,27.806,1,1,1261.066,1,127.924,0,warning,1,leak_progression
2026-01-01 06:52:00,3,60.534,2.572,28.771,1,1,1103.787,1,117.027,0,normal,0,nominal
2026-01-01 06:53:00,1,73.037,3.443,23.985,1,1,1414.263,1,138.831,0,normal,0,nominal
2026-01-01 06:53:00,2,59.537,2.237,27.641,1,1,1259.464,1,124.677,0,warning,1,leak_progression
2026-01-01 06:53:00,3,61.049,2.555,28.769,1,1,1104.815,1,116.867,0,normal,0,nominal
2026-01-01 06:54:00,1,73.062,3.665,23.788,1,1,1415.766,1,141.446,0,normal,0,nominal
2026-01-01 06:54:00,2,58.252,2.63,27.902,1,1,1267.343,1,129.856,0,warning,1,leak_progression
2026-01-01 06:54:00,3,59.414,2.267,28.395,1,1,1111.665,1,113.813,0,normal,0,nominal
2026-01-01 06:55:00,1,72.474,3.626,23.605,1,1,1431.172,1,141.582,0,normal,0,nominal
2026-01-01 06:55:00,2,56.974,2.626,28.025,1,1,1269.308,1,129.873,0,warning,1,leak_progression
2026-01-01 06:55:00,3,59.917,2.401,28.174,1,1,1144.765,1,116.608,0,normal,0,nominal
2026-01-01 06:56:00,1,71.989,4.045,23.535,1,1,1416.994,1,145.867,0,normal,0,nominal
2026-01-01 06:56:00,2,58.802,2.568,27.701,1,1,1273.341,1,129.306,0,warning,1,leak_progression
2026-01-01 06:56:00,3,58.885,2.275,28.305,1,1,1136.58,1,114.849,0,normal,0,nominal
2026-01-01 06:57:00,1,73.827,3.861,23.377,1,1,1432.061,1,144.319,0,normal,0,nominal
2026-01-01 06:57:00,2,58.254,2.565,27.786,1,1,1275.394,1,129.353,0,warning,1,leak_progression
2026-01-01 06:57:00,3,60.793,2.32,28.685,1,1,1131.715,1,115.185,0,normal,0,nominal
2026-01-01 06:58:00,1,74.18,3.617,23.544,1,1,1425.011,1,141.248,0,normal,0,nominal
2026-01-01 06:58:00,2,58.455,2.813,27.725,1,1,1261.75,1,131.9,0,warning,1,leak_progression
2026-01-01 06:58:00,3,58.712,2.504,28.82,1,1,1117.591,1,116.764,0,normal,0,nominal
2026-01-01 06:59:00,1,75.12,4.01,23.683,1,1,1418.104,1,145.499,0,normal,0,nominal
2026-01-01 06:59:00,2,60.807,2.217,28.334,1,1,1236.832,1,123.574,0,warning,1,leak_progression
2026-01-01 06:59:00,3,59.711,2.428,28.81,1,1,1108.461,1,115.544,0,normal,0,nominal
2026-01-01 07:00:00,1,75.646,3.7,23.782,1,1,1412.063,1,141.712,0,normal,0,nominal
2026-01-01 07:00:00,2,59.543,2.312,28.143,1,1,1243.325,1,124.994,0,warning,1,leak_progression
2026-01-01 07:00:00,3,59.091,2.048,29.125,1,1,1113.375,1,111.355,0,normal,0,nominal
2026-01-01 07:01:00,1,74.873,3.681,23.717,1,1,1416.53,1,141.663,0,normal,0,nominal
2026-01-01 07:01:00,2,59.424,2.766,28.136,1,1,1252.184,1,130.955,0,warning,1,leak_progression
2026-01-01 07:01:00,3,59.507,2.119,28.846,1,1,1136.248,1,113.047,0,normal,0,nominal
2026-01-01 07:02:00,1,74.734,3.436,23.763,1,1,1399.189,1,138.184,0,normal,0,nominal
2026-01-01 07:02:00,2,58.848,2.387,28.124,1,1,1251.567,1,126.236,0,warning,1,leak_progression
2026-01-01 07:02:00,3,57.343,2.071,28.864,1,1,1130.762,1,112.29,0,normal,0,nominal
2026-01-01 07:03:00,1,73.572,3.484,23.392,1,1,1384.784,1,138.185,0,normal,0,nominal
2026-01-01 07:03:00,2,59.04,2.612,28.152,1,1,1247.812,1,128.883,0,warning,1,leak_progression
2026-01-01 07:03:00,3,60.41,2.453,29.109,1,1,1133.6,1,116.791,0,normal,0,nominal
2026-01-01 07:04:00,1,72.59,3.569,23.528,1,1,1387.25,1,139.26,0,normal,0,nominal
2026-01-01 07:04:00,2,58.562,2.647,28.012,1,1,1251.503,1,129.456,0,warning,1,leak_progression
2026-01-01 07:04:00,3,61.275,2.319,28.958,1,1,1134.643,1,115.284,0,normal,0,nominal
2026-01-01 07:05:00,1,73.38,3.418,23.83,1,1,1399.36,1,137.984,0,normal,0,nominal
2026-01-01 07:05:00,2,58.587,2.84,27.893,1,1,1257.495,1,132.079,0,warning,1,leak_progression
2026-01-01 07:05:00,3,62.021,2.262,28.988,1,1,1112.119,1,113.769,0,normal,0,nominal
2026-01-01 07:06:00,1,74.783,3.971,23.845,1,1,1385.517,1,143.814,0,normal,0,nominal
2026-01-01 07:06:00,2,55.919,2.702,27.822,1,1,1235.401,1,129.524,0,warning,1,leak_progression
2026-01-01 07:06:00,3,62.317,2.5,29.155,1,1,1114.18,1,116.593,0,normal,0,nominal
2026-01-01 07:07:00,1,74.797,3.61,23.774,1,1,1395.455,1,140.04,0,normal,0,nominal
2026-01-01 07:07:00,2,56.563,2.698,28.088,1,1,1262.85,1,130.522,0,warning,1,leak_progression
2026-01-01 07:07:00,3,61.614,2.183,28.739,1,1,1095.985,1,112.258,0,normal,0,nominal
2026-01-01 07:08:00,1,74.729,3.497,23.537,1,1,1413.197,1,139.414,0,normal,0,nominal
2026-01-01 07:08:00,2,55.923,2.781,28.298,1,1,1237.978,1,130.608,0,warning,1,leak_progression
2026-01-01 07:08:00,3,60.662,2.396,28.651,1,1,1116.371,1,115.472,0,normal,0,nominal
2026-01-01 07:09:00,1,73.954,3.759,23.871,1,1,1427.041,1,142.956,0,normal,0,nominal
2026-01-01 07:09:00,2,56.651,2.83,28.304,1,1,1251.615,1,131.726,0,warning,1,leak_progression
2026-01-01 07:09:00,3,60.206,2.684,28.876,1,1,1112.105,1,118.629,0,normal,0,nominal
2026-01-01 07:10:00,1,73.057,3.485,23.619,1,1,1432.858,1,140.02,0,normal,0,nominal
2026-01-01 07:10:00,2,57.587,2.144,27.927,1,1,1259.19,1,123.512,0,warning,1,leak_progression
2026-01-01 07:10:00,3,60.91,2.675,28.939,1,1,1113.115,1,118.562,0,normal,0,nominal
2026-01-01 07:11:00,1,72.722,3.373,23.51,1,1,1420.696,1,138.276,0,normal,0,nominal
2026-01-01 07:11:00,2,57.293,2.329,28.211,1,1,1250.848,1,125.498,0,warning,1,leak_progression
2026-01-01 07:11:00,3,59.325,2.187,28.786,1,1,1122.679,1,113.313,0,normal,0,nominal
2026-01-01 07:12:00,1,73.775,3.35,23.584,1,1,1417.902,1,137.903,0,normal,0,nominal
2026-01-01 07:12:00,2,57.66,1.857,28.226,1,1,1240.406,1,119.247,0,warning,1,leak_progression
2026-01-01 07:12:00,3,61.324,2.308,28.761,1,1,1124.612,1,114.776,0,normal,0,nominal
2026-01-01 07:13:00,1,73.727,3.67,23.704,1,1,1442.384,1,142.514,0,normal,0,nominal
2026-01-01 07:13:00,2,58.229,1.828,28.365,1,1,1215.722,1,117.947,0,warning,1,leak_progression
2026-01-01 07:13:00,3,60.037,2.419,28.711,1,1,1132.966,1,116.372,0,normal,0,nominal
2026-01-01 07:14:00,1,73.039,3.85,23.434,1,1,1430.819,1,144.151,0,normal,0,nominal
2026-01-01 07:14:00,2,58.713,2.469,28.404,1,1,1228.982,1,126.392,0,warning,1,leak_progression
2026-01-01 07:14:00,3,59.317,2.377,28.501,1,1,1129.926,1,115.774,0,normal,0,nominal
2026-01-01 07:15:00,1,74.517,3.578,23.439,1,1,1425.674,1,140.828,0,normal,0,nominal
2026-01-01 07:15:00,2,58.147,2.588,28.048,1,1,1235.068,1,128.107,0,warning,1,leak_progression
2026-01-01 07:15:00,3,59.589,2.193,28.633,1,1,1127.661,1,113.569,0,normal,0,nominal
2026-01-01 07:16:00,1,72.92,3.59,23.458,1,1,1427.747,1,141.041,0,normal,0,nominal
2026-01-01 07:16:00,2,57.848,2.913,28.067,1,1,1235.247,1,132.139,0,warning,1,leak_progression
2026-01-01 07:16:00,3,60.96,2.223,28.591,1,1,1114.264,1,113.408,0,normal,0,nominal
2026-01-01 07:17:00,1,73.451,3.851,23.377,1,1,1435.617,1,144.335,0,normal,0,nominal
2026-01-01 07:17:00,2,58.722,2.532,27.831,1,1,1242.755,1,127.697,0,warning,1,leak_progression
2026-01-01 07:17:00,3,60.808,2.101,28.703,1,1,1115.42,1,112.053,0,normal,0,nominal
2026-01-01 07:18:00,1,74.792,3.445,23.729,1,1,1428.896,1,139.419,0,normal,0,nominal
2026-01-01 07:18:00,2,57.128,2.523,28.04,1,1,1252.813,1,127.974,0,warning,1,leak_progression
2026-01-01 07:18:00,3,60.069,2.229,28.668,1,1,1115.798,1,113.531,0,normal,0,nominal
2026-01-01 07:19:00,1,74.367,3.728,23.947,1,1,1427.206,1,142.604,0,normal,0,nominal
2026-01-01 07:19:00,2,57.701,2.19,28.054,1,1,1255.162,1,123.938,0,warning,1,leak_progression
2026-01-01 07:19:00,3,60.506,2.171,28.86,1,1,1109.98,1,112.643,0,normal,0,nominal
2026-01-01 07:20:00,1,74.84,3.599,23.782,1,1,1416.499,1,140.72,0,normal,0,nominal
2026-01-01 07:20:00,2,57.972,2.405,27.676,1,1,1246.904,1,126.291,0,warning,1,leak_progression
2026-01-01 07:20:00,3,61.808,2.288,28.843,1,1,1103.553,1,113.742,0,normal,0,nominal
2026-01-01 07:21:00,1,73.97,3.497,23.554,1,1,1425.324,1,139.883,0,normal,0,nominal
2026-01-01 07:21:00,2,58.018,2.584,27.977,1,1,1232.372,1,127.947,0,warning,1,leak_progression
2026-01-01 07:21:00,3,60.486,2.432,28.715,1,1,1116.61,1,115.904,0,normal,0,nominal
2026-01-01 07:22:00,1,75.141,3.529,23.941,1,1,1417.923,1,139.969,0,normal,0,nominal
2026-01-01 07:22:00,2,58.001,2.471,27.865,1,1,1242.923,1,126.947,0,warning,1,leak_progression
2026-01-01 07:22:00,3,60.229,2.609,28.929,1,1,1126.32,1,118.302,0,normal,0,nominal
2026-01-01 07:23:00,1,74.043,3.607,23.826,1,1,1434.929,1,141.506,0,normal,0,nominal
2026-01-01 07:23:00,2,56.699,2.743,27.661,1,1,1242.12,1,130.293,0,warning,1,leak_progression
2026-01-01 07:23:00,3,60.401,2.614,28.832,1,1,1112.518,1,117.839,0,normal,0,nominal
2026-01-01 07:24:00,1,73.672,3.597,23.967,1,1,1426.095,1,141.054,0,normal,0,nominal
2026-01-01 07:24:00,2,57.384,2.697,27.565,1,1,1251.101,1,130.063,0,warning,1,leak_progression
2026-01-01 07:24:00,3,61.564,2.658,28.96,1,1,1112.778,1,118.348,0,normal,0,nominal
2026-01-01 07:25:00,1,73.304,3.819,23.817,1,1,1420.508,1,143.398,0,normal,0,nominal
2026-01-01 07:25:00,2,57.029,2.352,27.864,1,1,1249.304,1,125.714,0,warning,1,leak_progression
2026-01-01 07:25:00,3,61.776,2.595,29.095,1,1,1114.567,1,117.696,0,normal,0,nominal
2026-01-01 07:26:00,1,72.887,3.731,23.742,1,1,1431.158,1,142.795,0,normal,0,nominal
2026-01-01 07:26:00,2,58.185,2.119,27.736,1,1,1256.729,1,123.117,0,warning,1,leak_progression
2026-01-01 07:26:00,3,62.644,2.452,29.259,1,1,1127.736,1,116.556,0,normal,0,nominal
2026-01-01 07:27:00,1,74.108,4.205,23.45,1,1,1415.788,1,147.652,0,normal,0,nominal
2026-01-01 07:27:00,2,57.229,2.261,28.202,1,1,1248.799,1,124.579,0,warning,1,leak_progression
2026-01-01 07:27:00,3,62.939,2.397,29.246,1,1,1120.552,1,115.648,0,normal,0,nominal
2026-01-01 07:28:00,1,72.613,3.71,23.641,1,1,1409.197,1,141.709,0,normal,0,nominal
2026-01-01 07:28:00,2,56.729,1.803,28.36,1,1,1259.501,1,119.306,0,warning,1,leak_progression
2026-01-01 07:28:00,3,63.169,2.294,29.002,1,1,1139.404,1,115.174,0,normal,0,nominal
2026-01-01 07:29:00,1,74.379,3.116,24.057,1,1,1413.311,1,135.035,0,normal,0,nominal
2026-01-01 07:29:00,2,57.789,2.455,28.356,1,1,1244.264,1,126.811,0,warning,1,leak_progression
2026-01-01 07:29:00,3,63.916,2.155,28.726,1,1,1134.532,1,113.392,0,normal,0,nominal
2026-01-01 07:30:00,1,72.312,3.671,24.219,1,1,1391.108,1,140.581,0,normal,0,nominal
2026-01-01 07:30:00,2,59.197,2.111,28.343,1,1,1248.928,1,122.725,0,warning,1,leak_progression
2026-01-01 07:30:00,3,62.422,2.32,28.66,1,1,1118.985,1,114.7,0,normal,0,nominal
2026-01-01 07:31:00,1,72.206,3.984,23.838,1,1,1407.264,1,144.796,0,normal,0,nominal
2026-01-01 07:31:00,2,57.663,1.992,28.453,1,1,1231.791,1,120.591,0,warning,1,leak_progression
2026-01-01 07:31:00,3,62.732,2.404,28.861,1,1,1116.881,1,115.589,0,normal,0,nominal
2026-01-01 07:32:00,1,73.113,3.94,24.087,1,1,1425.733,1,144.989,0,normal,0,nominal
2026-01-01 07:32:00,2,57.414,2.6,28.517,1,1,1238.997,1,128.4,0,warning,1,leak_progression
2026-01-01 07:32:00,3,60.807,2.319,28.825,1,1,1116.108,1,114.579,0,normal,0,nominal
2026-01-01 07:33:00,1,73.66,3.942,24.04,1,1,1432.794,1,145.281,0,normal,0,nominal
2026-01-01 07:33:00,2,57.406,2.605,28.296,1,1,1243.672,1,128.638,0,warning,1,leak_progression
2026-01-01 07:33:00,3,61.768,2.329,29.085,1,1,1116.314,1,114.708,0,normal,0,nominal
2026-01-01 07:34:00,1,72.699,3.999,24.088,1,1,1446.46,1,146.459,0,normal,0,nominal
2026-01-01 07:34:00,2,57.504,2.878,28.315,1,1,1240.895,1,131.913,0,warning,1,leak_progression
2026-01-01 07:34:00,3,61.065,2.338,29.079,1,1,1120.006,1,114.945,0,normal,0,nominal
2026-01-01 07:35:00,1,74.392,4.076,23.652,1,1,1452.986,1,147.587,0,normal,0,nominal
2026-01-01 07:35:00,2,57.365,2.247,28.155,1,1,1289.508,1,125.943,0,warning,1,leak_progression
2026-01-01 07:35:00,3,62.76,2.243,29.202,1,1,1136.413,1,114.473,0,normal,0,nominal
2026-01-01 07:36:00,1,74.472,3.791,23.971,1,1,1440.483,1,143.83,0,normal,0,nominal
2026-01-01 07:36:00,2,56.644,2.171,28.018,1,1,1279.178,1,124.615,0,warning,1,leak_progression
2026-01-01 07:36:00,3,61.484,2.712,29.149,1,1,1124.636,1,119.427,0,normal,0,nominal
2026-01-01 07:37:00,1,75.332,3.648,24.104,1,1,1429.619,1,141.783,0,normal,0,nominal
2026-01-01 07:37:00,2,57.135,2.456,28.044,1,1,1270.233,1,127.81,0,warning,1,leak_progression
2026-01-01 07:37:00,3,60.469,2.436,29.125,1,1,1130.487,1,116.471,0,normal,0,nominal
2026-01-01 07:38:00,1,77.234,3.792,24.327,1,1,1420.391,1,143.079,0,normal,0,nominal
2026-01-01 07:38:00,2,57.047,2.792,27.925,1,1,1257.832,1,131.503,0,warning,1,leak_progression
2026-01-01 07:38:00,3,60.638,2.542,28.462,1,1,1118.924,1,117.25,0,normal,0,nominal
2026-01-01 07:39:00,1,73.028,3.756,24.312,1,1,1414.704,1,142.454,0,normal,0,nominal
2026-01-01 07:39:00,2,57.126,2.743,28.112,1,1,1263.157,1,131.086,0,warning,1,leak_progression
2026-01-01 07:39:00,3,60.785,2.563,29.096,1,1,1124.408,1,117.697,0,normal,0,nominal
2026-01-01 07:40:00,1,73.016,3.667,24.242,1,1,1416.24,1,141.486,0,normal,0,nominal
2026-01-01 07:40:00,2,57.466,2.287,27.982,1,1,1256.518,1,125.187,0,warning,1,leak_progression
2026-01-01 07:40:00,3,58.966,2.404,29.345,1,1,1112.581,1,115.425,0,normal,0,nominal
2026-01-01 07:41:00,1,72.249,4.056,24.261,1,1,1422.296,1,146.196,0,normal,0,nominal
2026-01-01 07:41:00,2,57.266,1.95,27.951,1,1,1268.196,1,121.46,0,warning,1,leak_progression
2026-01-01 07:41:00,3,59.545,2.056,29.173,1,1,1123.698,1,111.847,0,normal,0,nominal
2026-01-01 07:42:00,1,72.909,3.888,24.392,1,1,1440.342,1,144.943,0,normal,0,nominal
2026-01-01 07:42:00,2,57.636,2.438,28.285,1,1,1269.145,1,127.539,0,warning,1,leak_progression
2026-01-01 07:42:00,3,59.885,2.077,29.262,1,1,1128.607,1,112.277,0,normal,0,nominal
2026-01-01 07:43:00,1,73.731,3.806,24.273,1,1,1445.092,1,144.188,0,normal,0,nominal
2026-01-01 07:43:00,2,58.137,2.691,28.162,1,1,1271.139,1,130.753,0,warning,1,leak_progression
2026-01-01 07:43:00,3,60.67,2.431,29.512,1,1,1109.066,1,115.6,0,normal,0,nominal
2026-01-01 07:44:00,1,74.697,3.61,24.244,1,1,1427.121,1,141.24,0,normal,0,nominal
2026-01-01 07:44:00,2,58.646,2.888,28.306,1,1,1262.194,1,132.846,0,warning,1,leak_progression
2026-01-01 07:44:00,3,61.86,2.3,29.622,1,1,1110.947,1,114.17,0,normal,0,nominal
2026-01-01 07:45:00,1,73.462,3.8,23.793,1,1,1416.487,1,143.03,0,normal,0,nominal
2026-01-01 07:45:00,2,58.972,2.515,28.108,1,1,1258.216,1,128.073,0,warning,1,leak_progression
2026-01-01 07:45:00,3,59.812,2.321,29.535,1,1,1110.131,1,114.381,0,normal,0,nominal
2026-01-01 07:46:00,1,74.02,3.955,23.996,1,1,1423.356,1,145.072,0,normal,0,nominal
2026-01-01 07:46:00,2,57.641,2.484,28.003,1,1,1263.668,1,127.902,0,warning,1,leak_progression
2026-01-01 07:46:00,3,60.54,2.335,29.257,1,1,1126.218,1,115.154,0,normal,0,nominal
2026-01-01 07:47:00,1,74.218,3.943,24.074,1,1,1444.506,1,145.738,0,normal,0,nominal
2026-01-01 07:47:00,2,58.095,2.478,28.135,1,1,1260.597,1,127.706,0,warning,1,leak_progression
2026-01-01 07:47:00,3,60.404,2.482,29.043,1,1,1116.134,1,116.451,0,normal,0,nominal
2026-01-01 07:48:00,1,73.549,4.086,24.062,1,1,1425.743,1,146.662,0,normal,0,nominal
2026-01-01 07:48:00,2,57.72,2.636,27.871,1,1,1251.914,1,129.341,0,warning,1,leak_progression
2026-01-01 07:48:00,3,61.119,2.519,29.242,1,1,1129.235,1,117.375,0,normal,0,nominal
2026-01-01 07:49:00,1,73.66,3.842,23.87,1,1,1448.324,1,144.718,0,normal,0,nominal
2026-01-01 07:49:00,2,57.868,2.883,27.916,1,1,1247.869,1,132.241,0,warning,1,leak_progression
2026-01-01 07:49:00,3,62.848,2.459,29.183,1,1,1122.751,1,116.446,0,normal,0,nominal
2026-01-01 07:50:00,1,74.354,3.569,23.849,1,1,1425.42,1,140.705,0,normal,0,nominal
2026-01-01 07:50:00,2,57.671,2.455,27.821,1,1,1277.925,1,128.079,0,warning,1,leak_progression
2026-01-01 07:50:00,3,61.216,2.272,29.139,1,1,1113.588,1,113.943,0,normal,0,nominal
2026-01-01 07:51:00,1,74.794,3.167,23.579,1,1,1421.299,1,135.927,0,normal,0,nominal
2026-01-01 07:51:00,2,57.704,2.317,27.975,1,1,1273.091,1,126.189,0,warning,1,leak_progression
2026-01-01 07:51:00,3,60.679,2.147,28.777,1,1,1121.899,1,112.825,0,normal,0,nominal
2026-01-01 07:52:00,1,74.048,3.3,23.701,1,1,1431.387,1,137.84,0,normal,0,nominal
2026-01-01 07:52:00,2,57.267,2.345,28.055,1,1,1281.733,1,126.868,0,warning,1,leak_progression
2026-01-01 07:52:00,3,61.061,2.378,28.493,1,1,1138.13,1,116.092,0,normal,0,nominal
2026-01-01 07:53:00,1,73.161,2.979,23.943,1,1,1436.125,1,134.333,0,normal,0,nominal
2026-01-01 07:53:00,2,56.255,2.219,27.969,1,1,1263.47,1,124.605,0,warning,1,leak_progression
2026-01-01 07:53:00,3,59.748,2.398,28.771,1,1,1148.729,1,116.731,0,normal,0,nominal
2026-01-01 07:54:00,1,74.505,3.497,24.148,1,1,1430.052,1,140.053,0,normal,0,nominal
2026-01-01 07:54:00,2,56.617,2.172,27.803,1,1,1257.849,1,123.82,0,warning,1,leak_progression
2026-01-01 07:54:00,3,60.698,2.308,28.839,1,1,1135.503,1,115.196,0,normal,0,nominal
2026-01-01 07:55:00,1,73.165,3.519,24.149,1,1,1421.832,1,139.997,0,normal,0,nominal
2026-01-01 07:55:00,2,56.795,2.745,28.346,1,1,1259.42,1,130.974,0,warning,1,leak_progression
2026-01-01 07:55:00,3,58.558,2.281,28.424,1,1,1109.516,1,113.894,0,normal,0,nominal
2026-01-01 07:56:00,1,73.195,3.659,24.281,1,1,1450.774,1,142.708,0,normal,0,nominal
2026-01-01 07:56:00,2,55.862,2.255,28.002,1,1,1237.593,1,124.074,0,warning,1,leak_progression
2026-01-01 07:56:00,3,59.707,2.49,28.442,1,1,1121.345,1,116.748,0,normal,0,nominal
2026-01-01 07:57:00,1,73.914,3.674,24.23,1,1,1456.385,1,143.088,0,normal,0,nominal
2026-01-01 07:57:00,2,56.092,2.65,27.785,1,1,1224.894,1,128.48,0,warning,1,leak_progression
2026-01-01 07:57:00,3,59.515,2.099,28.544,1,1,1121.793,1,112.269,0,normal,0,nominal
2026-01-01 07:58:00,1,73.852,3.328,24.441,1,1,1450.894,1,138.904,0,normal,0,nominal
2026-01-01 07:58:00,2,57.031,2.397,27.774,1,1,1214.74,1,124.962,0,warning,1,leak_progression
2026-01-01 07:58:00,3,61.795,1.958,28.81,1,1,1104.641,1,109.993,0,normal,0,nominal
2026-01-01 07:59:00,1,74.52,3.324,24.293,1,1,1446.328,1,138.689,0,normal,0,nominal
2026-01-01 07:59:00,2,57.282,2.141,27.989,1,1,1214.864,1,121.795,0,warning,1,leak_progression
2026-01-01 07:59:00,3,61.586,2.394,28.911,1,1,1118.346,1,115.523,0,normal,0,nominal
2026-01-01 06:00:00,1,74.055,3.973,23.996,1,1,1409.415,1,144.742,0,normal,0,nominal
2026-01-01 06:00:00,2,67.929,2.552,26.243,1,1,1251.22,1,122.397,0,normal,0,nominal
2026-01-01 06:00:00,3,62.442,2.305,28.253,1,1,1109.463,1,114.173,0,normal,0,nominal
2026-01-01 06:01:00,1,73.922,3.893,24.119,1,1,1414.2,1,144.004,0,normal,0,nominal
2026-01-01 06:01:00,2,68.692,2.878,26.192,1,1,1244.778,1,125.903,0,normal,0,nominal
2026-01-01 06:01:00,3,61.204,2.193,28.536,1,1,1094.034,1,112.292,0,normal,0,nominal
2026-01-01 06:02:00,1,72.332,3.729,23.967,1,1,1421.54,1,142.397,0,normal,0,nominal
2026-01-01 06:02:00,2,68.58,2.834,26.343,1,1,1263.699,1,126.107,0,normal,0,nominal
2026-01-01 06:02:00,3,60.75,2.553,28.803,1,1,1086.64,1,116.155,0,normal,0,nominal
2026-01-01 06:03:00,1,72.694,3.487,24.228,1,1,1432.338,1,140.025,0,normal,0,nominal
2026-01-01 06:03:00,2,68.073,3.218,26.396,1,1,1256.757,1,130.267,0,normal,0,nominal
2026-01-01 06:03:00,3,61.335,2.374,28.7,1,1,1095.214,1,114.417,0,normal,0,nominal
2026-01-01 06:04:00,1,74.435,3.332,24.437,1,1,1426.739,1,138.029,0,normal,0,nominal
2026-01-01 06:04:00,2,67.006,2.983,26.69,1,1,1258.737,1,127.639,0,normal,0,nominal
2026-01-01 06:04:00,3,62.609,2.49,28.597,1,1,1109.003,1,116.273,0,normal,0,nominal
2026-01-01 06:05:00,1,73.007,3.484,24.15,1,1,1429.285,1,139.883,0,normal,0,nominal
2026-01-01 06:05:00,2,67.305,2.897,26.668,1,1,1251.785,1,126.383,0,normal,0,nominal
2026-01-01 06:05:00,3,61.608,2.51,28.651,1,1,1107.698,1,116.452,0,normal,0,nominal
2026-01-01 06:06:00,1,74.225,3.925,23.54,1,1,1430.601,1,144.996,0,normal,0,nominal
2026-01-01 06:06:00,2,67.107,2.782,26.627,1,1,1263.75,1,125.513,0,normal,0,nominal
2026-01-01 06:06:00,3,61.216,2.449,28.475,1,1,1110.904,1,115.876,0,normal,0,nominal
2026-01-01 06:07:00,1,72.739,3.618,23.618,1,1,1430.067,1,141.445,0,normal,0,nominal
2026-01-01 06:07:00,2,67.728,3.127,26.344,1,1,1243.302,1,128.702,0,normal,0,nominal
2026-01-01 06:07:00,3,61.822,2.097,28.629,1,1,1115.382,1,112.006,0,normal,0,nominal
2026-01-01 06:08:00,1,72.673,3.603,23.799,1,1,1410.689,1,140.54,0,normal,0,nominal
2026-01-01 06:08:00,2,67.099,2.577,26.509,1,1,1249.46,1,122.619,0,normal,0,nominal
2026-01-01 06:08:00,3,60.772,2.268,28.597,1,1,1117.061,1,114.033,0,normal,0,nominal
2026-01-01 06:09:00,1,72.648,3.914,23.58,1,1,1404.202,1,143.872,0,normal,0,nominal
2026-01-01 06:09:00,2,67.147,3.026,26.336,1,1,1238.827,1,127.372,0,normal,0,nominal
2026-01-01 06:09:00,3,60.841,2.071,28.792,1,1,1113.716,1,111.64,0,normal,0,nominal
2026-01-01 06:10:00,1,74.223,3.887,23.733,1,1,1409.89,1,143.775,0,normal,0,nominal
2026-01-01 06:10:00,2,68.167,2.907,26.182,1,1,1265.98,1,127.039,0,normal,0,nominal
2026-01-01 06:10:00,3,61.273,2.492,28.871,1,1,1120.992,1,116.757,0,normal,0,nominal
2026-01-01 06:11:00,1,74.929,4.168,23.896,1,1,1412.473,1,147.103,0,normal,0,nominal
2026-01-01 06:11:00,2,68.385,3.277,26.165,1,1,1245.995,1,130.53,0,normal,0,nominal
2026-01-01 06:11:00,3,60.153,2.46,28.886,1,1,1110.169,1,115.975,0,normal,0,nominal
2026-01-01 06:12:00,1,74.654,3.896,23.877,1,1,1411.811,1,143.954,0,normal,0,nominal
2026-01-01 06:12:00,2,66.529,3.2,25.938,1,1,1250.088,1,129.8,0,normal,0,nominal
2026-01-01 06:12:00,3,61.154,2.391,28.79,1,1,1102.471,1,114.892,0,normal,0,nominal
2026-01-01 06:13:00,1,73.651,3.804,24.13,1,1,1413.024,1,142.938,0,normal,0,nominal
2026-01-01 06:13:00,2,67.039,3.01,25.99,1,1,1248.275,1,127.546,0,normal,0,nominal
2026-01-01 06:13:00,3,60.407,2.4,28.472,1,1,1101.143,1,114.946,0,normal,0,nominal
2026-01-01 06:14:00,1,74.652,3.572,23.915,1,1,1433.146,1,141.036,0,normal,0,nominal
2026-01-01 06:14:00,2,65.756,2.771,26.086,1,1,1235.462,1,124.311,0,normal,0,nominal
2026-01-01 06:14:00,3,58.766,2.466,28.818,1,1,1103.05,1,115.773,0,normal,0,nominal
2026-01-01 06:15:00,1,73.959,3.849,23.706,1,1,1436.683,1,144.357,0,normal,0,nominal
2026-01-01 06:15:00,2,66.166,2.776,26.289,1,1,1233.822,1,124.312,0,normal,0,nominal
2026-01-01 06:15:00,3,60.273,2.606,29.044,1,1,1093.236,1,117.017,0,normal,0,nominal
2026-01-01 06:16:00,1,73.939,3.629,23.766,1,1,1431.088,1,141.616,0,normal,0,nominal
2026-01-01 06:16:00,2,67.044,2.89,26.522,1,1,1247.645,1,126.149,0,normal,0,nominal
2026-01-01 06:16:00,3,58.755,2.831,28.75,1,1,1101.776,1,119.926,0,normal,0,nominal
2026-01-01 06:17:00,1,72.655,3.866,23.663,1,1,1440.291,1,144.685,0,normal,0,nominal
2026-01-01 06:17:00,2,67.441,2.727,26.013,1,1,1252.827,1,124.469,0,normal,0,nominal
2026-01-01 06:17:00,3,59.364,2.654,29.147,1,1,1097.294,1,117.718,0,normal,0,nominal
2026-01-01 06:18:00,1,73.524,3.856,23.533,1,1,1442.295,1,144.655,0,normal,0,nominal
2026-01-01 06:18:00,2,66.81,3.195,26.237,1,1,1264.652,1,130.299,0,normal,0,nominal
2026-01-01 06:18:00,3,59.447,2.202,29.009,1,1,1117.224,1,113.283,0,normal,0,nominal
2026-01-01 06:19:00,1,73.875,3.904,23.906,1,1,1438.012,1,145.038,0,normal,0,nominal
2026-01-01 06:19:00,2,67.192,3.691,26.276,1,1,1266.976,1,136.097,0,normal,0,nominal
2026-01-01 06:19:00,3,59.388,2.103,29.176,1,1,1119.515,1,112.229,0,normal,0,nominal
2026-01-01 06:20:00,1,73.427,3.885,24.126,1,1,1422.164,1,144.217,0,normal,0,nominal
2026-01-01 06:20:00,2,66.902,3.54,25.74,1,1,1264.637,1,134.272,0,normal,0,nominal
2026-01-01 06:20:00,3,60.856,2.03,29.132,1,1,1118.125,1,111.333,0,normal,0,nominal
2026-01-01 06:21:00,1,70.551,3.444,24.304,1,1,1430.696,1,139.467,0,normal,0,nominal
2026-01-01 06:21:00,2,66.115,3.417,25.958,1,1,1256.675,1,132.549,0,normal,0,nominal
2026-01-01 06:21:00,3,61.48,2.236,28.905,1,1,1114.805,1,113.581,0,normal,0,nominal
2026-01-01 06:22:00,1,72.665,3.691,24.198,1,1,1418.522,1,141.846,0,normal,0,nominal
2026-01-01 06:22:00,2,65.214,3.238,26.259,1,1,1260.841,1,130.646,0,normal,0,nominal
2026-01-01 06:22:00,3,58.514,2.545,28.753,1,1,1108.858,1,116.903,0,normal,0,nominal
2026-01-01 06:23:00,1,73.488,3.185,24.249,1,1,1398.034,1,135.252,0,normal,0,nominal
2026-01-01 06:23:00,2,66.412,2.813,26.128,1,1,1258.421,1,125.675,0,normal,0,nominal
2026-01-01 06:23:00,3,62.733,2.402,28.943,1,1,1107.532,1,115.209,0,normal,0,nominal
2026-01-01 06:24:00,1,72.991,3.436,24.016,1,1,1410.769,1,138.619,0,normal,0,nominal
2026-01-01 06:24:00,2,70.632,3.174,26.057,1,1,1258.005,1,129.805,0,normal,0,nominal
2026-01-01 06:24:00,3,61.715,2.269,28.872,1,1,1119.536,1,114.138,0,normal,0,nominal
2026-01-01 06:25:00,1,73.154,3.12,23.934,1,1,1443.907,1,136.243,0,normal,0,nominal
2026-01-01 06:25:00,2,66.668,3.253,26.689,1,1,1248.711,1,132.484,0,normal,0,leak_progression
2026-01-01 06:25:00,3,63.446,2.289,28.792,1,1,1112.942,1,114.118,0,normal,0,nominal
2026-01-01 06:26:00,1,71.569,3.479,24.064,1,1,1408.963,1,139.046,0,normal,0,nominal
2026-01-01 06:26:00,2,63.936,2.815,26.715,1,1,1254.014,1,129.558,0,normal,1,leak_progression
2026-01-01 06:26:00,3,62.956,2.433,28.637,1,1,1132.651,1,116.522,0,normal,0,nominal
2026-01-01 06:27:00,1,72.669,3.286,24.149,1,1,1413.237,1,136.996,0,normal,0,nominal
2026-01-01 06:27:00,2,60.08,3.003,26.717,1,1,1262.143,1,134.278,0,warning,1,leak_progression
2026-01-01 06:27:00,3,63.091,2.504,28.977,1,1,1107.652,1,116.392,0,normal,0,nominal
2026-01-01 06:28:00,1,74.584,3.653,24.157,1,1,1398.909,1,140.673,0,normal,0,nominal
2026-01-01 06:28:00,2,58.56,2.666,27.381,1,1,1266.948,1,132.36,0,warning,1,leak_progression
2026-01-01 06:28:00,3,62.039,2.459,29.677,1,1,1120.92,1,116.37,0,normal,0,nominal
2026-01-01 06:29:00,1,73.339,3.807,24.044,1,1,1399.919,1,142.481,0,normal,0,nominal
2026-01-01 06:29:00,2,55.248,2.538,27.714,1,1,1271.902,1,133.001,0,warning,1,leak_progression
2026-01-01 06:29:00,3,61.41,2.487,29.261,1,1,1103.805,1,116.046,0,normal,0,nominal
2026-01-01 06:30:00,1,73.211,3.688,23.81,1,1,1407.619,1,141.406,0,normal,0,nominal
2026-01-01 06:30:00,2,51.42,2.288,28.329,1,1,1257.543,1,131.223,1,warning,1,leak_progression
2026-01-01 06:30:00,3,59.266,2.915,29.221,1,1,1101.852,1,120.888,0,normal,0,nominal
2026-01-01 06:31:00,1,74.012,3.733,23.709,1,1,1424.341,1,142.55,0,normal,0,nominal
2026-01-01 06:31:00,2,46.776,2.149,29.355,1,1,1250.527,1,131.12,1,fault,1,leak_progression
2026-01-01 06:31:00,3,60.06,2.885,29.029,1,1,1105.843,1,120.698,0,normal,0,nominal
2026-01-01 06:32:00,1,74.144,3.593,23.616,1,1,1417.669,1,140.689,0,normal,0,nominal
2026-01-01 06:32:00,2,43.604,2.143,29.934,1,1,1248.744,1,133.058,1,fault,1,leak_progression
2026-01-01 06:32:00,3,60.907,2.528,29.254,1,1,1103.22,1,116.49,0,normal,0,nominal
2026-01-01 06:33:00,1,74.107,3.684,23.501,1,1,1434.282,1,142.367,0,normal,0,nominal
2026-01-01 06:33:00,2,42.328,1.885,30.339,1,1,1268.851,1,132.166,1,fault,1,leak_progression
2026-01-01 06:33:00,3,61.977,2.428,29.316,1,1,1064.384,1,113.87,0,normal,0,nominal
2026-01-01 06:34:00,1,74.384,3.471,23.77,1,1,1420.4,1,139.388,0,normal,0,nominal
2026-01-01 06:34:00,2,39.022,1.76,31.087,1,1,1278.376,1,132.703,1,fault,1,leak_progression
2026-01-01 06:34:00,3,60.944,2.307,29.387,1,1,1103.898,1,113.974,0,normal,0,nominal
2026-01-01 06:35:00,1,73.814,3.446,23.805,1,1,1420.175,1,139.095,0,normal,0,nominal
2026-01-01 06:35:00,2,36.96,1.8,31.29,1,1,1281.384,1,133.435,1,fault,1,leak_progression
2026-01-01 06:35:00,3,61.353,2.354,29.22,1,1,1079.75,1,113.601,0,normal,0,nominal
2026-01-01 06:36:00,1,75.384,4.004,23.818,1,1,1402.676,1,144.852,0,normal,0,nominal
2026-01-01 06:36:00,2,35.7,1.872,31.201,1,1,1256.835,1,133.592,1,fault,1,leak_progression
2026-01-01 06:36:00,3,60.511,2.378,28.999,1,1,1097.852,1,114.563,0,normal,0,nominal
2026-01-01 06:37:00,1,75.059,3.596,23.894,1,1,1411.662,1,140.503,0,normal,0,nominal
2026-01-01 06:37:00,2,37.012,1.426,31.387,1,1,1252.512,1,126.674,1,fault,1,leak_progression
2026-01-01 06:37:00,3,62.843,2.103,29.062,1,1,1086.655,1,110.978,0,normal,0,nominal
2026-01-01 06:38:00,1,72.862,3.835,23.981,1,1,1421.971,1,143.635,0,normal,0,nominal
2026-01-01 06:38:00,2,36.755,1.487,31.974,1,1,1247.916,1,127.428,1,fault,1,leak_progression
2026-01-01 06:38:00,3,60.621,2.119,28.808,1,1,1104.583,1,111.847,0,normal,0,nominal
2026-01-01 06:39:00,1,74.042,3.648,24.142,1,1,1427.207,1,141.684,0,normal,0,nominal
2026-01-01 06:39:00,2,37.392,1.945,31.929,1,1,1233.058,1,133.789,1,fault,1,leak_progression
2026-01-01 06:39:00,3,60.67,2.424,29.004,1,1,1095.956,1,115.021,0,normal,0,nominal
2026-01-01 06:40:00,1,73.965,3.684,23.97,1,1,1415.139,1,141.642,0,normal,0,nominal
2026-01-01 06:40:00,2,37.942,1.831,32.087,1,1,1227.334,1,131.847,1,fault,1,leak_progression
2026-01-01 06:40:00,3,60.93,2.49,29.121,1,1,1103.368,1,116.066,0,normal,0,nominal
2026-01-01 06:41:00,1,73.532,3.939,24.079,1,1,1427.82,1,145.052,0,normal,0,nominal
2026-01-01 06:41:00,2,36.857,2.165,31.959,1,1,1254.113,1,137.921,1,fault,1,leak_progression
2026-01-01 06:41:00,3,59.214,2.515,28.944,1,1,1113.007,1,116.717,0,normal,0,nominal
2026-01-01 06:42:00,1,73.217,3.625,23.623,1,1,1413.988,1,140.916,0,normal,0,nominal
2026-01-01 06:42:00,2,35.176,2.209,32.2,1,1,1234.875,1,137.853,1,fault,1,leak_progression
2026-01-01 06:42:00,3,59.886,2.654,29.182,1,1,1113.671,1,118.338,0,normal,0,nominal
2026-01-01 06:43:00,1,73.626,3.875,23.395,1,1,1407.435,1,143.544,0,normal,0,nominal
2026-01-01 06:43:00,2,34.146,2.025,32.362,1,1,1237.088,1,135.157,1,fault,1,leak_progression
2026-01-01 06:43:00,3,60.629,2.541,28.523,1,1,1107.388,1,116.798,0,normal,0,nominal
2026-01-01 06:44:00,1,72.277,3.743,23.361,1,1,1396.024,1,141.591,0,normal,0,nominal
2026-01-01 06:44:00,2,34.07,1.881,32.193,1,1,1246.111,1,133.318,1,fault,1,leak_progression
2026-01-01 06:44:00,3,60.828,2.375,28.906,1,1,1124.417,1,115.537,0,normal,0,nominal
2026-01-01 06:45:00,1,73.464,3.955,23.406,1,1,1410.99,1,144.598,0,normal,0,nominal
2026-01-01 06:45:00,2,34.95,1.684,32.14,1,1,1252.279,1,130.569,1,fault,1,leak_progression
2026-01-01 06:45:00,3,61.116,2.545,28.868,1,1,1107.177,1,116.844,0,normal,0,nominal
2026-01-01 06:46:00,1,73.767,3.781,23.689,1,1,1427.135,1,143.212,0,normal,0,nominal
2026-01-01 06:46:00,2,35.014,1.814,32.115,1,1,1239.566,1,132.055,1,fault,1,leak_progression
2026-01-01 06:46:00,3,60.265,2.496,28.995,1,1,1121.897,1,116.837,0,normal,0,nominal
2026-01-01 06:47:00,1,72.767,3.71,23.758,1,1,1435.794,1,142.725,0,normal,0,nominal
2026-01-01 06:47:00,2,34.131,1.685,32.093,1,1,1241.564,1,130.17,1,fault,1,leak_progression
2026-01-01 06:47:00,3,61.275,2.562,28.801,1,1,1115.25,1,117.346,0,normal,0,nominal
2026-01-01 06:48:00,1,73.436,3.893,24.017,1,1,1427.226,1,144.499,0,normal,0,nominal
2026-01-01 06:48:00,2,34.455,1.555,31.999,1,1,1230.037,1,127.764,1,fault,1,leak_progression
2026-01-01 06:48:00,3,62.725,2.398,28.742,1,1,1107.835,1,115.18,0,normal,0,nominal
2026-01-01 06:49:00,1,72.271,3.818,24.219,1,1,1428.806,1,143.698,0,normal,0,nominal
2026-01-01 06:49:00,2,35.043,1.687,32.337,1,1,1241.902,1,130.218,1,fault,1,leak_progression
2026-01-01 06:49:00,3,61.248,2.172,28.775,1,1,1115.419,1,112.858,0,normal,0,nominal
2026-01-01 06:50:00,1,71.999,3.748,24.22,1,1,1430.234,1,142.947,0,normal,0,nominal
2026-01-01 06:50:00,2,34.578,1.721,32.468,1,1,1258.324,1,131.354,1,fault,1,leak_progression
2026-01-01 06:50:00,3,59.202,2.182,28.886,1,1,1131.024,1,113.571,0,normal,0,nominal
2026-01-01 06:51:00,1,71.5,4.415,23.894,1,1,1419.426,1,150.216,0,normal,0,nominal
2026-01-01 06:51:00,2,35.483,1.984,32.172,1,1,1260.952,1,135.441,1,fault,1,leak_progression
2026-01-01 06:51:00,3,59.823,2.308,29.02,1,1,1106.062,1,114.073,0,normal,0,nominal
2026-01-01 06:52:00,1,74.002,3.912,23.574,1,1,1430.702,1,144.855,0,normal,0,nominal
2026-01-01 06:52:00,2,35.764,1.676,32.051,1,1,1264.245,1,130.909,1,fault,1,leak_progression
2026-01-01 06:52:00,3,60.131,2.502,28.796,1,1,1112.243,1,116.533,0,normal,0,nominal
2026-01-01 06:53:00,1,73.838,3.608,23.529,1,1,1428.958,1,141.293,0,normal,0,nominal
2026-01-01 06:53:00,2,35.413,1.795,32.431,1,1,1243.638,1,131.912,1,fault,1,leak_progression
2026-01-01 06:53:00,3,59.936,2.372,28.537,1,1,1133.912,1,115.871,0,normal,0,nominal
2026-01-01 06:54:00,1,74.005,4.05,23.68,1,1,1413.346,1,145.784,0,normal,0,nominal
2026-01-01 06:54:00,2,34.95,1.887,32.08,1,1,1262.292,1,134.022,1,fault,1,leak_progression
2026-01-01 06:54:00,3,60.585,2.389,28.348,1,1,1112.391,1,115.246,0,normal,0,nominal
2026-01-01 06:55:00,1,74.236,3.214,23.838,1,1,1422.171,1,136.499,0,normal,0,nominal
2026-01-01 06:55:00,2,37.168,1.68,31.79,1,1,1243.731,1,127.713,1,fault,1,leak_progression
2026-01-01 06:55:00,3,62.329,2.377,28.545,1,1,1102.812,1,114.741,0,normal,0,nominal
2026-01-01 06:56:00,1,74.233,3.355,23.875,1,1,1442.242,1,138.885,0,normal,0,nominal
2026-01-01 06:56:00,2,39.943,1.798,31.479,1,1,1258.783,1,127.547,1,fault,1,leak_progression
2026-01-01 06:56:00,3,62.171,2.403,28.685,1,1,1102.48,1,115.024,0,normal,0,nominal
2026-01-01 06:57:00,1,73.314,3.935,24.08,1,1,1438.259,1,145.408,0,normal,0,nominal
2026-01-01 06:57:00,2,42.764,1.518,30.505,1,1,1265.56,1,121.624,1,warning,1,leak_progression
2026-01-01 06:57:00,3,60.866,2.573,28.729,1,1,1110.398,1,117.282,0,normal,0,nominal
2026-01-01 06:58:00,1,72.967,3.436,24.087,1,1,1450.901,1,140.15,0,normal,0,nominal
2026-01-01 06:58:00,2,46.375,2.09,29.826,1,1,1257.174,1,126.579,0,warning,1,leak_progression
2026-01-01 06:58:00,3,61.089,2.377,29.054,1,1,1116.076,1,115.25,0,normal,0,nominal
2026-01-01 06:59:00,1,73.851,3.827,23.797,1,1,1442.348,1,144.324,0,normal,0,nominal
2026-01-01 06:59:00,2,51.006,2.737,29.005,1,1,1251.07,1,132.127,0,warning,1,leak_progression
2026-01-01 06:59:00,3,60.97,2.256,29.355,1,1,1121.711,1,114.071,0,normal,0,nominal
2026-01-01 07:00:00,1,73.421,3.758,24.047,1,1,1429.349,1,143.03,0,normal,0,nominal
2026-01-01 07:00:00,2,54.371,3.296,28.382,1,1,1235.439,1,136.892,0,warning,1,leak_progression
2026-01-01 07:00:00,3,61.334,2.286,29.145,1,1,1117.06,1,114.236,0,normal,0,nominal
2026-01-01 07:01:00,1,73.546,3.563,24.009,1,1,1416.746,1,140.309,0,normal,0,nominal
2026-01-01 07:01:00,2,56.74,2.904,28.389,1,1,1251.442,1,132.645,0,warning,1,leak_progression
2026-01-01 07:01:00,3,60.357,2.388,29.207,1,1,1104.309,1,114.924,0,normal,0,nominal
2026-01-01 07:02:00,1,74.604,3.313,24.151,1,1,1424.683,1,137.741,0,normal,0,nominal
2026-01-01 07:02:00,2,57.906,2.842,28.092,1,1,1251.91,1,131.886,0,warning,1,leak_progression
2026-01-01 07:02:00,3,62.501,2.33,28.885,1,1,1093.928,1,113.86,0,normal,0,nominal
2026-01-01 07:03:00,1,74.149,3.11,23.792,1,1,1412.066,1,134.918,0,normal,0,nominal
2026-01-01 07:03:00,2,57.495,2.67,27.988,1,1,1259.18,1,130.039,0,warning,1,leak_progression
2026-01-01 07:03:00,3,60.871,2.486,29.163,1,1,1095.628,1,115.721,0,normal,0,nominal
2026-01-01 07:04:00,1,73.778,3.263,23.818,1,1,1436.706,1,137.615,0,normal,0,nominal
2026-01-01 07:04:00,2,56.898,2.648,28.05,1,1,1255.374,1,129.614,0,warning,1,leak_progression
2026-01-01 07:04:00,3,61.242,2.384,29.092,1,1,1107.78,1,115.008,0,normal,0,nominal
2026-01-01 07:05:00,1,73.276,3.629,23.675,1,1,1424.345,1,141.361,0,normal,0,nominal
2026-01-01 07:05:00,2,56.211,2.416,27.992,1,1,1258.074,1,126.845,0,warning,1,leak_progression
2026-01-01 07:05:00,3,61.433,2.251,29.252,1,1,1117.083,1,113.838,0,normal,0,nominal
2026-01-01 07:06:00,1,73.681,3.845,23.481,1,1,1395.086,1,142.736,0,normal,0,nominal
2026-01-01 07:06:00,2,56.392,2.51,27.627,1,1,1257.399,1,127.984,0,warning,1,leak_progression
2026-01-01 07:06:00,3,60.13,1.925,28.937,1,1,1136.128,1,110.811,0,normal,0,nominal
2026-01-01 07:07:00,1,74.761,3.831,23.678,1,1,1428.139,1,143.822,0,normal,0,nominal
2026-01-01 07:07:00,2,55.033,2.253,27.442,1,1,1263.445,1,125.027,0,warning,1,leak_progression
2026-01-01 07:07:00,3,60.764,1.959,28.821,1,1,1092.398,1,109.544,0,normal,0,nominal
2026-01-01 07:08:00,1,73.248,3.849,23.653,1,1,1440.343,1,144.5,0,normal,0,nominal
2026-01-01 07:08:00,2,56.809,2.169,27.324,1,1,1254.565,1,123.648,0,warning,1,leak_progression
2026-01-01 07:08:00,3,60.165,2.134,28.815,1,1,1086.441,1,111.326,0,normal,0,nominal
2026-01-01 07:09:00,1,73.931,3.986,24.01,1,1,1408.586,1,144.87,0,normal,0,nominal
2026-01-01 07:09:00,2,56.201,2.285,27.269,1,1,1244.749,1,124.721,0,warning,1,leak_progression
2026-01-01 07:09:00,3,60.774,2.25,29.063,1,1,1098.309,1,113.116,0,normal,0,nominal
2026-01-01 07:10:00,1,73.742,3.844,24.084,1,1,1375.975,1,141.989,0,normal,0,nominal
2026-01-01 07:10:00,2,57.282,1.936,27.618,1,1,1238.002,1,120.136,0,warning,1,leak_progression
2026-01-01 07:10:00,3,61.741,2.314,28.929,1,1,1109.787,1,114.286,0,normal,0,nominal
2026-01-01 07:11:00,1,73.207,3.896,24.145,1,1,1413.023,1,144.003,0,normal,0,nominal
2026-01-01 07:11:00,2,58.533,2.108,27.835,1,1,1253.593,1,122.864,0,warning,1,leak_progression
2026-01-01 07:11:00,3,63.091,2.096,28.837,1,1,1106.475,1,111.646,0,normal,0,nominal
2026-01-01 07:12:00,1,74.598,3.492,24.169,1,1,1423.606,1,139.751,0,normal,0,nominal
2026-01-01 07:12:00,2,57.853,3.016,27.658,1,1,1245.115,1,133.785,0,warning,1,leak_progression
2026-01-01 07:12:00,3,62.634,2.354,28.692,1,1,1107.73,1,114.663,0,normal,0,nominal
2026-01-01 07:13:00,1,73.501,4.003,24.103,1,1,1417.157,1,145.384,0,normal,0,nominal
2026-01-01 07:13:00,2,57.574,2.519,27.614,1,1,1245.084,1,127.635,0,warning,1,leak_progression
2026-01-01 07:13:00,3,60.517,2.342,28.907,1,1,1093.275,1,113.974,0,normal,0,nominal
2026-01-01 07:14:00,1,73.01,4.002,23.997,1,1,1428.022,1,145.783,0,normal,0,nominal
2026-01-01 07:14:00,2,58.617,1.91,27.881,1,1,1241.782,1,119.96,0,warning,1,leak_progression
2026-01-01 07:14:00,3,61.496,2.514,29.104,1,1,1094.272,1,115.989,0,normal,0,nominal
2026-01-01 07:15:00,1,74.104,3.901,24.1,1,1,1422.557,1,144.413,0,normal,0,nominal
2026-01-01 07:15:00,2,57.334,2.241,28.073,1,1,1268.75,1,125.084,0,warning,1,leak_progression
2026-01-01 07:15:00,3,62.335,2.378,28.844,1,1,1105.507,1,114.852,0,normal,0,nominal
2026-01-01 07:16:00,1,75.527,3.816,23.85,1,1,1438.027,1,144.028,0,normal,0,nominal
2026-01-01 07:16:00,2,57.72,2.876,28.098,1,1,1250.526,1,132.257,0,warning,1,leak_progression
2026-01-01 07:16:00,3,60.437,2.382,29.332,1,1,1097.889,1,114.616,0,normal,0,nominal
2026-01-01 07:17:00,1,73.228,3.858,23.641,1,1,1419.417,1,143.803,0,normal,0,nominal
2026-01-01 07:17:00,2,57.601,3.025,28.244,1,1,1247.167,1,133.983,0,warning,1,leak_progression
2026-01-01 07:17:00,3,60.986,2.375,29.098,1,1,1088.891,1,114.192,0,normal,0,nominal
2026-01-01 07:18:00,1,74.124,3.889,23.671,1,1,1414.751,1,143.984,0,normal,0,nominal
2026-01-01 07:18:00,2,58.28,2.403,28.16,1,1,1263.76,1,126.897,0,warning,1,leak_progression
2026-01-01 07:18:00,3,61.307,2.425,28.721,1,1,1114.698,1,115.741,0,normal,0,nominal
2026-01-01 07:19:00,1,74.183,3.394,23.955,1,1,1416.779,1,138.371,0,normal,0,nominal
2026-01-01 07:19:00,2,56.887,2.458,27.81,1,1,1284.606,1,128.376,0,warning,1,leak_progression
2026-01-01 07:19:00,3,61.493,2.595,28.482,1,1,1108.013,1,117.447,0,normal,0,nominal
2026-01-01 07:20:00,1,75.736,3.511,24.002,1,1,1439.396,1,140.573,0,normal,0,nominal
2026-01-01 07:20:00,2,57.489,2.733,28.161,1,1,1257.379,1,130.749,0,warning,1,leak_progression
2026-01-01 07:20:00,3,60.046,2.693,28.711,1,1,1132.129,1,119.486,0,normal,0,nominal
2026-01-01 07:21:00,1,74.966,3.419,23.918,1,1,1426.769,1,139.037,0,normal,0,nominal
2026-01-01 07:21:00,2,57.415,2.602,27.974,1,1,1258.734,1,129.177,0,warning,1,leak_progression
2026-01-01 07:21:00,3,60.451,2.511,28.945,1,1,1109.536,1,116.541,0,normal,0,nominal
2026-01-01 07:22:00,1,74.148,3.179,23.931,1,1,1439.816,1,136.771,0,normal,0,nominal
2026-01-01 07:22:00,2,56.669,2.698,28.344,1,1,1246.638,1,129.903,0,warning,1,leak_progression
2026-01-01 07:22:00,3,58.895,2.194,28.742,1,1,1116.949,1,113.177,0,normal,0,nominal
2026-01-01 07:23:00,1,74.63,3.774,23.608,1,1,1424.664,1,143.042,0,normal,0,nominal
2026-01-01 07:23:00,2,57.431,2.504,28.346,1,1,1280.366,1,128.781,0,warning,1,leak_progression
2026-01-01 07:23:00,3,59.016,2.103,28.881,1,1,1108.189,1,111.8,0,normal,0,nominal
2026-01-01 07:24:00,1,74.681,3.855,23.656,1,1,1432.262,1,144.263,0,normal,0,nominal
2026-01-01 07:24:00,2,56.448,2.561,28.092,1,1,1259.441,1,128.7,0,warning,1,leak_progression
2026-01-01 07:24:00,3,60.042,2.463,28.665,1,1,1097.337,1,115.524,0,normal,0,nominal
2026-01-01 07:25:00,1,73.297,3.786,23.697,1,1,1427.232,1,143.273,0,normal,0,nominal
2026-01-01 07:25:00,2,57.636,1.995,28.055,1,1,1265.673,1,121.921,0,warning,1,leak_progression
2026-01-01 07:25:00,3,60.845,2.488,28.73,1,1,1091.857,1,115.598,0,normal,0,nominal
2026-01-01 07:26:00,1,74.036,3.673,23.702,1,1,1433.178,1,142.196,0,normal,0,nominal
2026-01-01 07:26:00,2,57.515,2.124,27.681,1,1,1247.109,1,122.812,0,warning,1,leak_progression
2026-01-01 07:26:00,3,62.091,2.477,28.681,1,1,1097.183,1,115.681,0,normal,0,nominal
2026-01-01 07:27:00,1,74.853,3.554,23.958,1,1,1441.618,1,141.155,0,normal,0,nominal
2026-01-01 07:27:00,2,57.664,2.259,28.173,1,1,1240.319,1,124.229,0,warning,1,leak_progression
2026-01-01 07:27:00,3,60.69,2.421,28.833,1,1,1103.744,1,115.284,0,normal,0,nominal
2026-01-01 07:28:00,1,74.976,3.714,24.117,1,1,1445.487,1,143.145,0,normal,0,nominal
2026-01-01 07:28:00,2,58.008,2.564,27.992,1,1,1208.943,1,126.816,0,warning,1,leak_progression
2026-01-01 07:28:00,3,60.639,2.555,28.722,1,1,1129.503,1,117.804,0,normal,0,nominal
2026-01-01 07:29:00,1,74.832,3.301,24.012,1,1,1434.967,1,137.99,0,normal,0,nominal
2026-01-01 07:29:00,2,58.589,2.394,27.714,1,1,1235.505,1,125.716,0,warning,1,leak_progression
2026-01-01 07:29:00,3,62.21,2.531,29.091,1,1,1122.057,1,117.247,0,normal,0,nominal
2026-01-01 07:30:00,1,73.992,3.954,23.839,1,1,1441.435,1,145.744,0,normal,0,nominal
2026-01-01 07:30:00,2,58.438,2.688,27.942,1,1,1251.059,1,129.949,0,warning,1,leak_progression
2026-01-01 07:30:00,3,62.493,2.37,29.18,1,1,1124.641,1,115.487,0,normal,0,nominal
2026-01-01 07:31:00,1,73.188,3.918,23.777,1,1,1406.065,1,143.989,0,normal,0,nominal
2026-01-01 07:31:00,2,57.786,2.477,28.219,1,1,1244.33,1,127.086,0,warning,1,leak_progression
2026-01-01 07:31:00,3,61.497,2.371,29.158,1,1,1118.825,1,115.284,0,normal,0,nominal
2026-01-01 07:32:00,1,70.538,4.102,23.759,1,1,1416.665,1,146.503,0,normal,0,nominal
2026-01-01 07:32:00,2,56.928,2.326,28.267,1,1,1244.45,1,125.215,0,warning,1,leak_progression
2026-01-01 07:32:00,3,61.192,2.543,29.046,1,1,1142.837,1,118.177,0,normal,0,nominal
2026-01-01 07:33:00,1,71.369,4.072,23.756,1,1,1406.77,1,145.781,0,normal,0,nominal
2026-01-01 07:33:00,2,56.699,2.647,28.19,1,1,1261.656,1,129.85,0,warning,1,leak_progression
2026-01-01 07:33:00,3,61.059,2.287,29.108,1,1,1135.526,1,114.951,0,normal,0,nominal
2026-01-01 07:34:00,1,72.927,3.98,23.839,1,1,1399.734,1,144.458,0,normal,0,nominal
2026-01-01 07:34:00,2,58.384,2.609,28.067,1,1,1262.23,1,129.395,0,warning,1,leak_progression
2026-01-01 07:34:00,3,61.772,2.291,29.135,1,1,1115.392,1,114.233,0,normal,0,nominal
2026-01-01 07:35:00,1,74.87,3.886,23.787,1,1,1407.939,1,143.693,0,normal,0,nominal
2026-01-01 07:35:00,2,57.125,2.414,27.741,1,1,1247.351,1,126.413,0,warning,1,leak_progression
2026-01-01 07:35:00,3,60.282,2.562,28.831,1,1,1107.989,1,117.068,0,normal,0,nominal
2026-01-01 07:36:00,1,74.275,4.014,23.61,1,1,1422.72,1,145.723,0,normal,0,nominal
2026-01-01 07:36:00,2,55.977,2.47,27.968,1,1,1250.86,1,127.237,0,warning,1,leak_progression
2026-01-01 07:36:00,3,59.644,2.261,29.165,1,1,1125.683,1,114.28,0,normal,0,nominal
2026-01-01 07:37:00,1,73.698,3.733,23.882,1,1,1409.717,1,141.995,0,normal,0,nominal
2026-01-01 07:37:00,2,57.628,2.694,27.865,1,1,1257.644,1,130.279,0,warning,1,leak_progression
2026-01-01 07:37:00,3,61.585,2.238,28.743,1,1,1128.921,1,114.134,0,normal,0,nominal
2026-01-01 07:38:00,1,72.836,3.979,23.882,1,1,1414.78,1,145.02,0,normal,0,nominal
2026-01-01 07:38:00,2,56.06,2.361,27.798,1,1,1235.051,1,125.286,0,warning,1,leak_progression
2026-01-01 07:38:00,3,61.693,2.215,29.266,1,1,1122.874,1,113.644,0,normal,0,nominal
2026-01-01 07:39:00,1,73.52,3.674,24.009,1,1,1439.891,1,142.464,0,normal,0,nominal
2026-01-01 07:39:00,2,57.273,2.807,28.097,1,1,1242.835,1,131.115,0,warning,1,leak_progression
2026-01-01 07:39:00,3,61.876,2.179,29.59,1,1,1130.098,1,113.504,0,normal,0,nominal
2026-01-01 07:40:00,1,73.243,3.595,23.504,1,1,1446.724,1,141.814,0,normal,0,nominal
2026-01-01 07:40:00,2,57.673,2.669,27.907,1,1,1238.449,1,129.234,0,warning,1,leak_progression
2026-01-01 07:40:00,3,61.668,2.296,29.103,1,1,1116.259,1,114.325,0,normal,0,nominal
2026-01-01 07:41:00,1,73.057,3.758,24.024,1,1,1455.081,1,144.011,0,normal,0,nominal
2026-01-01 07:41:00,2,57.18,2.639,27.952,1,1,1240.748,1,128.95,0,warning,1,leak_progression
2026-01-01 07:41:00,3,62.49,2.165,28.781,1,1,1104.349,1,112.368,0,normal,0,nominal
2026-01-01 07:42:00,1,73.36,3.616,23.661,1,1,1431.968,1,141.495,0,normal,0,nominal
2026-01-01 07:42:00,2,58.013,2.982,28.031,1,1,1220.988,1,132.455,0,warning,1,leak_progression
2026-01-01 07:42:00,3,60.522,2.544,28.88,1,1,1111.507,1,116.993,0,normal,0,nominal
2026-01-01 07:43:00,1,72.806,3.818,23.677,1,1,1431.113,1,143.79,0,normal,0,nominal
2026-01-01 07:43:00,2,57.014,2.876,28.453,1,1,1242.936,1,131.976,0,warning,1,leak_progression
2026-01-01 07:43:00,3,60.025,2.757,28.815,1,1,1111.267,1,119.435,0,normal,0,nominal
2026-01-01 07:44:00,1,73.545,3.469,24.063,1,1,1428.589,1,139.683,0,normal,0,nominal
2026-01-01 07:44:00,2,58.0,2.363,28.603,1,1,1261.023,1,126.3,0,warning,1,leak_progression
2026-01-01 07:44:00,3,59.234,2.519,28.391,1,1,1108.127,1,116.582,0,normal,0,nominal
2026-01-01 07:45:00,1,73.514,3.754,24.143,1,1,1408.235,1,142.186,0,normal,0,nominal
2026-01-01 07:45:00,2,59.135,2.382,28.294,1,1,1260.813,1,126.53,0,warning,1,leak_progression
2026-01-01 07:45:00,3,59.06,2.307,28.711,1,1,1087.799,1,113.366,0,normal,0,nominal
2026-01-01 07:46:00,1,73.444,3.462,23.958,1,1,1421.651,1,139.337,0,normal,0,nominal
2026-01-01 07:46:00,2,59.03,2.631,28.512,1,1,1273.936,1,130.113,0,warning,1,leak_progression
2026-01-01 07:46:00,3,60.88,2.328,29.122,1,1,1095.602,1,113.909,0,normal,0,nominal
2026-01-01 07:47:00,1,72.719,3.808,23.932,1,1,1415.064,1,143.061,0,normal,0,nominal
2026-01-01 07:47:00,2,58.198,2.62,28.396,1,1,1286.672,1,130.46,0,warning,1,leak_progression
2026-01-01 07:47:00,3,61.771,2.111,29.292,1,1,1112.613,1,112.055,0,normal,0,nominal
2026-01-01 07:48:00,1,73.127,3.58,24.007,1,1,1415.744,1,140.472,0,normal,0,nominal
2026-01-01 07:48:00,2,57.885,2.544,28.451,1,1,1287.398,1,129.55,0,warning,1,leak_progression
2026-01-01 07:48:00,3,62.171,2.241,29.207,1,1,1108.664,1,113.395,0,normal,0,nominal
2026-01-01 07:49:00,1,73.122,3.869,24.035,1,1,1413.349,1,143.705,0,normal,0,nominal
2026-01-01 07:49:00,2,58.195,2.492,28.5,1,1,1268.45,1,128.187,0,warning,1,leak_progression
2026-01-01 07:49:00,3,61.345,2.606,29.216,1,1,1112.169,1,117.726,0,normal,0,nominal
2026-01-01 07:50:00,1,71.827,3.962,23.603,1,1,1431.157,1,145.449,0,normal,0,nominal
2026-01-01 07:50:00,2,58.258,2.588,28.123,1,1,1254.659,1,128.846,0,warning,1,leak_progression
2026-01-01 07:50:00,3,60.679,2.429,29.376,1,1,1114.999,1,115.806,0,normal,0,nominal
2026-01-01 07:51:00,1,72.428,3.587,23.798,1,1,1417.626,1,140.622,0,normal,0,nominal
2026-01-01 07:51:00,2,58.642,2.609,27.758,1,1,1247.629,1,128.842,0,warning,1,leak_progression
2026-01-01 07:51:00,3,61.34,2.106,28.845,1,1,1113.746,1,112.042,0,normal,0,nominal
2026-01-01 07:52:00,1,72.917,4.005,23.904,1,1,1410.889,1,145.167,0,normal,0,nominal
2026-01-01 07:52:00,2,58.288,2.454,27.914,1,1,1250.75,1,127.043,0,warning,1,leak_progression
2026-01-01 07:52:00,3,60.831,2.541,28.97,1,1,1121.917,1,117.355,0,normal,0,nominal
2026-01-01 07:53:00,1,72.937,3.524,23.745,1,1,1424.096,1,140.142,0,normal,0,nominal
2026-01-01 07:53:00,2,56.945,2.621,27.45,1,1,1269.177,1,129.803,0,warning,1,leak_progression
2026-01-01 07:53:00,3,60.601,2.476,28.869,1,1,1120.355,1,116.552,0,normal,0,nominal
2026-01-01 07:54:00,1,73.124,3.926,23.915,1,1,1427.276,1,144.885,0,normal,0,nominal
2026-01-01 07:54:00,2,57.544,2.378,27.521,1,1,1262.753,1,126.548,0,warning,1,leak_progression
2026-01-01 07:54:00,3,61.477,2.28,28.616,1,1,1109.008,1,113.86,0,normal,0,nominal
2026-01-01 07:55:00,1,72.904,4.116,23.932,1,1,1430.778,1,147.203,0,normal,0,nominal
2026-01-01 07:55:00,2,57.01,2.485,28.072,1,1,1246.993,1,127.286,0,warning,1,leak_progression
2026-01-01 07:55:00,3,61.682,2.393,28.507,1,1,1121.283,1,115.631,0,normal,0,nominal
2026-01-01 07:56:00,1,72.945,4.01,23.759,1,1,1417.053,1,145.461,0,normal,0,nominal
2026-01-01 07:56:00,2,57.287,2.246,28.256,1,1,1263.175,1,124.93,0,warning,1,leak_progression
2026-01-01 07:56:00,3,60.061,2.706,28.889,1,1,1102.562,1,118.518,0,normal,0,nominal
2026-01-01 07:57:00,1,73.894,3.924,23.607,1,1,1416.692,1,144.455,0,normal,0,nominal
2026-01-01 07:57:00,2,58.357,2.388,27.902,1,1,1282.798,1,127.436,0,warning,1,leak_progression
2026-01-01 07:57:00,3,61.235,2.406,29.164,1,1,1108.261,1,115.288,0,normal,0,nominal
2026-01-01 07:58:00,1,73.191,3.824,23.783,1,1,1432.337,1,143.903,0,normal,0,nominal
2026-01-01 07:58:00,2,56.043,2.43,28.353,1,1,1255.314,1,126.915,0,warning,1,leak_progression
2026-01-01 07:58:00,3,60.805,2.324,29.301,1,1,1113.036,1,114.521,0,normal,0,nominal
2026-01-01 07:59:00,1,73.49,4.048,23.878,1,1,1388.669,1,144.823,0,normal,0,nominal
2026-01-01 07:59:00,2,56.284,2.804,28.183,1,1,1246.109,1,131.205,0,warning,1,leak_progression
2026-01-01 07:59:00,3,60.838,2.515,29.01,1,1,1120.146,1,116.993,0,normal,0,nominal
2026-01-01 06:00:00,1,74.908,3.503,23.778,1,1,1422.845,1,139.85,0,normal,0,nominal
2026-01-01 06:00:00,2,67.391,3.107,25.816,1,1,1269.506,1,129.473,0,normal,0,nominal
2026-01-01 06:00:00,3,60.334,2.219,29.013,1,1,1094.315,1,112.608,0,normal,0,nominal
2026-01-01 06:01:00,1,74.837,3.351,23.845,1,1,1434.544,1,138.544,0,normal,0,nominal
2026-01-01 06:01:00,2,66.051,2.738,25.766,1,1,1265.783,1,125.084,0,normal,0,nominal
2026-01-01 06:01:00,3,59.778,2.399,28.839,1,1,1109.934,1,115.264,0,normal,0,nominal
2026-01-01 06:02:00,1,72.708,3.614,23.804,1,1,1416.548,1,140.886,0,normal,0,nominal
2026-01-01 06:02:00,2,66.52,3.33,26.14,1,1,1240.524,1,130.933,0,normal,0,nominal
2026-01-01 06:02:00,3,61.589,2.03,28.82,1,1,1124.259,1,111.571,0,normal,0,nominal
2026-01-01 06:03:00,1,71.858,3.608,23.755,1,1,1433.319,1,141.462,0,normal,0,nominal
2026-01-01 06:03:00,2,67.555,2.93,25.936,1,1,1259.439,1,127.053,0,normal,0,nominal
2026-01-01 06:03:00,3,61.336,2.081,28.872,1,1,1122.648,1,112.089,0,normal,0,nominal
2026-01-01 06:04:00,1,72.527,2.946,23.78,1,1,1428.934,1,133.673,0,normal,0,nominal
2026-01-01 06:04:00,2,67.885,3.474,26.088,1,1,1254.475,1,133.125,0,normal,0,nominal
2026-01-01 06:04:00,3,60.632,2.489,28.816,1,1,1120.64,1,116.703,0,normal,0,nominal
2026-01-01 06:05:00,1,74.127,3.581,23.941,1,1,1419.649,1,140.623,0,normal,0,nominal
2026-01-01 06:05:00,2,67.555,3.099,26.107,1,1,1254.647,1,128.816,0,normal,0,nominal
2026-01-01 06:05:00,3,60.288,2.277,28.981,1,1,1117.137,1,114.141,0,normal,0,nominal
2026-01-01 06:06:00,1,74.934,3.367,23.916,1,1,1421.819,1,138.247,0,normal,0,nominal
2026-01-01 06:06:00,2,66.71,3.158,26.074,1,1,1281.111,1,130.495,0,normal,0,nominal
2026-01-01 06:06:00,3,59.818,2.302,28.768,1,1,1104.195,1,113.937,0,normal,0,nominal
2026-01-01 06:07:00,1,74.027,2.884,23.945,1,1,1416.107,1,132.483,0,normal,0,nominal
2026-01-01 06:07:00,2,66.128,2.43,26.12,1,1,1251.905,1,121.012,0,normal,0,nominal
2026-01-01 06:07:00,3,60.859,2.205,28.957,1,1,1113.179,1,113.155,0,normal,0,nominal
2026-01-01 06:08:00,1,72.799,3.398,23.831,1,1,1422.998,1,138.656,0,normal,0,nominal
2026-01-01 06:08:00,2,65.967,2.553,26.297,1,1,1244.608,1,122.156,0,normal,0,nominal
2026-01-01 06:08:00,3,62.309,2.346,29.328,1,1,1114.949,1,114.842,0,normal,0,nominal
2026-01-01 06:09:00,1,73.452,3.469,23.669,1,1,1427.135,1,139.622,0,normal,0,nominal
2026-01-01 06:09:00,2,65.747,3.177,26.31,1,1,1260.267,1,129.921,0,normal,0,nominal
2026-01-01 06:09:00,3,60.636,2.5,29.216,1,1,1113.962,1,116.582,0,normal,0,nominal
2026-01-01 06:10:00,1,73.884,3.753,24.104,1,1,1402.606,1,141.96,0,normal,0,nominal
2026-01-01 06:10:00,2,66.079,3.183,26.345,1,1,1263.777,1,130.131,0,normal,0,nominal
2026-01-01 06:10:00,3,62.03,2.31,28.691,1,1,1087.597,1,113.388,0,normal,0,nominal
2026-01-01 06:11:00,1,75.604,3.757,23.892,1,1,1419.154,1,142.637,0,normal,0,nominal
2026-01-01 06:11:00,2,66.93,2.831,26.486,1,1,1248.205,1,125.487,0,normal,0,nominal
2026-01-01 06:11:00,3,61.245,2.322,28.301,1,1,1122.387,1,114.852,0,normal,0,nominal
2026-01-01 06:12:00,1,74.643,3.695,23.847,1,1,1428.144,1,142.258,0,normal,0,nominal
2026-01-01 06:12:00,2,68.276,2.688,26.342,1,1,1244.576,1,123.709,0,normal,0,nominal
2026-01-01 06:12:00,3,62.141,2.333,28.404,1,1,1110.879,1,114.543,0,normal,0,nominal
2026-01-01 06:13:00,1,73.034,3.536,24.038,1,1,1426.486,1,140.376,0,normal,0,nominal
2026-01-01 06:13:00,2,66.273,2.961,26.073,1,1,1249.43,1,127.031,0,normal,0,nominal
2026-01-01 06:13:00,3,60.754,2.386,28.732,1,1,1107.151,1,115.011,0,normal,0,nominal
2026-01-01 06:14:00,1,72.423,4.027,24.087,1,1,1432.707,1,146.259,0,normal,0,nominal
2026-01-01 06:14:00,2,66.213,3.003,26.291,1,1,1244.011,1,127.306,0,normal,0,nominal
2026-01-01 06:14:00,3,60.893,1.901,28.703,1,1,1101.585,1,109.222,0,normal,0,nominal
2026-01-01 06:15:00,1,73.527,3.244,23.556,1,1,1427.372,1,137.046,0,normal,0,nominal
2026-01-01 06:15:00,2,66.065,3.206,26.284,1,1,1254.536,1,130.036,0,normal,0,nominal
2026-01-01 06:15:00,3,60.95,2.155,28.695,1,1,1110.055,1,112.465,0,normal,0,nominal
2026-01-01 06:16:00,1,73.648,3.376,23.098,1,1,1436.629,1,138.913,0,normal,0,nominal
2026-01-01 06:16:00,2,66.641,2.887,26.127,1,1,1241.329,1,125.873,0,normal,0,nominal
2026-01-01 06:16:00,3,60.71,2.053,28.5,1,1,1107.257,1,111.191,0,normal,0,nominal
2026-01-01 06:17:00,1,73.45,3.54,23.276,1,1,1436.209,1,140.783,0,normal,0,nominal
2026-01-01 06:17:00,2,66.646,3.327,26.11,1,1,1255.372,1,131.461,0,normal,0,nominal
2026-01-01 06:17:00,3,62.281,2.072,28.509,1,1,1120.306,1,111.9,0,normal,0,nominal
2026-01-01 06:18:00,1,75.845,3.226,23.909,1,1,1419.06,1,136.527,0,normal,0,nominal
2026-01-01 06:18:00,2,67.83,3.093,26.303,1,1,1261.729,1,129.018,0,normal,0,nominal
2026-01-01 06:18:00,3,62.767,2.36,28.453,1,1,1126.72,1,115.451,0,normal,0,nominal
2026-01-01 06:19:00,1,74.783,3.355,23.793,1,1,1444.908,1,138.994,0,normal,0,nominal
2026-01-01 06:19:00,2,66.735,2.942,26.399,1,1,1247.777,1,126.746,0,normal,0,nominal
2026-01-01 06:19:00,3,61.678,2.5,28.526,1,1,1120.768,1,116.838,0,normal,0,nominal
2026-01-01 06:20:00,1,73.816,3.505,23.746,1,1,1430.909,1,140.18,0,normal,0,nominal
2026-01-01 06:20:00,2,67.388,2.785,26.543,1,1,1260.938,1,125.438,0,normal,0,nominal
2026-01-01 06:20:00,3,61.538,2.435,28.217,1,1,1119.466,1,116.048,0,normal,0,nominal
2026-01-01 06:21:00,1,72.244,3.409,23.798,1,1,1430.296,1,139.051,0,normal,0,nominal
2026-01-01 06:21:00,2,67.135,2.65,25.874,1,1,1221.43,1,122.385,0,normal,0,nominal
2026-01-01 06:21:00,3,61.814,2.197,28.344,1,1,1105.614,1,112.781,0,normal,0,nominal
2026-01-01 06:22:00,1,74.242,3.859,23.816,1,1,1432.915,1,144.329,0,normal,0,nominal
2026-01-01 06:22:00,2,68.039,2.27,25.784,1,1,1230.078,1,118.351,0,normal,0,nominal
2026-01-01 06:22:00,3,62.189,2.473,28.474,1,1,1103.801,1,115.883,0,normal,0,nominal
2026-01-01 06:23:00,1,72.815,3.462,23.912,1,1,1448.83,1,140.37,0,normal,0,nominal
2026-01-01 06:23:00,2,67.476,2.827,25.988,1,1,1237.179,1,125.025,0,normal,0,nominal
2026-01-01 06:23:00,3,62.537,2.314,28.599,1,1,1129.859,1,115.049,0,normal,0,nominal
2026-01-01 06:24:00,1,72.829,3.742,23.858,1,1,1426.364,1,142.737,0,normal,0,nominal
2026-01-01 06:24:00,2,65.87,2.78,26.089,1,1,1247.665,1,124.883,0,normal,0,nominal
2026-01-01 06:24:00,3,61.361,2.529,28.396,1,1,1128.314,1,117.463,0,normal,0,nominal
2026-01-01 06:25:00,1,72.432,3.852,23.606,1,1,1424.922,1,143.946,0,normal,0,nominal
2026-01-01 06:25:00,2,64.015,2.712,26.494,1,1,1235.891,1,123.649,0,normal,0,nominal
2026-01-01 06:25:00,3,60.034,2.194,28.619,1,1,1117.147,1,113.188,0,normal,0,nominal
2026-01-01 06:26:00,1,72.07,3.742,23.957,1,1,1404.885,1,141.919,0,normal,0,nominal
2026-01-01 06:26:00,2,66.392,2.671,26.445,1,1,1214.197,1,122.355,0,normal,0,nominal
2026-01-01 06:26:00,3,60.134,2.441,28.383,1,1,1124.822,1,116.312,0,normal,0,nominal
2026-01-01 06:27:00,1,72.104,3.688,23.915,1,1,1404.357,1,141.277,0,normal,0,nominal
2026-01-01 06:27:00,2,66.989,2.973,26.138,1,1,1246.025,1,127.044,0,normal,0,nominal
2026-01-01 06:27:00,3,59.11,2.295,28.378,1,1,1116.36,1,114.312,0,normal,0,nominal
2026-01-01 06:28:00,1,73.781,3.591,23.704,1,1,1418.34,1,140.688,0,normal,0,nominal
2026-01-01 06:28:00,2,66.747,2.789,25.825,1,1,1223.236,1,124.053,0,normal,0,nominal
2026-01-01 06:28:00,3,60.577,2.262,28.31,1,1,1115.272,1,113.896,0,normal,0,nominal
2026-01-01 06:29:00,1,73.048,3.392,23.95,1,1,1406.094,1,137.944,0,normal,0,nominal
2026-01-01 06:29:00,2,68.816,3.148,26.42,1,1,1227.672,1,128.358,0,normal,0,nominal
2026-01-01 06:29:00,3,59.929,2.199,28.609,1,1,1115.886,1,113.194,0,normal,0,nominal
2026-01-01 06:30:00,1,74.303,3.513,24.377,1,1,1429.041,1,140.199,0,normal,0,nominal
2026-01-01 06:30:00,2,67.468,2.801,26.264,1,1,1245.047,1,125.027,0,normal,0,nominal
2026-01-01 06:30:00,3,59.64,1.844,28.614,1,1,1134.301,1,109.806,0,normal,0,nominal
2026-01-01 06:31:00,1,73.843,3.558,24.362,1,1,1444.651,1,141.313,0,normal,0,nominal
2026-01-01 06:31:00,2,66.463,2.172,26.103,1,1,1232.946,1,117.329,0,normal,0,nominal
2026-01-01 06:31:00,3,59.848,2.355,28.316,1,1,1127.237,1,115.414,0,normal,0,nominal
2026-01-01 06:32:00,1,73.436,3.804,24.186,1,1,1442.177,1,144.05,0,normal,0,nominal
2026-01-01 06:32:00,2,66.514,2.051,26.422,1,1,1249.1,1,116.554,0,normal,0,nominal
2026-01-01 06:32:00,3,61.491,2.251,28.233,1,1,1116.401,1,113.815,0,normal,0,nominal
2026-01-01 06:33:00,1,75.363,3.955,24.179,1,1,1440.13,1,145.711,0,normal,0,nominal
2026-01-01 06:33:00,2,67.851,2.649,26.434,1,1,1246.805,1,123.34,0,normal,0,nominal
2026-01-01 06:33:00,3,61.076,2.365,28.173,1,1,1098.562,1,114.444,0,normal,0,nominal
2026-01-01 06:34:00,1,73.232,3.838,24.203,1,1,1440.645,1,144.385,0,normal,0,nominal
2026-01-01 06:34:00,2,68.068,2.808,26.477,1,1,1245.209,1,125.116,0,normal,0,nominal
2026-01-01 06:34:00,3,59.992,2.309,28.191,1,1,1110.586,1,114.254,0,normal,0,nominal
2026-01-01 06:35:00,1,72.906,3.446,23.739,1,1,1426.831,1,139.351,0,normal,0,nominal
2026-01-01 06:35:00,2,67.927,3.095,26.601,1,1,1251.337,1,128.649,0,normal,0,nominal
2026-01-01 06:35:00,3,60.839,2.222,28.444,1,1,1112.677,1,113.34,0,normal,0,nominal
2026-01-01 06:36:00,1,73.535,3.728,23.849,1,1,1417.835,1,142.25,0,normal,0,nominal
2026-01-01 06:36:00,2,67.087,3.232,26.731,1,1,1274.281,1,131.088,0,normal,0,nominal
2026-01-01 06:36:00,3,61.5,1.966,28.72,1,1,1110.338,1,110.299,0,normal,0,nominal
2026-01-01 06:37:00,1,73.925,3.66,24.182,1,1,1408.562,1,141.121,0,normal,0,nominal
2026-01-01 06:37:00,2,66.874,3.632,26.551,1,1,1264.747,1,135.332,0,normal,0,nominal
2026-01-01 06:37:00,3,60.496,1.794,29.059,1,1,1116.997,1,108.58,0,normal,0,nominal
2026-01-01 06:38:00,1,74.891,3.478,24.125,1,1,1410.239,1,139.087,0,normal,0,nominal
2026-01-01 06:38:00,2,66.125,3.62,26.238,1,1,1258.959,1,134.969,0,normal,0,nominal
2026-01-01 06:38:00,3,61.148,2.044,29.017,1,1,1088.74,1,110.378,0,normal,0,nominal
2026-01-01 06:39:00,1,74.565,3.693,24.407,1,1,1437.74,1,142.603,0,normal,0,nominal
2026-01-01 06:39:00,2,65.972,3.239,26.578,1,1,1242.417,1,129.957,0,normal,0,nominal
2026-01-01 06:39:00,3,64.414,1.858,29.119,1,1,1083.663,1,108.044,0,normal,0,nominal
2026-01-01 06:40:00,1,75.095,3.727,24.21,1,1,1409.029,1,141.906,0,normal,0,nominal
2026-01-01 06:40:00,2,66.602,3.524,26.364,1,1,1251.355,1,133.582,0,normal,0,nominal
2026-01-01 06:40:00,3,63.853,1.894,28.947,1,1,1086.011,1,108.545,0,normal,0,nominal
2026-01-01 06:41:00,1,74.733,3.647,24.186,1,1,1414.678,1,141.197,0,normal,0,nominal
2026-01-01 06:41:00,2,65.892,3.066,26.575,1,1,1256.972,1,128.521,0,normal,0,nominal
2026-01-01 06:41:00,3,61.379,1.942,29.095,1,1,1110.126,1,110.017,0,normal,0,nominal
2026-01-01 06:42:00,1,74.191,3.5,24.061,1,1,1420.186,1,139.717,0,normal,0,nominal
2026-01-01 06:42:00,2,66.623,3.228,26.568,1,1,1265.277,1,130.699,0,normal,0,nominal
2026-01-01 06:42:00,3,59.203,2.118,29.465,1,1,1114.261,1,112.199,0,normal,0,nominal
2026-01-01 06:43:00,1,73.077,3.976,23.769,1,1,1421.158,1,145.227,0,normal,0,nominal
2026-01-01 06:43:00,2,67.164,2.877,26.175,1,1,1272.073,1,126.925,0,normal,0,nominal
2026-01-01 06:43:00,3,59.577,1.951,29.422,1,1,1102.99,1,109.851,0,normal,0,nominal
2026-01-01 06:44:00,1,72.572,3.422,24.117,1,1,1430.453,1,139.206,0,normal,0,nominal
2026-01-01 06:44:00,2,67.156,2.834,26.152,1,1,1259.311,1,125.947,0,normal,0,nominal
2026-01-01 06:44:00,3,59.424,1.931,29.5,1,1,1106.279,1,109.745,0,normal,0,nominal
2026-01-01 06:45:00,1,72.637,3.236,23.933,1,1,1425.373,1,136.875,0,normal,0,nominal
2026-01-01 06:45:00,2,67.451,3.003,25.896,1,1,1262.51,1,128.009,0,normal,0,nominal
2026-01-01 06:45:00,3,60.271,1.939,28.898,1,1,1108.196,1,109.906,0,normal,0,nominal
2026-01-01 06:46:00,1,72.275,3.483,24.378,1,1,1435.494,1,140.108,0,normal,0,nominal
2026-01-01 06:46:00,2,66.02,2.895,25.887,1,1,1245.977,1,126.143,0,normal,0,nominal
2026-01-01 06:46:00,3,61.793,2.007,28.918,1,1,1101.11,1,110.423,0,normal,0,nominal
2026-01-01 06:47:00,1,72.696,3.523,24.244,1,1,1444.822,1,140.923,0,normal,0,nominal
2026-01-01 06:47:00,2,66.352,2.845,26.3,1,1,1241.614,1,125.396,0,normal,0,nominal
2026-01-01 06:47:00,3,62.208,2.104,28.963,1,1,1100.556,1,111.522,0,normal,0,nominal
2026-01-01 06:48:00,1,72.932,3.73,24.008,1,1,1442.085,1,143.2,0,normal,0,nominal
2026-01-01 06:48:00,2,67.691,2.227,26.34,1,1,1249.916,1,118.611,0,normal,0,nominal
2026-01-01 06:48:00,3,60.005,2.28,28.817,1,1,1089.579,1,113.122,0,normal,0,nominal
2026-01-01 06:49:00,1,73.385,4.165,23.65,1,1,1426.432,1,147.6,0,normal,0,nominal
2026-01-01 06:49:00,2,67.542,2.733,25.897,1,1,1255.01,1,124.618,0,normal,0,nominal
2026-01-01 06:49:00,3,59.505,2.361,28.67,1,1,1110.788,1,114.859,0,normal,0,nominal
2026-01-01 06:50:00,1,74.903,4.247,23.837,1,1,1419.919,1,148.302,0,normal,0,nominal
2026-01-01 06:50:00,2,66.055,3.174,26.099,1,1,1241.077,1,131.258,0,normal,0,leak_progression
2026-01-01 06:50:00,3,59.067,2.289,28.491,1,1,1110.881,1,114.035,0,normal,0,nominal
2026-01-01 06:51:00,1,76.233,4.162,23.544,1,1,1446.003,1,148.311,0,normal,0,nominal
2026-01-01 06:51:00,2,63.72,3.023,26.917,1,1,1232.455,1,131.248,0,normal,1,leak_progression
2026-01-01 06:51:00,3,60.686,2.276,28.205,1,1,1124.748,1,114.418,0,normal,0,nominal
2026-01-01 06:52:00,1,75.097,3.787,23.869,1,1,1421.647,1,143.072,0,normal,0,nominal
2026-01-01 06:52:00,2,59.991,2.705,27.468,1,1,1233.018,1,129.477,0,warning,1,leak_progression
2026-01-01 06:52:00,3,61.353,2.44,28.725,1,1,1129.699,1,116.494,0,normal,0,nominal
2026-01-01 06:53:00,1,75.151,3.706,23.984,1,1,1409.149,1,141.661,0,normal,0,nominal
2026-01-01 06:53:00,2,58.034,2.613,28.059,1,1,1260.066,1,131.429,0,warning,1,leak_progression
2026-01-01 06:53:00,3,62.189,2.355,28.616,1,1,1126.736,1,115.398,0,normal,0,nominal
2026-01-01 06:54:00,1,72.771,3.958,24.207,1,1,1407.052,1,144.481,0,normal,0,nominal
2026-01-01 06:54:00,2,58.242,2.782,28.682,1,1,1271.449,1,136.169,0,warning,1,leak_progression
2026-01-01 06:54:00,3,60.148,2.358,28.63,1,1,1121.767,1,115.247,0,normal,0,nominal
2026-01-01 06:55:00,1,74.888,4.168,24.031,1,1,1416.365,1,147.248,0,normal,0,nominal
2026-01-01 06:55:00,2,53.364,2.209,29.025,1,1,1244.401,1,129.67,1,warning,1,leak_progression
2026-01-01 06:55:00,3,60.639,2.379,29.08,1,1,1127.638,1,115.709,0,normal,0,nominal
2026-01-01 06:56:00,1,74.125,4.194,23.871,1,1,1413.634,1,147.454,0,normal,0,nominal
2026-01-01 06:56:00,2,48.601,2.495,29.361,1,1,1229.833,1,135.12,1,fault,1,leak_progression
2026-01-01 06:56:00,3,60.322,2.266,28.93,1,1,1117.593,1,114.028,0,normal,0,nominal
2026-01-01 06:57:00,1,72.788,3.83,23.907,1,1,1415.57,1,143.336,0,normal,0,nominal
2026-01-01 06:57:00,2,45.754,1.673,29.802,1,1,1228.139,1,125.584,1,fault,1,leak_progression
2026-01-01 06:57:00,3,61.052,2.222,28.934,1,1,1131.782,1,114.065,0,normal,0,nominal
2026-01-01 06:58:00,1,72.087,3.518,23.869,1,1,1415.561,1,139.748,0,normal,0,nominal
2026-01-01 06:58:00,2,42.864,1.934,30.651,1,1,1231.18,1,131.452,1,fault,1,leak_progression
2026-01-01 06:58:00,3,62.425,2.572,29.001,1,1,1128.624,1,117.963,0,normal,0,nominal
2026-01-01 06:59:00,1,72.827,3.263,23.657,1,1,1405.332,1,136.425,0,normal,0,nominal
2026-01-01 06:59:00,2,39.206,1.465,31.18,1,1,1239.169,1,126.763,1,fault,1,leak_progression
2026-01-01 06:59:00,3,60.938,2.677,29.366,1,1,1130.239,1,119.233,0,normal,0,nominal
2026-01-01 07:00:00,1,72.186,3.611,24.196,1,1,1419.778,1,140.978,0,normal,0,nominal
2026-01-01 07:00:00,2,36.338,1.906,31.52,1,1,1244.247,1,133.617,1,fault,1,leak_progression
2026-01-01 07:00:00,3,61.821,2.305,29.211,1,1,1109.047,1,114.154,0,normal,0,nominal
2026-01-01 07:01:00,1,74.617,3.886,24.025,1,1,1426.969,1,144.415,0,normal,0,nominal
2026-01-01 07:01:00,2,36.774,2.12,31.503,1,1,1246.181,1,136.927,1,fault,1,leak_progression
2026-01-01 07:01:00,3,61.617,2.611,29.083,1,1,1104.041,1,117.481,0,normal,0,nominal
2026-01-01 07:02:00,1,74.757,3.745,24.168,1,1,1437.123,1,143.173,0,normal,0,nominal
2026-01-01 07:02:00,2,37.999,1.883,31.467,1,1,1242.162,1,133.195,1,fault,1,leak_progression
2026-01-01 07:02:00,3,59.886,2.701,29.036,1,1,1132.98,1,119.617,0,normal,0,nominal
2026-01-01 07:03:00,1,74.29,3.784,24.143,1,1,1432.182,1,143.437,0,normal,0,nominal
2026-01-01 07:03:00,2,37.488,1.863,31.816,1,1,1244.371,1,132.974,1,fault,1,leak_progression
2026-01-01 07:03:00,3,60.701,2.549,29.003,1,1,1094.33,1,116.392,0,normal,0,nominal
2026-01-01 07:04:00,1,72.821,3.493,24.023,1,1,1428.542,1,139.957,0,normal,0,nominal
2026-01-01 07:04:00,2,37.432,1.564,32.059,1,1,1266.48,1,129.295,1,fault,1,leak_progression
2026-01-01 07:04:00,3,60.159,2.261,28.707,1,1,1121.823,1,114.135,0,normal,0,nominal
2026-01-01 07:05:00,1,74.317,3.525,23.972,1,1,1432.542,1,140.478,0,normal,0,nominal
2026-01-01 07:05:00,2,36.258,1.556,32.166,1,1,1270.724,1,129.327,1,fault,1,leak_progression
2026-01-01 07:05:00,3,60.949,2.231,28.759,1,1,1151.164,1,114.896,0,normal,0,nominal
2026-01-01 07:06:00,1,73.567,3.392,23.995,1,1,1449.158,1,139.576,0,normal,0,nominal
2026-01-01 07:06:00,2,36.56,1.704,32.106,1,1,1278.046,1,131.854,1,fault,1,leak_progression
2026-01-01 07:06:00,3,63.089,2.282,28.723,1,1,1126.807,1,114.567,0,normal,0,nominal
2026-01-01 07:07:00,1,72.933,3.598,23.554,1,1,1433.463,1,141.352,0,normal,0,nominal
2026-01-01 07:07:00,2,36.561,1.647,32.174,1,1,1240.003,1,129.534,1,fault,1,leak_progression
2026-01-01 07:07:00,3,63.45,2.116,28.917,1,1,1140.844,1,113.186,0,normal,0,nominal
2026-01-01 07:08:00,1,73.747,3.662,23.389,1,1,1444.912,1,142.518,0,normal,0,nominal
2026-01-01 07:08:00,2,35.92,1.873,32.245,1,1,1235.485,1,132.796,1,fault,1,leak_progression
2026-01-01 07:08:00,3,61.332,1.95,28.771,1,1,1136.652,1,111.117,0,normal,0,nominal
2026-01-01 07:09:00,1,73.211,3.651,23.647,1,1,1429.223,1,141.799,0,normal,0,nominal
2026-01-01 07:09:00,2,35.166,1.688,32.32,1,1,1234.557,1,129.958,1,fault,1,leak_progression
2026-01-01 07:09:00,3,61.598,2.19,28.422,1,1,1148.913,1,114.345,0,normal,0,nominal
2026-01-01 07:10:00,1,74.319,3.51,23.876,1,1,1412.379,1,139.534,0,normal,0,nominal
2026-01-01 07:10:00,2,35.62,1.986,32.501,1,1,1230.756,1,134.319,1,fault,1,leak_progression
2026-01-01 07:10:00,3,61.121,2.206,28.487,1,1,1135.882,1,114.036,0,normal,0,nominal
2026-01-01 07:11:00,1,74.558,3.784,23.692,1,1,1414.018,1,142.747,0,normal,0,nominal
2026-01-01 07:11:00,2,36.216,1.995,32.242,1,1,1239.918,1,134.81,1,fault,1,leak_progression
2026-01-01 07:11:00,3,60.434,2.264,29.075,1,1,1136.06,1,114.705,0,normal,0,nominal
2026-01-01 07:12:00,1,72.425,3.706,23.816,1,1,1411.054,1,141.735,0,normal,0,nominal
2026-01-01 07:12:00,2,36.677,1.893,32.206,1,1,1239.341,1,133.24,1,fault,1,leak_progression
2026-01-01 07:12:00,3,61.546,2.408,29.175,1,1,1135.604,1,116.348,0,normal,0,nominal
2026-01-01 07:13:00,1,72.985,3.268,23.792,1,1,1436.635,1,137.676,0,normal,0,nominal
2026-01-01 07:13:00,2,37.424,2.04,31.935,1,1,1242.58,1,135.587,1,fault,1,leak_progression
2026-01-01 07:13:00,3,61.358,2.134,29.299,1,1,1110.284,1,112.234,0,normal,0,nominal
2026-01-01 07:14:00,1,72.859,3.43,23.943,1,1,1412.257,1,138.611,0,normal,0,nominal
2026-01-01 07:14:00,2,35.744,1.852,32.008,1,1,1223.871,1,132.033,1,fault,1,leak_progression
2026-01-01 07:14:00,3,62.981,2.379,28.871,1,1,1119.021,1,115.383,0,normal,0,nominal
2026-01-01 07:15:00,1,72.748,3.677,24.119,1,1,1407.678,1,141.272,0,normal,0,nominal
2026-01-01 07:15:00,2,34.7,1.638,31.999,1,1,1241.511,1,129.456,1,fault,1,leak_progression
2026-01-01 07:15:00,3,62.838,2.567,28.95,1,1,1102.656,1,116.926,0,normal,0,nominal
2026-01-01 07:16:00,1,72.933,4.095,24.033,1,1,1417.362,1,146.455,0,normal,0,nominal
2026-01-01 07:16:00,2,34.607,1.209,31.942,1,1,1260.783,1,123.707,1,fault,1,leak_progression
2026-01-01 07:16:00,3,62.595,2.405,28.999,1,1,1113.252,1,115.461,0,normal,0,nominal
2026-01-01 07:17:00,1,71.994,4.005,24.174,1,1,1401.238,1,144.802,0,normal,0,nominal
2026-01-01 07:17:00,2,34.711,1.636,32.107,1,1,1260.705,1,130.164,1,fault,1,leak_progression
2026-01-01 07:17:00,3,62.124,2.47,29.147,1,1,1112.807,1,116.189,0,normal,0,nominal
2026-01-01 07:18:00,1,72.725,3.853,24.03,1,1,1404.17,1,143.163,0,normal,0,nominal
2026-01-01 07:18:00,2,34.092,1.748,32.025,1,1,1235.928,1,130.917,1,fault,1,leak_progression
2026-01-01 07:18:00,3,61.11,2.262,29.108,1,1,1116.155,1,113.922,0,normal,0,nominal
2026-01-01 07:19:00,1,73.043,4.171,23.684,1,1,1411.496,1,147.107,0,normal,0,nominal
2026-01-01 07:19:00,2,34.544,1.595,32.27,1,1,1242.456,1,128.854,1,fault,1,leak_progression
2026-01-01 07:19:00,3,61.044,1.883,29.157,1,1,1113.699,1,109.479,0,normal,0,nominal
2026-01-01 07:20:00,1,72.532,4.002,23.796,1,1,1401.555,1,144.777,0,normal,0,nominal
2026-01-01 07:20:00,2,37.23,1.851,31.964,1,1,1255.574,1,130.653,1,fault,1,leak_progression
2026-01-01 07:20:00,3,62.818,2.276,29.169,1,1,1130.237,1,114.627,0,normal,0,nominal
2026-01-01 07:21:00,1,72.858,4.013,23.999,1,1,1427.33,1,145.891,0,normal,0,nominal
2026-01-01 07:21:00,2,40.092,1.645,31.708,1,1,1252.7,1,125.176,1,fault,1,leak_progression
2026-01-01 07:21:00,3,62.243,2.312,28.973,1,1,1125.696,1,114.865,0,normal,0,nominal
2026-01-01 07:22:00,1,73.279,4.021,23.937,1,1,1413.576,1,145.461,0,normal,0,nominal
2026-01-01 07:22:00,2,43.468,1.718,30.849,1,1,1232.052,1,123.066,1,warning,1,leak_progression
2026-01-01 07:22:00,3,61.59,2.456,29.216,1,1,1104.111,1,115.702,0,normal,0,nominal
2026-01-01 07:23:00,1,72.215,3.407,23.699,1,1,1426.301,1,138.877,0,normal,0,nominal
2026-01-01 07:23:00,2,47.739,2.533,30.23,1,1,1247.462,1,132.0,0,warning,1,leak_progression
2026-01-01 07:23:00,3,61.433,2.585,29.104,1,1,1116.665,1,117.665,0,normal,0,nominal
2026-01-01 07:24:00,1,73.303,3.953,24.003,1,1,1413.857,1,144.681,0,normal,0,nominal
2026-01-01 07:24:00,2,50.651,2.423,29.598,1,1,1282.525,1,129.352,0,warning,1,leak_progression
2026-01-01 07:24:00,3,60.261,2.34,29.327,1,1,1096.578,1,114.079,0,normal,0,nominal
2026-01-01 07:25:00,1,73.447,4.047,24.178,1,1,1414.586,1,145.798,0,normal,0,nominal
2026-01-01 07:25:00,2,55.703,2.088,28.881,1,1,1260.663,1,122.874,0,warning,1,leak_progression
2026-01-01 07:25:00,3,60.672,2.514,29.246,1,1,1100.349,1,116.223,0,normal,0,nominal
2026-01-01 07:26:00,1,72.641,4.144,23.664,1,1,1435.475,1,147.706,0,normal,0,nominal
2026-01-01 07:26:00,2,55.518,2.501,28.339,1,1,1265.336,1,128.182,0,warning,1,leak_progression
2026-01-01 07:26:00,3,61.196,2.607,29.398,1,1,1103.79,1,117.429,0,normal,0,nominal
2026-01-01 07:27:00,1,72.938,4.003,23.771,1,1,1448.404,1,146.577,0,normal,0,nominal
2026-01-01 07:27:00,2,55.927,2.864,28.107,1,1,1254.769,1,132.275,0,warning,1,leak_progression
2026-01-01 07:27:00,3,59.726,2.478,29.38,1,1,1095.94,1,115.648,0,normal,0,nominal
2026-01-01 07:28:00,1,70.308,3.605,23.796,1,1,1447.252,1,141.951,0,normal,0,nominal
2026-01-01 07:28:00,2,56.788,2.627,28.12,1,1,1252.608,1,129.254,0,warning,1,leak_progression
2026-01-01 07:28:00,3,58.606,2.28,29.262,1,1,1122.974,1,114.394,0,normal,0,nominal
2026-01-01 07:29:00,1,70.923,3.574,23.668,1,1,1443.145,1,141.435,0,normal,0,nominal
2026-01-01 07:29:00,2,56.206,2.253,28.333,1,1,1267.545,1,125.182,0,warning,1,leak_progression
2026-01-01 07:29:00,3,62.62,2.576,28.498,1,1,1105.847,1,117.142,0,normal,0,nominal
2026-01-01 07:30:00,1,71.22,3.675,23.821,1,1,1445.556,1,142.688,0,normal,0,nominal
2026-01-01 07:30:00,2,57.379,2.022,28.36,1,1,1274.758,1,122.6,0,warning,1,leak_progression
2026-01-01 07:30:00,3,62.418,2.51,28.711,1,1,1112.605,1,116.643,0,normal,0,nominal
2026-01-01 07:31:00,1,71.732,3.63,23.722,1,1,1442.445,1,142.054,0,normal,0,nominal
2026-01-01 07:31:00,2,56.588,2.48,28.264,1,1,1262.616,1,127.816,0,warning,1,leak_progression
2026-01-01 07:31:00,3,61.228,2.63,28.982,1,1,1118.299,1,118.236,0,normal,0,nominal
2026-01-01 07:32:00,1,75.167,3.831,24.18,1,1,1451.958,1,144.73,0,normal,0,nominal
2026-01-01 07:32:00,2,56.791,2.297,28.724,1,1,1246.684,1,124.937,0,warning,1,leak_progression
2026-01-01 07:32:00,3,61.114,2.798,28.959,1,1,1111.819,1,119.926,0,normal,0,nominal
2026-01-01 07:33:00,1,74.419,3.457,24.043,1,1,1449.565,1,140.344,0,normal,0,nominal
2026-01-01 07:33:00,2,57.827,2.27,28.43,1,1,1273.792,1,125.638,0,warning,1,leak_progression
2026-01-01 07:33:00,3,61.717,2.318,28.653,1,1,1123.682,1,114.852,0,normal,0,nominal
2026-01-01 07:34:00,1,74.993,3.401,24.258,1,1,1418.179,1,138.497,0,normal,0,nominal
2026-01-01 07:34:00,2,57.861,3.144,28.465,1,1,1253.762,1,135.707,0,warning,1,leak_progression
2026-01-01 07:34:00,3,61.365,2.201,28.758,1,1,1129.301,1,113.723,0,normal,0,nominal
2026-01-01 07:35:00,1,75.622,3.458,24.202,1,1,1412.758,1,138.956,0,normal,0,nominal
2026-01-01 07:35:00,2,56.688,2.829,28.415,1,1,1249.872,1,131.649,0,warning,1,leak_progression
2026-01-01 07:35:00,3,61.254,2.175,28.974,1,1,1092.195,1,112.018,0,normal,0,nominal
2026-01-01 07:36:00,1,75.356,3.651,23.767,1,1,1409.104,1,141.031,0,normal,0,nominal
2026-01-01 07:36:00,2,57.62,2.494,28.324,1,1,1247.619,1,127.413,0,warning,1,leak_progression
2026-01-01 07:36:00,3,61.995,2.369,29.146,1,1,1120.661,1,115.332,0,normal,0,nominal
2026-01-01 07:37:00,1,73.455,3.934,23.896,1,1,1411.499,1,144.38,0,normal,0,nominal
2026-01-01 07:37:00,2,58.385,2.5,28.14,1,1,1253.052,1,127.694,0,warning,1,leak_progression
2026-01-01 07:37:00,3,60.924,2.44,29.12,1,1,1120.555,1,116.146,0,normal,0,nominal
2026-01-01 07:38:00,1,72.505,3.43,24.055,1,1,1419.808,1,138.893,0,normal,0,nominal
2026-01-01 07:38:00,2,58.806,2.831,28.182,1,1,1252.774,1,131.786,0,warning,1,leak_progression
2026-01-01 07:38:00,3,61.154,2.394,29.136,1,1,1126.365,1,115.832,0,normal,0,nominal
2026-01-01 07:39:00,1,72.251,3.34,23.82,1,1,1427.693,1,138.163,0,normal,0,nominal
2026-01-01 07:39:00,2,59.151,2.82,28.278,1,1,1258.168,1,131.851,0,warning,1,leak_progression
2026-01-01 07:39:00,3,61.458,2.443,29.044,1,1,1143.702,1,117.058,0,normal,0,nominal
2026-01-01 07:40:00,1,72.824,3.595,23.613,1,1,1398.18,1,139.97,0,normal,0,nominal
2026-01-01 07:40:00,2,58.398,2.636,28.0,1,1,1236.066,1,128.74,0,warning,1,leak_progression
2026-01-01 07:40:00,3,62.128,2.142,29.237,1,1,1137.472,1,113.358,0,normal,0,nominal
2026-01-01 07:41:00,1,73.225,3.787,23.507,1,1,1396.628,1,142.127,0,normal,0,nominal
2026-01-01 07:41:00,2,58.326,2.631,28.223,1,1,1248.485,1,129.144,0,warning,1,leak_progression
2026-01-01 07:41:00,3,63.258,2.195,29.12,1,1,1112.551,1,113.021,0,normal,0,nominal
2026-01-01 07:42:00,1,72.779,3.723,23.817,1,1,1386.303,1,140.99,0,normal,0,nominal
2026-01-01 07:42:00,2,58.009,2.6,28.202,1,1,1242.561,1,128.532,0,warning,1,leak_progression
2026-01-01 07:42:00,3,63.121,2.252,28.913,1,1,1112.711,1,113.675,0,normal,0,nominal
2026-01-01 07:43:00,1,73.199,3.552,23.661,1,1,1414.089,1,140.08,0,normal,0,nominal
2026-01-01 07:43:00,2,57.43,2.888,27.829,1,1,1251.903,1,132.46,0,warning,1,leak_progression
2026-01-01 07:43:00,3,62.69,2.409,28.812,1,1,1110.611,1,115.402,0,normal,0,nominal
2026-01-01 07:44:00,1,74.483,3.643,23.391,1,1,1447.944,1,142.418,0,normal,0,nominal
2026-01-01 07:44:00,2,58.155,2.845,28.035,1,1,1257.998,1,132.161,0,warning,1,leak_progression
2026-01-01 07:44:00,3,61.129,2.646,29.152,1,1,1095.349,1,117.557,0,normal,0,nominal
2026-01-01 07:45:00,1,73.459,3.597,23.259,1,1,1430.98,1,141.24,0,normal,0,nominal
2026-01-01 07:45:00,2,57.336,2.626,28.165,1,1,1273.879,1,130.049,0,warning,1,leak_progression
2026-01-01 07:45:00,3,60.193,2.474,29.191,1,1,1104.037,1,115.91,0,normal,0,nominal
2026-01-01 07:46:00,1,73.7,3.468,23.083,1,1,1438.992,1,140.069,0,normal,0,nominal
2026-01-01 07:46:00,2,59.523,2.687,28.252,1,1,1257.876,1,130.198,0,warning,1,leak_progression
2026-01-01 07:46:00,3,64.877,2.248,28.772,1,1,1105.869,1,113.373,0,normal,0,nominal
2026-01-01 07:47:00,1,73.761,3.639,23.159,1,1,1410.9,1,140.959,0,normal,0,nominal
2026-01-01 07:47:00,2,58.874,2.919,28.242,1,1,1270.928,1,133.565,0,warning,1,leak_progression
2026-01-01 07:47:00,3,65.013,2.323,29.194,1,1,1105.54,1,114.221,0,normal,0,nominal
2026-01-01 07:48:00,1,73.557,3.618,23.462,1,1,1421.837,1,141.135,0,normal,0,nominal
2026-01-01 07:48:00,2,58.451,2.673,28.255,1,1,1279.83,1,130.858,0,warning,1,leak_progression
2026-01-01 07:48:00,3,62.918,2.204,29.215,1,1,1115.221,1,113.222,0,normal,0,nominal
2026-01-01 07:49:00,1,71.987,3.648,23.341,1,1,1417.391,1,141.316,0,normal,0,nominal
2026-01-01 07:49:00,2,56.965,2.76,28.204,1,1,1261.414,1,131.242,0,warning,1,leak_progression
2026-01-01 07:49:00,3,62.642,2.278,29.015,1,1,1118.029,1,114.187,0,normal,0,nominal
2026-01-01 07:50:00,1,73.534,3.736,23.541,1,1,1408.127,1,141.969,0,normal,0,nominal
2026-01-01 07:50:00,2,58.083,3.029,28.224,1,1,1263.243,1,134.636,0,warning,1,leak_progression
2026-01-01 07:50:00,3,61.252,1.844,29.248,1,1,1125.983,1,109.489,0,normal,0,nominal
2026-01-01 07:51:00,1,73.908,3.731,23.52,1,1,1421.153,1,142.415,0,normal,0,nominal
2026-01-01 07:51:00,2,57.481,2.728,27.856,1,1,1265.731,1,131.009,0,warning,1,leak_progression
2026-01-01 07:51:00,3,62.149,2.357,29.035,1,1,1120.29,1,115.179,0,normal,0,nominal
2026-01-01 07:52:00,1,73.288,3.345,23.61,1,1,1413.912,1,137.694,0,normal,0,nominal
2026-01-01 07:52:00,2,56.983,2.595,27.97,1,1,1258.559,1,129.083,0,warning,1,leak_progression
2026-01-01 07:52:00,3,61.73,2.497,28.938,1,1,1120.574,1,116.794,0,normal,0,nominal
2026-01-01 07:53:00,1,73.167,3.917,23.554,1,1,1418.529,1,144.444,0,normal,0,nominal
2026-01-01 07:53:00,2,57.236,2.752,28.374,1,1,1268.716,1,131.409,0,warning,1,leak_progression
2026-01-01 07:53:00,3,61.346,2.195,29.052,1,1,1111.515,1,112.98,0,normal,0,nominal
2026-01-01 07:54:00,1,73.64,3.705,23.501,1,1,1424.672,1,142.242,0,normal,0,nominal
2026-01-01 07:54:00,2,56.938,2.748,28.194,1,1,1238.957,1,130.232,0,warning,1,leak_progression
2026-01-01 07:54:00,3,61.059,2.427,29.15,1,1,1133.703,1,116.495,0,normal,0,nominal
2026-01-01 07:55:00,1,74.005,3.962,23.564,1,1,1438.29,1,145.715,0,normal,0,nominal
2026-01-01 07:55:00,2,57.521,2.807,28.258,1,1,1259.616,1,131.748,0,warning,1,leak_progression
2026-01-01 07:55:00,3,60.821,2.471,29.626,1,1,1130.925,1,116.891,0,normal,0,nominal
2026-01-01 07:56:00,1,75.144,3.381,23.608,1,1,1409.316,1,137.937,0,normal,0,nominal
2026-01-01 07:56:00,2,57.29,2.393,27.803,1,1,1255.403,1,126.455,0,warning,1,leak_progression
2026-01-01 07:56:00,3,58.863,2.649,29.505,1,1,1121.38,1,118.58,0,normal,0,nominal
2026-01-01 07:57:00,1,74.245,3.704,23.686,1,1,1411.128,1,141.72,0,normal,0,nominal
2026-01-01 07:57:00,2,57.434,2.446,27.776,1,1,1242.47,1,126.626,0,warning,1,leak_progression
2026-01-01 07:57:00,3,57.672,2.562,29.263,1,1,1106.994,1,117.03,0,normal,0,nominal
2026-01-01 07:58:00,1,75.19,3.491,23.808,1,1,1423.437,1,139.732,0,normal,0,nominal
2026-01-01 07:58:00,2,57.045,2.601,27.976,1,1,1267.852,1,129.508,0,warning,1,leak_progression
2026-01-01 07:58:00,3,58.919,2.627,29.183,1,1,1119.29,1,118.239,0,normal,0,nominal
2026-01-01 07:59:00,1,74.708,3.8,23.572,1,1,1425.664,1,143.379,0,normal,0,nominal
2026-01-01 07:59:00,2,56.347,2.141,28.072,1,1,1278.263,1,124.205,0,warning,1,leak_progression
2026-01-01 07:59:00,3,59.587,2.265,29.016,1,1,1088.731,1,112.919,0,normal,0,nominal
2026-01-01 06:00:00,1,72.937,3.492,23.701,1,1,1430.132,1,140.004,0,normal,0,nominal
2026-01-01 06:00:00,2,66.718,2.753,25.946,1,1,1240.285,1,124.29,0,normal,0,nominal
2026-01-01 06:00:00,3,62.065,1.867,28.505,1,1,1074.356,1,107.795,0,normal,0,nominal
2026-01-01 06:01:00,1,73.285,4.054,23.699,1,1,1432.368,1,146.553,0,normal,0,nominal
2026-01-01 06:01:00,2,65.379,2.665,25.745,1,1,1268.766,1,124.366,0,normal,0,nominal
2026-01-01 06:01:00,3,61.622,2.277,28.339,1,1,1083.375,1,112.855,0,normal,0,nominal
2026-01-01 06:02:00,1,74.726,3.973,23.83,1,1,1438.804,1,145.866,0,normal,0,nominal
2026-01-01 06:02:00,2,66.907,3.022,25.782,1,1,1255.528,1,127.967,0,normal,0,nominal
2026-01-01 06:02:00,3,62.653,2.59,28.797,1,1,1107.669,1,117.375,0,normal,0,nominal
2026-01-01 06:03:00,1,74.78,3.936,24.09,1,1,1426.283,1,144.96,0,normal,0,nominal
2026-01-01 06:03:00,2,66.861,2.79,25.534,1,1,1247.965,1,125.005,0,normal,0,nominal
2026-01-01 06:03:00,3,58.851,2.666,28.921,1,1,1104.135,1,118.115,0,normal,0,nominal
2026-01-01 06:04:00,1,75.421,3.793,24.148,1,1,1408.028,1,142.628,0,normal,0,nominal
2026-01-01 06:04:00,2,66.605,3.541,25.379,1,1,1238.882,1,133.298,0,normal,0,nominal
2026-01-01 06:04:00,3,59.491,2.274,28.798,1,1,1101.412,1,113.501,0,normal,0,nominal
2026-01-01 06:05:00,1,75.233,3.686,24.423,1,1,1419.888,1,141.845,0,normal,0,nominal
2026-01-01 06:05:00,2,66.513,3.838,25.704,1,1,1231.354,1,136.424,0,normal,0,nominal
2026-01-01 06:05:00,3,58.387,2.402,28.836,1,1,1090.758,1,116.446,0,normal,0,leak_progression
2026-01-01 06:06:00,1,74.922,3.606,24.517,1,1,1417.552,1,140.836,0,normal,0,nominal
2026-01-01 06:06:00,2,66.21,2.673,25.796,1,1,1229.991,1,122.977,0,normal,0,nominal
2026-01-01 06:06:00,3,55.54,2.053,29.414,1,1,1103.682,1,114.634,0,normal,1,leak_progression
2026-01-01 06:07:00,1,72.54,3.71,24.143,1,1,1418.695,1,142.074,0,normal,0,nominal
2026-01-01 06:07:00,2,67.038,2.877,26.089,1,1,1224.823,1,125.129,0,normal,0,nominal
2026-01-01 06:07:00,3,54.864,2.042,29.894,1,1,1110.128,1,116.584,0,warning,1,leak_progression
2026-01-01 06:08:00,1,72.562,3.825,23.919,1,1,1411.651,1,143.131,0,normal,0,nominal
2026-01-01 06:08:00,2,67.619,3.269,26.251,1,1,1215.328,1,129.274,0,normal,0,nominal
2026-01-01 06:08:00,3,53.518,1.884,30.432,1,1,1100.231,1,116.081,0,warning,1,leak_progression
2026-01-01 06:09:00,1,75.015,3.986,24.081,1,1,1420.557,1,145.319,0,normal,0,nominal
2026-01-01 06:09:00,2,68.254,3.063,26.031,1,1,1240.951,1,127.88,0,normal,0,nominal
2026-01-01 06:09:00,3,50.627,1.885,30.666,1,1,1118.952,1,118.659,0,warning,1,leak_progression
2026-01-01 06:10:00,1,73.944,3.623,23.89,1,1,1409.515,1,140.724,0,normal,0,nominal
2026-01-01 06:10:00,2,67.442,2.949,26.042,1,1,1248.899,1,126.869,0,normal,0,nominal
2026-01-01 06:10:00,3,46.261,1.686,31.221,1,1,1126.329,1,118.153,1,warning,1,leak_progression
2026-01-01 06:11:00,1,74.402,3.379,23.789,1,1,1423.891,1,138.461,0,normal,0,nominal
2026-01-01 06:11:00,2,67.346,3.547,26.053,1,1,1233.542,1,133.159,0,normal,0,nominal
2026-01-01 06:11:00,3,43.982,1.61,31.592,1,1,1097.757,1,117.865,1,fault,1,leak_progression
2026-01-01 06:12:00,1,74.058,4.043,23.895,1,1,1423.666,1,146.091,0,normal,0,nominal
2026-01-01 06:12:00,2,66.222,2.673,26.236,1,1,1248.496,1,123.685,0,normal,0,nominal
2026-01-01 06:12:00,3,40.396,1.592,31.793,1,1,1107.586,1,119.841,1,fault,1,leak_progression
2026-01-01 06:13:00,1,73.771,4.054,23.955,1,1,1435.748,1,146.683,0,normal,0,nominal
2026-01-01 06:13:00,2,66.482,2.681,26.212,1,1,1260.599,1,124.24,0,normal,0,nominal
2026-01-01 06:13:00,3,37.585,1.468,32.612,1,1,1101.835,1,119.698,1,fault,1,leak_progression
2026-01-01 06:14:00,1,74.137,3.725,23.822,1,1,1390.591,1,141.185,0,normal,0,nominal
2026-01-01 06:14:00,2,65.994,2.307,26.026,1,1,1253.385,1,119.66,0,normal,0,nominal
2026-01-01 06:14:00,3,33.841,1.545,33.374,1,1,1104.844,1,122.867,1,fault,1,leak_progression
2026-01-01 06:15:00,1,73.653,3.543,24.156,1,1,1409.203,1,139.791,0,normal,0,nominal
2026-01-01 06:15:00,2,66.171,2.399,25.977,1,1,1240.322,1,120.221,0,normal,0,nominal
2026-01-01 06:15:00,3,33.282,1.207,33.743,1,1,1112.993,1,118.053,1,fault,1,leak_progression
2026-01-01 06:16:00,1,74.184,3.407,23.972,1,1,1393.836,1,137.642,0,normal,0,nominal
2026-01-01 06:16:00,2,67.174,3.156,26.153,1,1,1254.081,1,129.452,0,normal,0,nominal
2026-01-01 06:16:00,3,30.541,1.224,34.018,1,1,1109.472,1,118.177,1,fault,1,leak_progression
2026-01-01 06:17:00,1,73.738,3.337,23.773,1,1,1414.369,1,137.618,0,normal,0,nominal
2026-01-01 06:17:00,2,67.591,2.747,26.26,1,1,1249.057,1,124.559,0,normal,0,nominal
2026-01-01 06:17:00,3,29.786,1.447,34.021,1,1,1121.383,1,122.005,1,fault,1,leak_progression
2026-01-01 06:18:00,1,72.494,3.75,23.837,1,1,1393.338,1,141.575,0,normal,0,nominal
2026-01-01 06:18:00,2,68.274,2.563,26.202,1,1,1268.747,1,123.184,0,normal,0,nominal
2026-01-01 06:18:00,3,29.167,1.439,34.293,1,1,1122.546,1,121.937,1,fault,1,leak_progression
2026-01-01 06:19:00,1,73.918,3.609,23.726,1,1,1422.336,1,141.056,0,normal,0,nominal
2026-01-01 06:19:00,2,67.511,2.613,25.868,1,1,1254.96,1,123.239,0,normal,0,nominal
2026-01-01 06:19:00,3,28.859,1.459,34.475,1,1,1110.531,1,121.783,1,fault,1,leak_progression
2026-01-01 06:20:00,1,74.948,3.277,23.714,1,1,1432.726,1,137.627,0,normal,0,nominal
2026-01-01 06:20:00,2,68.097,2.693,25.619,1,1,1251.507,1,124.024,0,normal,0,nominal
2026-01-01 06:20:00,3,28.624,1.335,34.441,1,1,1100.493,1,119.515,1,fault,1,leak_progression
2026-01-01 06:21:00,1,73.745,3.255,23.295,1,1,1420.246,1,136.905,0,normal,0,nominal
2026-01-01 06:21:00,2,68.308,2.674,25.784,1,1,1250.718,1,123.774,0,normal,0,nominal
2026-01-01 06:21:00,3,27.684,1.527,34.36,1,1,1077.892,1,121.568,1,fault,1,leak_progression
2026-01-01 06:22:00,1,74.262,3.517,23.311,1,1,1402.18,1,139.233,0,normal,0,nominal
2026-01-01 06:22:00,2,67.833,3.087,26.241,1,1,1238.161,1,128.05,0,normal,0,nominal
2026-01-01 06:22:00,3,28.529,1.275,34.329,1,1,1088.608,1,118.161,1,fault,1,leak_progression
2026-01-01 06:23:00,1,76.589,3.448,23.706,1,1,1389.827,1,137.96,0,normal,0,nominal
2026-01-01 06:23:00,2,67.56,2.842,26.275,1,1,1230.163,1,124.93,0,normal,0,nominal
2026-01-01 06:23:00,3,29.108,1.13,34.117,1,1,1104.929,1,116.583,1,fault,1,leak_progression
2026-01-01 06:24:00,1,75.774,3.541,23.871,1,1,1390.298,1,139.055,0,normal,0,nominal
2026-01-01 06:24:00,2,66.429,3.373,26.542,1,1,1232.662,1,131.134,0,normal,0,nominal
2026-01-01 06:24:00,3,30.196,1.521,34.044,1,1,1104.273,1,122.475,1,fault,1,leak_progression
2026-01-01 06:25:00,1,75.333,3.584,23.525,1,1,1382.702,1,139.26,0,normal,0,nominal
2026-01-01 06:25:00,2,67.497,2.587,26.031,1,1,1230.95,1,122.028,0,normal,0,nominal
2026-01-01 06:25:00,3,31.783,1.667,34.312,1,1,1127.754,1,125.583,1,fault,1,leak_progression
2026-01-01 06:26:00,1,74.542,3.085,23.61,1,1,1409.656,1,134.548,0,normal,0,nominal
2026-01-01 06:26:00,2,67.158,2.522,26.283,1,1,1240.184,1,121.635,0,normal,0,nominal
2026-01-01 06:26:00,3,30.701,1.538,34.209,1,1,1113.34,1,123.075,1,fault,1,leak_progression
2026-01-01 06:27:00,1,75.017,3.536,23.477,1,1,1433.788,1,140.648,0,normal,0,nominal
2026-01-01 06:27:00,2,67.954,3.012,26.542,1,1,1233.754,1,127.019,0,normal,0,nominal
2026-01-01 06:27:00,3,29.247,1.418,34.36,1,1,1112.923,1,121.248,1,fault,1,leak_progression
2026-01-01 06:28:00,1,71.337,2.825,23.867,1,1,1407.866,1,131.49,0,normal,0,nominal
2026-01-01 06:28:00,2,67.644,3.058,26.465,1,1,1242.168,1,127.873,0,normal,0,nominal
2026-01-01 06:28:00,3,29.81,1.345,34.293,1,1,1112.718,1,120.129,1,fault,1,leak_progression
2026-01-01 06:29:00,1,72.934,3.423,23.9,1,1,1401.405,1,138.122,0,normal,0,nominal
2026-01-01 06:29:00,2,67.662,2.973,26.28,1,1,1232.962,1,126.546,0,normal,0,nominal
2026-01-01 06:29:00,3,29.57,1.389,34.53,1,1,1135.111,1,121.653,1,fault,1,leak_progression
2026-01-01 06:30:00,1,72.79,3.361,23.825,1,1,1417.4,1,138.008,0,normal,0,nominal
2026-01-01 06:30:00,2,67.246,3.031,26.268,1,1,1216.997,1,126.602,0,normal,0,nominal
2026-01-01 06:30:00,3,30.669,1.392,34.38,1,1,1141.528,1,121.936,1,fault,1,leak_progression
2026-01-01 06:31:00,1,73.245,3.392,23.878,1,1,1427.722,1,138.756,0,normal,0,nominal
2026-01-01 06:31:00,2,67.375,2.834,26.099,1,1,1224.954,1,124.634,0,normal,0,nominal
2026-01-01 06:31:00,3,29.409,1.358,34.581,1,1,1138.623,1,121.318,1,fault,1,leak_progression
2026-01-01 06:32:00,1,72.671,3.444,24.101,1,1,1418.627,1,139.017,0,normal,0,nominal
2026-01-01 06:32:00,2,67.107,3.095,26.01,1,1,1234.272,1,127.996,0,normal,0,nominal
2026-01-01 06:32:00,3,28.481,1.417,34.485,1,1,1122.176,1,121.591,1,fault,1,leak_progression
2026-01-01 06:33:00,1,74.255,3.23,23.86,1,1,1424.343,1,136.77,0,normal,0,nominal
2026-01-01 06:33:00,2,68.211,3.283,26.134,1,1,1228.77,1,129.949,0,normal,0,nominal
2026-01-01 06:33:00,3,28.742,1.472,34.393,1,1,1141.626,1,123.161,1,fault,1,leak_progression
2026-01-01 06:34:00,1,72.817,3.647,24.065,1,1,1430.477,1,141.801,0,normal,0,nominal
2026-01-01 06:34:00,2,68.063,3.445,26.364,1,1,1231.378,1,131.904,0,normal,0,nominal
2026-01-01 06:34:00,3,30.965,1.356,34.359,1,1,1124.79,1,120.761,1,fault,1,leak_progression
2026-01-01 06:35:00,1,70.343,3.698,24.4,1,1,1412.264,1,141.692,0,normal,0,nominal
2026-01-01 06:35:00,2,67.331,3.44,26.431,1,1,1226.481,1,131.667,0,normal,0,nominal
2026-01-01 06:35:00,3,32.56,1.437,34.064,1,1,1109.379,1,119.081,1,fault,1,leak_progression
2026-01-01 06:36:00,1,72.81,4.264,24.349,1,1,1411.288,1,148.17,0,normal,0,nominal
2026-01-01 06:36:00,2,66.593,2.927,26.215,1,1,1264.085,1,127.195,0,normal,0,nominal
2026-01-01 06:36:00,3,34.831,1.302,33.647,1,1,1102.269,1,114.643,1,fault,1,leak_progression
2026-01-01 06:37:00,1,75.14,3.903,24.353,1,1,1403.774,1,143.726,0,normal,0,nominal
2026-01-01 06:37:00,2,66.618,3.237,25.988,1,1,1240.164,1,129.854,0,normal,0,nominal
2026-01-01 06:37:00,3,38.838,1.297,33.339,1,1,1094.535,1,112.146,1,warning,1,leak_progression
2026-01-01 06:38:00,1,75.153,3.719,24.134,1,1,1428.339,1,142.543,0,normal,0,nominal
2026-01-01 06:38:00,2,67.031,3.563,26.259,1,1,1244.502,1,133.762,0,normal,0,nominal
2026-01-01 06:38:00,3,40.862,1.435,32.788,1,1,1114.096,1,112.587,0,warning,1,leak_progression
2026-01-01 06:39:00,1,76.204,3.997,24.212,1,1,1417.055,1,145.316,0,normal,0,nominal
2026-01-01 06:39:00,2,67.051,3.027,26.372,1,1,1235.455,1,127.256,0,normal,0,nominal
2026-01-01 06:39:00,3,42.741,1.387,32.2,1,1,1117.702,1,110.002,0,warning,1,leak_progression
2026-01-01 06:40:00,1,74.781,3.83,23.988,1,1,1419.438,1,143.482,0,normal,0,nominal
2026-01-01 06:40:00,2,66.079,3.145,25.991,1,1,1214.604,1,127.824,0,normal,0,nominal
2026-01-01 06:40:00,3,46.471,1.668,31.692,1,1,1115.38,1,112.157,0,warning,1,leak_progression
2026-01-01 06:41:00,1,73.08,3.874,23.972,1,1,1420.597,1,144.036,0,normal,0,nominal
2026-01-01 06:41:00,2,66.072,2.975,25.903,1,1,1245.092,1,127.028,0,normal,0,nominal
2026-01-01 06:41:00,3,47.459,1.792,31.238,1,1,1115.866,1,113.707,0,warning,1,leak_progression
2026-01-01 06:42:00,1,72.042,3.463,23.541,1,1,1414.472,1,139.07,0,normal,0,nominal
2026-01-01 06:42:00,2,65.205,3.073,26.083,1,1,1251.857,1,128.411,0,normal,0,nominal
2026-01-01 06:42:00,3,47.509,2.073,30.982,1,1,1088.895,1,116.164,0,warning,1,leak_progression
2026-01-01 06:43:00,1,72.246,3.5,23.816,1,1,1423.196,1,139.826,0,normal,0,nominal
2026-01-01 06:43:00,2,65.138,3.062,26.084,1,1,1236.52,1,127.697,0,normal,0,nominal
2026-01-01 06:43:00,3,49.592,1.964,30.889,1,1,1095.52,1,115.067,0,warning,1,leak_progression
2026-01-01 06:44:00,1,71.547,3.557,23.799,1,1,1415.242,1,140.185,0,normal,0,nominal
2026-01-01 06:44:00,2,66.3,2.941,26.011,1,1,1229.442,1,126.044,0,normal,0,nominal
2026-01-01 06:44:00,3,49.457,2.156,30.819,1,1,1108.057,1,117.928,0,warning,1,leak_progression
2026-01-01 06:45:00,1,72.592,3.802,23.844,1,1,1415.015,1,142.992,0,normal,0,nominal
2026-01-01 06:45:00,2,66.624,3.006,26.018,1,1,1239.514,1,127.175,0,normal,0,nominal
2026-01-01 06:45:00,3,52.276,2.19,30.875,1,1,1125.891,1,119.023,0,warning,1,leak_progression
2026-01-01 06:46:00,1,72.878,3.642,23.977,1,1,1413.829,1,141.114,0,normal,0,nominal
2026-01-01 06:46:00,2,67.476,3.02,26.192,1,1,1240.16,1,127.359,0,normal,0,nominal
2026-01-01 06:46:00,3,50.737,2.154,30.704,1,1,1126.226,1,118.588,0,warning,1,leak_progression
2026-01-01 06:47:00,1,72.245,3.489,23.709,1,1,1423.57,1,139.714,0,normal,0,nominal
2026-01-01 06:47:00,2,66.071,2.859,26.225,1,1,1260.768,1,126.283,0,normal,0,nominal
2026-01-01 06:47:00,3,50.855,1.93,30.881,1,1,1113.707,1,115.338,0,warning,1,leak_progression
2026-01-01 06:48:00,1,73.621,3.464,23.795,1,1,1424.178,1,139.46,0,normal,0,nominal
2026-01-01 06:48:00,2,67.036,2.583,26.27,1,1,1256.508,1,122.946,0,normal,0,nominal
2026-01-01 06:48:00,3,51.718,2.158,30.419,1,1,1123.062,1,118.521,0,warning,1,leak_progression
2026-01-01 06:49:00,1,74.674,3.347,23.504,1,1,1434.122,1,138.485,0,normal,0,nominal
2026-01-01 06:49:00,2,68.38,3.249,25.992,1,1,1252.545,1,130.463,0,normal,0,nominal
2026-01-01 06:49:00,3,51.95,1.942,30.343,1,1,1115.048,1,115.537,0,warning,1,leak_progression
2026-01-01 06:50:00,1,74.204,3.419,23.327,1,1,1435.675,1,139.377,0,normal,0,nominal
2026-01-01 06:50:00,2,67.738,3.616,26.065,1,1,1242.518,1,134.305,0,normal,0,nominal
2026-01-01 06:50:00,3,51.089,2.003,30.174,1,1,1105.684,1,115.938,0,warning,1,leak_progression
2026-01-01 06:51:00,1,75.029,3.932,23.766,1,1,1427.369,1,144.96,0,normal,0,nominal
2026-01-01 06:51:00,2,67.101,2.836,26.08,1,1,1253.662,1,125.753,0,normal,0,nominal
2026-01-01 06:51:00,3,51.897,2.028,30.179,1,1,1118.999,1,116.748,0,warning,1,leak_progression
2026-01-01 06:52:00,1,74.263,3.536,23.522,1,1,1419.975,1,140.121,0,normal,0,nominal
2026-01-01 06:52:00,2,62.53,2.699,26.39,1,1,1273.053,1,124.91,0,normal,0,nominal
2026-01-01 06:52:00,3,52.418,2.025,30.205,1,1,1103.896,1,116.14,0,warning,1,leak_progression
2026-01-01 06:53:00,1,72.257,3.152,23.416,1,1,1427.209,1,135.982,0,normal,0,nominal
2026-01-01 06:53:00,2,64.87,2.655,26.505,1,1,1250.511,1,123.548,0,normal,0,nominal
2026-01-01 06:53:00,3,53.19,1.892,30.212,1,1,1104.611,1,114.523,0,warning,1,leak_progression
2026-01-01 06:54:00,1,71.938,3.45,23.181,1,1,1423.56,1,139.27,0,normal,0,nominal
2026-01-01 06:54:00,2,65.75,2.976,26.596,1,1,1268.85,1,127.945,0,normal,0,nominal
2026-01-01 06:54:00,3,54.392,1.881,30.418,1,1,1119.356,1,114.944,0,warning,1,leak_progression
2026-01-01 06:55:00,1,72.76,3.21,23.837,1,1,1424.724,1,136.553,0,normal,0,nominal
2026-01-01 06:55:00,2,66.687,3.423,26.621,1,1,1282.053,1,133.58,0,normal,0,nominal
2026-01-01 06:55:00,3,52.621,1.871,30.188,1,1,1116.81,1,114.723,0,warning,1,leak_progression
2026-01-01 06:56:00,1,73.431,3.025,23.759,1,1,1421.726,1,134.318,0,normal,0,nominal
2026-01-01 06:56:00,2,66.853,2.978,26.289,1,1,1258.192,1,127.553,0,normal,0,nominal
2026-01-01 06:56:00,3,52.031,1.971,30.332,1,1,1122.077,1,116.158,0,warning,1,leak_progression
2026-01-01 06:57:00,1,73.065,3.242,24.152,1,1,1436.798,1,137.386,0,normal,0,nominal
2026-01-01 06:57:00,2,65.599,3.025,26.407,1,1,1259.53,1,128.15,0,normal,0,nominal
2026-01-01 06:57:00,3,51.216,2.107,30.808,1,1,1132.769,1,118.257,0,warning,1,leak_progression
2026-01-01 06:58:00,1,73.323,3.454,24.572,1,1,1448.411,1,140.258,0,normal,0,nominal
2026-01-01 06:58:00,2,66.054,2.87,26.185,1,1,1238.932,1,125.582,0,normal,0,nominal
2026-01-01 06:58:00,3,51.972,1.98,30.59,1,1,1112.82,1,115.93,0,warning,1,leak_progression
2026-01-01 06:59:00,1,73.029,3.774,24.441,1,1,1435.82,1,143.467,0,normal,0,nominal
2026-01-01 06:59:00,2,66.167,2.69,26.389,1,1,1238.469,1,123.499,0,normal,0,nominal
2026-01-01 06:59:00,3,52.24,2.196,30.171,1,1,1091.247,1,117.781,0,warning,1,leak_progression
2026-01-01 07:00:00,1,73.094,3.386,24.176,1,1,1451.702,1,139.599,0,normal,0,nominal
2026-01-01 07:00:00,2,65.486,3.111,26.243,1,1,1249.024,1,128.74,0,normal,0,nominal
2026-01-01 07:00:00,3,52.423,2.377,30.081,1,1,1104.485,1,120.527,0,warning,1,leak_progression
2026-01-01 07:01:00,1,73.579,3.582,23.953,1,1,1455.914,1,142.013,0,normal,0,nominal
2026-01-01 07:01:00,2,65.468,2.901,26.143,1,1,1266.156,1,126.976,0,normal,0,nominal
2026-01-01 07:01:00,3,52.619,2.111,30.414,1,1,1123.341,1,117.942,0,warning,1,leak_progression
2026-01-01 07:02:00,1,73.86,3.518,23.901,1,1,1439.512,1,140.659,0,normal,0,nominal
2026-01-01 07:02:00,2,65.291,2.517,26.325,1,1,1274.277,1,122.863,0,normal,0,nominal
2026-01-01 07:02:00,3,53.662,2.07,30.669,1,1,1126.875,1,117.578,0,warning,1,leak_progression
2026-01-01 07:03:00,1,74.92,3.179,24.331,1,1,1460.57,1,137.558,0,normal,0,nominal
2026-01-01 07:03:00,2,64.503,2.207,26.104,1,1,1234.031,1,117.774,0,normal,0,nominal
2026-01-01 07:03:00,3,51.04,2.313,30.615,1,1,1109.035,1,119.903,0,warning,1,leak_progression
2026-01-01 07:04:00,1,73.909,3.447,24.294,1,1,1437.343,1,139.755,0,normal,0,nominal
2026-01-01 07:04:00,2,65.684,2.305,26.766,1,1,1257.498,1,119.795,0,normal,0,nominal
2026-01-01 07:04:00,3,52.195,1.99,30.563,1,1,1098.453,1,115.497,0,warning,1,leak_progression
2026-01-01 07:05:00,1,73.934,3.398,24.02,1,1,1425.444,1,138.739,0,normal,0,nominal
2026-01-01 07:05:00,2,66.503,2.55,26.55,1,1,1258.999,1,122.666,0,normal,0,nominal
2026-01-01 07:05:00,3,52.764,1.877,30.692,1,1,1109.059,1,114.505,0,warning,1,leak_progression
2026-01-01 07:06:00,1,73.798,3.443,23.797,1,1,1428.342,1,139.369,0,normal,0,nominal
2026-01-01 07:06:00,2,68.409,3.055,26.943,1,1,1257.774,1,128.433,0,normal,0,nominal
2026-01-01 07:06:00,3,51.755,2.099,30.511,1,1,1123.606,1,117.813,0,warning,1,leak_progression
2026-01-01 07:07:00,1,73.363,3.602,24.206,1,1,1420.132,1,140.885,0,normal,0,nominal
2026-01-01 07:07:00,2,68.36,3.008,26.759,1,1,1249.23,1,127.568,0,normal,0,nominal
2026-01-01 07:07:00,3,49.63,1.993,30.968,1,1,1117.245,1,116.248,0,warning,1,leak_progression
2026-01-01 07:08:00,1,72.878,3.788,23.612,1,1,1416.737,1,142.898,0,normal,0,nominal
2026-01-01 07:08:00,2,68.104,2.755,26.923,1,1,1244.137,1,124.456,0,normal,0,nominal
2026-01-01 07:08:00,3,49.237,2.13,31.195,1,1,1116.925,1,117.943,0,warning,1,leak_progression
2026-01-01 07:09:00,1,74.342,3.638,24.023,1,1,1425.585,1,141.509,0,normal,0,nominal
2026-01-01 07:09:00,2,68.27,2.461,26.746,1,1,1250.356,1,121.315,0,normal,0,nominal
2026-01-01 07:09:00,3,50.926,1.976,30.958,1,1,1102.479,1,115.483,0,warning,1,leak_progression
2026-01-01 07:10:00,1,74.31,3.768,23.672,1,1,1405.116,1,142.231,0,normal,0,nominal
2026-01-01 07:10:00,2,67.809,2.611,26.407,1,1,1257.736,1,123.326,0,normal,0,nominal
2026-01-01 07:10:00,3,51.641,1.685,31.022,1,1,1098.14,1,111.707,0,warning,1,leak_progression
2026-01-01 07:11:00,1,74.166,3.632,23.813,1,1,1427.0,1,141.498,0,normal,0,nominal
2026-01-01 07:11:00,2,67.457,2.567,26.157,1,1,1259.077,1,122.866,0,normal,0,nominal
2026-01-01 07:11:00,3,51.431,1.857,30.821,1,1,1126.953,1,114.931,0,warning,1,leak_progression
2026-01-01 07:12:00,1,74.738,3.628,23.898,1,1,1436.943,1,141.825,0,normal,0,nominal
2026-01-01 07:12:00,2,66.899,2.977,26.357,1,1,1282.221,1,128.459,0,normal,0,nominal
2026-01-01 07:12:00,3,50.479,1.779,30.475,1,1,1112.771,1,113.428,0,warning,1,leak_progression
2026-01-01 07:13:00,1,75.173,3.422,23.83,1,1,1450.683,1,139.979,0,normal,0,nominal
2026-01-01 07:13:00,2,67.521,2.616,26.411,1,1,1285.457,1,124.437,0,normal,0,nominal
2026-01-01 07:13:00,3,50.528,1.937,30.402,1,1,1117.299,1,115.56,0,warning,1,leak_progression
2026-01-01 07:14:00,1,75.06,3.694,23.589,1,1,1439.946,1,142.698,0,normal,0,nominal
2026-01-01 07:14:00,2,66.611,2.425,26.702,1,1,1260.932,1,121.299,0,normal,0,nominal
2026-01-01 07:14:00,3,48.928,2.336,30.072,1,1,1107.811,1,120.14,0,warning,1,leak_progression
2026-01-01 07:15:00,1,76.225,3.59,23.542,1,1,1436.51,1,141.372,0,normal,0,nominal
2026-01-01 07:15:00,2,66.805,2.497,26.776,1,1,1238.002,1,121.258,0,normal,0,nominal
2026-01-01 07:15:00,3,50.137,2.148,30.055,1,1,1100.551,1,117.537,0,warning,1,leak_progression
2026-01-01 07:16:00,1,76.0,3.477,23.673,1,1,1423.493,1,139.579,0,normal,0,nominal
2026-01-01 07:16:00,2,66.158,3.062,26.556,1,1,1253.641,1,128.347,0,normal,0,nominal
2026-01-01 07:16:00,3,48.144,1.887,30.151,1,1,1117.406,1,114.948,0,warning,1,leak_progression
2026-01-01 07:17:00,1,75.04,3.952,23.81,1,1,1439.379,1,145.649,0,normal,0,nominal
2026-01-01 07:17:00,2,66.654,2.894,26.668,1,1,1272.259,1,127.131,0,normal,0,nominal
2026-01-01 07:17:00,3,49.672,1.998,30.325,1,1,1117.884,1,116.334,0,warning,1,leak_progression
2026-01-01 07:18:00,1,74.914,4.191,24.075,1,1,1438.707,1,148.372,0,normal,0,nominal
2026-01-01 07:18:00,2,66.501,3.254,26.445,1,1,1250.105,1,130.424,0,normal,0,nominal
2026-01-01 07:18:00,3,49.93,2.0,30.266,1,1,1104.741,1,115.86,0,warning,1,leak_progression
2026-01-01 07:19:00,1,74.001,3.722,24.2,1,1,1421.267,1,142.307,0,normal,0,nominal
2026-01-01 07:19:00,2,67.381,3.473,26.314,1,1,1247.155,1,132.83,0,normal,0,nominal
2026-01-01 07:19:00,3,51.318,1.974,30.038,1,1,1106.817,1,115.62,0,warning,1,leak_progression
2026-01-01 07:20:00,1,72.832,3.452,24.387,1,1,1423.44,1,139.291,0,normal,0,nominal
2026-01-01 07:20:00,2,69.17,3.696,26.275,1,1,1242.913,1,135.229,0,normal,0,nominal
2026-01-01 07:20:00,3,51.758,1.849,30.147,1,1,1103.176,1,113.94,0,warning,1,leak_progression
2026-01-01 07:21:00,1,74.232,3.338,24.348,1,1,1419.835,1,137.838,0,normal,0,nominal
2026-01-01 07:21:00,2,68.216,3.807,26.437,1,1,1242.933,1,136.512,0,normal,0,nominal
2026-01-01 07:21:00,3,50.634,2.186,30.528,1,1,1122.316,1,118.836,0,warning,1,leak_progression
2026-01-01 07:22:00,1,74.897,3.639,24.318,1,1,1412.634,1,141.034,0,normal,0,nominal
2026-01-01 07:22:00,2,67.209,3.411,26.258,1,1,1249.511,1,132.21,0,normal,0,nominal
2026-01-01 07:22:00,3,50.07,2.176,30.723,1,1,1124.893,1,118.808,0,warning,1,leak_progression
2026-01-01 07:23:00,1,74.797,3.573,23.896,1,1,1427.022,1,140.82,0,normal,0,nominal
2026-01-01 07:23:00,2,66.142,3.562,26.508,1,1,1257.359,1,134.24,0,normal,0,nominal
2026-01-01 07:23:00,3,52.228,2.094,30.547,1,1,1132.624,1,118.084,0,warning,1,leak_progression
2026-01-01 07:24:00,1,75.21,3.634,23.563,1,1,1415.916,1,141.091,0,normal,0,nominal
2026-01-01 07:24:00,2,65.648,2.79,26.648,1,1,1234.88,1,124.51,0,normal,0,nominal
2026-01-01 07:24:00,3,52.915,2.165,30.309,1,1,1123.461,1,118.616,0,warning,1,leak_progression
2026-01-01 07:25:00,1,78.053,3.629,23.86,1,1,1409.368,1,140.793,0,normal,0,nominal
2026-01-01 07:25:00,2,65.508,2.86,26.385,1,1,1271.552,1,126.707,0,normal,0,nominal
2026-01-01 07:25:00,3,51.857,2.576,30.307,1,1,1137.848,1,124.264,0,warning,1,leak_progression
2026-01-01 07:26:00,1,75.804,3.699,24.051,1,1,1406.562,1,141.485,0,normal,0,nominal
2026-01-01 07:26:00,2,66.133,2.851,26.705,1,1,1265.419,1,126.372,0,normal,0,nominal
2026-01-01 07:26:00,3,51.003,2.333,30.286,1,1,1131.63,1,121.017,0,warning,1,leak_progression
2026-01-01 07:27:00,1,75.451,3.968,23.845,1,1,1409.36,1,144.689,0,normal,0,nominal
2026-01-01 07:27:00,2,65.612,3.005,26.664,1,1,1264.478,1,128.105,0,normal,0,nominal
2026-01-01 07:27:00,3,51.942,2.305,30.719,1,1,1121.954,1,120.304,0,warning,1,leak_progression
2026-01-01 07:28:00,1,73.622,3.694,23.849,1,1,1412.535,1,141.661,0,normal,0,nominal
2026-01-01 07:28:00,2,67.294,3.403,26.384,1,1,1258.872,1,132.469,0,normal,0,nominal
2026-01-01 07:28:00,3,51.887,2.444,30.452,1,1,1130.21,1,122.333,0,warning,1,leak_progression
2026-01-01 07:29:00,1,73.749,3.675,23.7,1,1,1406.63,1,141.213,0,normal,0,nominal
2026-01-01 07:29:00,2,68.065,3.18,26.492,1,1,1264.859,1,130.139,0,normal,0,nominal
2026-01-01 07:29:00,3,52.143,2.067,30.502,1,1,1125.981,1,117.501,0,warning,1,leak_progression
2026-01-01 07:30:00,1,74.352,3.334,23.838,1,1,1429.858,1,138.171,0,normal,0,nominal
2026-01-01 07:30:00,2,67.824,3.184,26.6,1,1,1268.907,1,130.339,0,normal,0,nominal
2026-01-01 07:30:00,3,51.922,2.159,30.878,1,1,1099.054,1,117.625,0,warning,1,leak_progression
2026-01-01 07:31:00,1,74.057,3.257,24.165,1,1,1423.99,1,137.063,0,normal,0,nominal
2026-01-01 07:31:00,2,66.358,3.443,26.705,1,1,1284.337,1,133.901,0,normal,0,nominal
2026-01-01 07:31:00,3,51.517,2.068,30.765,1,1,1129.24,1,117.635,0,warning,1,leak_progression
2026-01-01 07:32:00,1,78.024,3.751,23.935,1,1,1433.607,1,143.111,0,normal,0,nominal
2026-01-01 07:32:00,2,65.625,3.408,26.531,1,1,1254.347,1,132.359,0,normal,0,nominal
2026-01-01 07:32:00,3,51.398,1.953,30.685,1,1,1126.287,1,116.096,0,warning,1,leak_progression
2026-01-01 07:33:00,1,76.187,3.422,23.942,1,1,1433.348,1,139.324,0,normal,0,nominal
2026-01-01 07:33:00,2,66.095,3.255,26.445,1,1,1241.927,1,130.121,0,normal,0,nominal
2026-01-01 07:33:00,3,52.073,1.776,30.317,1,1,1095.529,1,112.739,0,warning,1,leak_progression
2026-01-01 07:34:00,1,75.21,3.914,23.865,1,1,1427.596,1,144.756,0,normal,0,nominal
2026-01-01 07:34:00,2,66.672,3.154,26.397,1,1,1265.253,1,129.854,0,normal,0,nominal
2026-01-01 07:34:00,3,52.265,1.887,30.11,1,1,1106.451,1,114.529,0,warning,1,leak_progression
2026-01-01 07:35:00,1,76.377,4.123,23.942,1,1,1433.054,1,147.372,0,normal,0,nominal
2026-01-01 07:35:00,2,67.063,2.787,26.643,1,1,1237.601,1,124.58,0,normal,0,nominal
2026-01-01 07:35:00,3,51.889,2.215,30.584,1,1,1137.262,1,119.762,0,warning,1,leak_progression
2026-01-01 07:36:00,1,75.596,3.91,23.898,1,1,1435.933,1,145.035,0,normal,0,nominal
2026-01-01 07:36:00,2,67.624,2.409,26.661,1,1,1245.771,1,120.54,0,normal,0,nominal
2026-01-01 07:36:00,3,52.223,2.202,30.915,1,1,1132.134,1,119.413,0,warning,1,leak_progression
2026-01-01 07:37:00,1,74.67,4.186,24.262,1,1,1417.18,1,147.493,0,normal,0,nominal
2026-01-01 07:37:00,2,68.003,2.475,26.764,1,1,1249.444,1,121.437,0,normal,0,nominal
2026-01-01 07:37:00,3,53.356,2.09,30.653,1,1,1128.588,1,117.887,0,warning,1,leak_progression
2026-01-01 07:38:00,1,75.182,4.049,24.221,1,1,1418.813,1,145.974,0,normal,0,nominal
2026-01-01 07:38:00,2,67.962,2.201,26.366,1,1,1249.087,1,118.282,0,normal,0,nominal
2026-01-01 07:38:00,3,51.874,2.207,31.012,1,1,1131.91,1,119.466,0,warning,1,leak_progression
2026-01-01 07:39:00,1,75.128,3.847,24.237,1,1,1429.25,1,144.057,0,normal,0,nominal
2026-01-01 07:39:00,2,68.087,2.613,25.843,1,1,1235.996,1,122.519,0,normal,0,nominal
2026-01-01 07:39:00,3,51.932,2.212,31.075,1,1,1112.483,1,118.78,0,warning,1,leak_progression
2026-01-01 07:40:00,1,75.919,3.893,24.002,1,1,1422.034,1,144.31,0,normal,0,nominal
2026-01-01 07:40:00,2,66.299,2.453,26.208,1,1,1242.343,1,120.916,0,normal,0,nominal
2026-01-01 07:40:00,3,53.199,2.129,30.863,1,1,1096.155,1,117.134,0,warning,1,leak_progression
2026-01-01 07:41:00,1,74.972,3.879,23.85,1,1,1420.914,1,144.101,0,normal,0,nominal
2026-01-01 07:41:00,2,66.639,3.09,26.428,1,1,1242.167,1,128.237,0,normal,0,nominal
2026-01-01 07:41:00,3,50.422,2.129,30.654,1,1,1098.086,1,117.207,0,warning,1,leak_progression
2026-01-01 07:42:00,1,75.013,4.314,24.215,1,1,1421.508,1,149.124,0,normal,0,nominal
2026-01-01 07:42:00,2,65.582,2.555,26.63,1,1,1246.347,1,122.243,0,normal,0,nominal
2026-01-01 07:42:00,3,52.515,2.23,30.776,1,1,1104.582,1,118.708,0,warning,1,leak_progression
2026-01-01 07:43:00,1,75.893,4.137,23.823,1,1,1440.13,1,147.803,0,normal,0,nominal
2026-01-01 07:43:00,2,66.48,2.56,26.603,1,1,1259.508,1,122.797,0,normal,0,nominal
2026-01-01 07:43:00,3,54.701,2.25,30.907,1,1,1106.779,1,119.036,0,warning,1,leak_progression
2026-01-01 07:44:00,1,75.686,3.78,23.825,1,1,1434.446,1,143.48,0,normal,0,nominal
2026-01-01 07:44:00,2,66.295,2.746,26.338,1,1,1264.925,1,125.142,0,normal,0,nominal
2026-01-01 07:44:00,3,53.298,1.942,30.789,1,1,1097.718,1,114.885,0,warning,1,leak_progression
2026-01-01 07:45:00,1,75.512,3.572,23.588,1,1,1433.624,1,141.055,0,normal,0,nominal
2026-01-01 07:45:00,2,67.24,2.267,26.304,1,1,1282.532,1,120.304,0,normal,0,nominal
2026-01-01 07:45:00,3,50.85,2.127,30.675,1,1,1104.195,1,117.413,0,warning,1,leak_progression
2026-01-01 07:46:00,1,71.819,3.315,23.759,1,1,1438.553,1,138.285,0,normal,0,nominal
2026-01-01 07:46:00,2,67.304,2.678,26.03,1,1,1265.991,1,124.399,0,normal,0,nominal
2026-01-01 07:46:00,3,50.218,1.668,30.974,1,1,1117.933,1,112.246,0,warning,1,leak_progression
2026-01-01 07:47:00,1,73.43,3.711,23.686,1,1,1433.085,1,142.632,0,normal,0,nominal
2026-01-01 07:47:00,2,67.375,2.654,26.569,1,1,1275.96,1,124.51,0,normal,0,nominal
2026-01-01 07:47:00,3,51.212,2.316,31.041,1,1,1123.412,1,120.485,0,warning,1,leak_progression
2026-01-01 07:48:00,1,73.313,3.835,24.056,1,1,1419.437,1,143.541,0,normal,0,nominal
2026-01-01 07:48:00,2,67.388,2.109,26.18,1,1,1269.501,1,117.994,0,normal,0,nominal
2026-01-01 07:48:00,3,51.211,2.193,30.687,1,1,1120.135,1,118.84,0,warning,1,leak_progression
2026-01-01 07:49:00,1,74.406,4.149,23.621,1,1,1412.464,1,146.888,0,normal,0,nominal
2026-01-01 07:49:00,2,66.496,2.35,26.286,1,1,1256.073,1,120.252,0,normal,0,nominal
2026-01-01 07:49:00,3,52.191,2.065,30.543,1,1,1097.961,1,116.418,0,warning,1,leak_progression
2026-01-01 07:50:00,1,74.378,4.073,23.996,1,1,1432.493,1,146.776,0,normal,0,nominal
2026-01-01 07:50:00,2,65.988,3.088,26.327,1,1,1248.334,1,128.448,0,normal,0,nominal
2026-01-01 07:50:00,3,52.322,1.925,30.606,1,1,1098.602,1,114.705,0,warning,1,leak_progression
2026-01-01 07:51:00,1,74.143,3.771,24.046,1,1,1427.78,1,143.122,0,normal,0,nominal
2026-01-01 07:51:00,2,67.016,2.583,26.388,1,1,1235.317,1,122.15,0,normal,0,nominal
2026-01-01 07:51:00,3,51.798,2.108,30.567,1,1,1085.874,1,116.49,0,warning,1,leak_progression
2026-01-01 07:52:00,1,74.687,3.627,24.384,1,1,1454.319,1,142.47,0,normal,0,nominal
2026-01-01 07:52:00,2,66.465,3.106,26.363,1,1,1243.884,1,128.483,0,normal,0,nominal
2026-01-01 07:52:00,3,50.417,2.403,30.479,1,1,1096.884,1,120.554,0,warning,1,leak_progression
2026-01-01 07:53:00,1,72.836,3.757,24.134,1,1,1467.73,1,144.48,0,normal,0,nominal
2026-01-01 07:53:00,2,66.072,2.74,26.275,1,1,1246.058,1,124.363,0,normal,0,nominal
2026-01-01 07:53:00,3,50.705,2.208,30.599,1,1,1097.326,1,118.166,0,warning,1,leak_progression
2026-01-01 07:54:00,1,72.451,3.74,24.21,1,1,1446.924,1,143.498,0,normal,0,nominal
2026-01-01 07:54:00,2,66.053,2.702,26.133,1,1,1247.148,1,123.964,0,normal,0,nominal
2026-01-01 07:54:00,3,50.685,2.248,30.64,1,1,1111.17,1,119.176,0,warning,1,leak_progression
2026-01-01 07:55:00,1,73.684,3.696,24.082,1,1,1434.737,1,142.519,0,normal,0,nominal
2026-01-01 07:55:00,2,65.788,2.628,26.111,1,1,1245.545,1,123.055,0,normal,0,nominal
2026-01-01 07:55:00,3,50.189,1.992,30.753,1,1,1107.884,1,115.88,0,warning,1,leak_progression
2026-01-01 07:56:00,1,73.5,3.386,24.269,1,1,1413.186,1,138.14,0,normal,0,nominal
2026-01-01 07:56:00,2,67.423,2.707,26.357,1,1,1238.815,1,123.707,0,normal,0,nominal
2026-01-01 07:56:00,3,54.47,2.221,30.835,1,1,1114.071,1,118.961,0,warning,1,leak_progression
2026-01-01 07:57:00,1,73.018,3.297,24.587,1,1,1409.056,1,136.962,0,normal,0,nominal
2026-01-01 07:57:00,2,67.373,3.132,26.137,1,1,1251.711,1,129.082,0,normal,0,nominal
2026-01-01 07:57:00,3,54.224,1.996,30.709,1,1,1120.742,1,116.427,0,warning,1,leak_progression
2026-01-01 07:58:00,1,72.996,3.68,24.392,1,1,1443.153,1,142.66,0,normal,0,nominal
2026-01-01 07:58:00,2,66.689,3.37,25.922,1,1,1266.667,1,132.392,0,normal,0,nominal
2026-01-01 07:58:00,3,57.293,1.811,31.071,1,1,1136.078,1,114.709,0,warning,1,leak_progression
2026-01-01 07:59:00,1,73.173,3.774,24.229,1,1,1409.228,1,142.457,0,normal,0,nominal
2026-01-01 07:59:00,2,67.531,3.292,25.883,1,1,1254.187,1,131.022,0,normal,0,nominal
2026-01-01 07:59:00,3,56.253,2.058,30.893,1,1,1127.212,1,117.441,0,warning,1,leak_progression
2026-01-01 06:00:00,1,74.257,3.698,23.979,1,1,1409.869,1,141.6,0,normal,0,nominal
2026-01-01 06:00:00,2,67.511,2.781,26.013,1,1,1215.633,1,123.677,0,normal,0,nominal
2026-01-01 06:00:00,3,59.724,2.032,28.823,1,1,1107.406,1,110.948,0,normal,0,nominal
2026-01-01 06:01:00,1,73.623,3.706,24.127,1,1,1416.111,1,141.936,0,normal,0,nominal
2026-01-01 06:01:00,2,67.207,3.099,25.75,1,1,1257.467,1,128.924,0,normal,0,nominal
2026-01-01 06:01:00,3,60.886,2.208,29.039,1,1,1101.082,1,112.737,0,normal,0,nominal
2026-01-01 06:02:00,1,73.478,3.835,23.858,1,1,1424.682,1,143.744,0,normal,0,nominal
2026-01-01 06:02:00,2,67.053,2.72,25.767,1,1,1256.279,1,124.518,0,normal,0,nominal
2026-01-01 06:02:00,3,60.68,2.357,28.867,1,1,1112.844,1,114.896,0,normal,0,nominal
2026-01-01 06:03:00,1,73.546,4.104,24.005,1,1,1429.647,1,147.024,0,normal,0,nominal
2026-01-01 06:03:00,2,67.484,2.863,26.364,1,1,1255.226,1,126.129,0,normal,0,nominal
2026-01-01 06:03:00,3,61.814,2.439,28.915,1,1,1102.782,1,115.454,0,normal,0,nominal
2026-01-01 06:04:00,1,75.479,3.795,23.935,1,1,1416.922,1,142.985,0,normal,0,nominal
2026-01-01 06:04:00,2,67.489,2.324,26.578,1,1,1256.753,1,119.978,0,normal,0,nominal
2026-01-01 06:04:00,3,61.092,2.427,28.713,1,1,1106.354,1,115.452,0,normal,0,nominal
2026-01-01 06:05:00,1,74.219,3.7,23.93,1,1,1416.283,1,141.868,0,normal,0,nominal
2026-01-01 06:05:00,2,66.375,2.482,25.931,1,1,1231.762,1,120.851,0,normal,0,nominal
2026-01-01 06:05:00,3,62.119,2.105,28.815,1,1,1123.029,1,112.382,0,normal,0,nominal
2026-01-01 06:06:00,1,72.625,3.67,23.58,1,1,1409.755,1,141.277,0,normal,0,nominal
2026-01-01 06:06:00,2,68.005,2.462,26.283,1,1,1252.368,1,121.4,0,normal,0,nominal
2026-01-01 06:06:00,3,61.29,2.238,28.757,1,1,1129.813,1,114.175,0,normal,0,nominal
2026-01-01 06:07:00,1,74.096,3.795,23.583,1,1,1410.895,1,142.757,0,normal,0,nominal
2026-01-01 06:07:00,2,67.264,2.38,26.144,1,1,1252.712,1,120.473,0,normal,0,nominal
2026-01-01 06:07:00,3,61.031,2.105,28.75,1,1,1118.941,1,112.229,0,normal,0,nominal
2026-01-01 06:08:00,1,74.936,3.971,23.619,1,1,1404.01,1,144.514,0,normal,0,nominal
2026-01-01 06:08:00,2,67.764,3.224,26.219,1,1,1256.615,1,130.327,0,normal,0,nominal
2026-01-01 06:08:00,3,61.31,2.466,28.692,1,1,1100.495,1,115.68,0,normal,0,nominal
2026-01-01 06:09:00,1,75.349,3.804,23.657,1,1,1397.488,1,142.346,0,normal,0,nominal
2026-01-01 06:09:00,2,67.715,2.457,26.318,1,1,1267.231,1,121.91,0,normal,0,nominal
2026-01-01 06:09:00,3,60.743,2.513,28.507,1,1,1119.053,1,116.925,0,normal,0,nominal
2026-01-01 06:10:00,1,75.904,3.966,23.365,1,1,1405.54,1,144.518,0,normal,0,nominal
2026-01-01 06:10:00,2,67.644,2.747,26.425,1,1,1240.857,1,124.242,0,normal,0,nominal
2026-01-01 06:10:00,3,61.509,2.499,28.487,1,1,1121.268,1,116.85,0,normal,0,nominal
2026-01-01 06:11:00,1,75.968,4.168,23.187,1,1,1429.939,1,147.767,0,normal,0,nominal
2026-01-01 06:11:00,2,68.139,2.61,26.461,1,1,1254.765,1,123.191,0,normal,0,nominal
2026-01-01 06:11:00,3,60.251,2.455,28.573,1,1,1112.531,1,116.004,0,normal,0,nominal
2026-01-01 06:12:00,1,75.056,3.84,23.292,1,1,1436.313,1,144.24,0,normal,0,nominal
2026-01-01 06:12:00,2,67.122,2.754,26.217,1,1,1237.634,1,124.198,0,normal,0,nominal
2026-01-01 06:12:00,3,60.077,2.674,28.578,1,1,1105.723,1,118.267,0,normal,0,nominal
2026-01-01 06:13:00,1,73.577,3.572,23.444,1,1,1411.5,1,140.213,0,normal,0,nominal
2026-01-01 06:13:00,2,67.187,3.237,26.396,1,1,1236.184,1,129.703,0,normal,0,nominal
2026-01-01 06:13:00,3,60.334,2.365,28.808,1,1,1086.794,1,113.999,0,normal,0,nominal
2026-01-01 06:14:00,1,74.894,3.918,23.22,1,1,1399.243,1,143.729,0,normal,0,nominal
2026-01-01 06:14:00,2,66.992,3.26,26.397,1,1,1250.84,1,130.52,0,normal,0,nominal
2026-01-01 06:14:00,3,60.294,2.155,28.53,1,1,1091.146,1,111.747,0,normal,0,nominal
2026-01-01 06:15:00,1,75.528,3.897,23.385,1,1,1405.486,1,143.724,0,normal,0,nominal
2026-01-01 06:15:00,2,66.746,3.221,26.469,1,1,1243.672,1,129.801,0,normal,0,nominal
2026-01-01 06:15:00,3,60.612,2.222,28.562,1,1,1104.633,1,113.028,0,normal,0,nominal
2026-01-01 06:16:00,1,75.064,3.478,23.086,1,1,1410.106,1,139.086,0,normal,0,nominal
2026-01-01 06:16:00,2,66.161,3.218,26.328,1,1,1252.691,1,130.112,0,normal,0,nominal
2026-01-01 06:16:00,3,61.975,2.377,28.545,1,1,1113.812,1,115.158,0,normal,0,nominal
2026-01-01 06:17:00,1,73.915,3.749,22.904,1,1,1419.382,1,142.548,0,normal,0,nominal
2026-01-01 06:17:00,2,66.269,3.272,26.073,1,1,1266.29,1,131.243,0,normal,0,nominal
2026-01-01 06:17:00,3,61.628,2.363,28.463,1,1,1117.526,1,115.14,0,normal,0,nominal
2026-01-01 06:18:00,1,74.256,3.652,23.173,1,1,1427.117,1,141.723,0,normal,0,nominal
2026-01-01 06:18:00,2,66.729,3.516,26.168,1,1,1262.961,1,133.924,0,normal,0,nominal
2026-01-01 06:18:00,3,61.346,2.187,28.577,1,1,1113.25,1,112.952,0,normal,0,nominal
2026-01-01 06:19:00,1,73.302,3.636,23.436,1,1,1455.673,1,142.635,0,normal,0,nominal
2026-01-01 06:19:00,2,66.476,2.525,26.193,1,1,1274.848,1,122.978,0,normal,0,nominal
2026-01-01 06:19:00,3,62.308,2.312,28.732,1,1,1099.596,1,113.873,0,normal,0,nominal
2026-01-01 06:20:00,1,73.693,3.78,23.293,1,1,1440.311,1,143.699,0,normal,0,nominal
2026-01-01 06:20:00,2,66.013,2.571,26.342,1,1,1267.979,1,123.254,0,normal,0,nominal
2026-01-01 06:20:00,3,60.065,2.41,28.754,1,1,1113.562,1,115.526,0,normal,0,nominal
2026-01-01 06:21:00,1,74.056,3.603,23.224,1,1,1435.347,1,141.481,0,normal,0,nominal
2026-01-01 06:21:00,2,67.946,3.261,26.642,1,1,1274.414,1,131.432,0,normal,0,nominal
2026-01-01 06:21:00,3,61.292,1.916,28.466,1,1,1117.983,1,110.023,0,normal,0,nominal
2026-01-01 06:22:00,1,75.491,3.761,23.092,1,1,1440.656,1,143.494,0,normal,0,nominal
2026-01-01 06:22:00,2,68.444,3.089,26.893,1,1,1259.505,1,128.888,0,normal,0,nominal
2026-01-01 06:22:00,3,61.527,2.258,28.402,1,1,1123.516,1,114.166,0,normal,0,nominal
2026-01-01 06:23:00,1,75.14,3.516,23.477,1,1,1431.986,1,140.349,0,normal,0,nominal
2026-01-01 06:23:00,2,66.614,3.278,26.62,1,1,1274.977,1,131.642,0,normal,0,nominal
2026-01-01 06:23:00,3,62.048,2.362,28.536,1,1,1130.405,1,115.616,0,normal,0,nominal
2026-01-01 06:24:00,1,73.783,3.794,23.684,1,1,1450.673,1,144.253,0,normal,0,nominal
2026-01-01 06:24:00,2,67.25,3.33,26.436,1,1,1291.448,1,132.866,0,normal,0,nominal
2026-01-01 06:24:00,3,62.249,2.114,28.987,1,1,1110.601,1,112.015,0,normal,0,nominal
2026-01-01 06:25:00,1,74.004,3.825,23.72,1,1,1435.943,1,144.058,0,normal,0,nominal
2026-01-01 06:25:00,2,67.562,2.965,26.196,1,1,1262.331,1,127.565,0,normal,0,nominal
2026-01-01 06:25:00,3,60.965,2.115,29.197,1,1,1124.692,1,114.361,0,normal,0,leak_progression
2026-01-01 06:26:00,1,74.417,4.048,23.466,1,1,1410.869,1,145.664,0,normal,0,nominal
2026-01-01 06:26:00,2,67.85,3.133,26.353,1,1,1257.378,1,129.305,0,normal,0,nominal
2026-01-01 06:26:00,3,58.383,2.042,29.285,1,1,1132.488,1,115.607,0,normal,1,leak_progression
2026-01-01 06:27:00,1,75.672,4.353,23.703,1,1,1397.516,1,148.665,0,normal,0,nominal
2026-01-01 06:27:00,2,66.492,3.271,26.26,1,1,1244.142,1,130.391,0,normal,0,nominal
2026-01-01 06:27:00,3,55.93,2.171,29.489,1,1,1114.181,1,118.338,0,warning,1,leak_progression
2026-01-01 06:28:00,1,73.972,3.956,23.658,1,1,1412.334,1,144.665,0,normal,0,nominal
2026-01-01 06:28:00,2,65.471,3.126,26.337,1,1,1267.096,1,129.595,0,normal,0,nominal
2026-01-01 06:28:00,3,52.385,1.998,29.984,1,1,1115.785,1,118.114,0,warning,1,leak_progression
2026-01-01 06:29:00,1,73.259,3.688,23.392,1,1,1434.521,1,142.419,0,normal,0,nominal
2026-01-01 06:29:00,2,66.539,3.215,26.165,1,1,1229.979,1,129.207,0,normal,0,nominal
2026-01-01 06:29:00,3,48.309,1.786,30.922,1,1,1119.982,1,117.403,0,warning,1,leak_progression
2026-01-01 06:30:00,1,73.458,3.579,23.568,1,1,1436.666,1,141.254,0,normal,0,nominal
2026-01-01 06:30:00,2,65.264,2.885,26.095,1,1,1245.811,1,126.02,0,normal,0,nominal
2026-01-01 06:30:00,3,46.444,1.626,31.015,1,1,1123.792,1,117.247,1,warning,1,leak_progression
2026-01-01 06:31:00,1,72.253,3.624,23.572,1,1,1426.413,1,141.375,0,normal,0,nominal
2026-01-01 06:31:00,2,66.432,2.924,25.823,1,1,1262.339,1,127.094,0,normal,0,nominal
2026-01-01 06:31:00,3,43.702,1.436,31.393,1,1,1129.317,1,116.659,1,fault,1,leak_progression
2026-01-01 06:32:00,1,72.895,3.311,23.856,1,1,1434.759,1,138.097,0,normal,0,nominal
2026-01-01 06:32:00,2,66.762,2.901,26.207,1,1,1256.077,1,126.593,0,normal,0,nominal
2026-01-01 06:32:00,3,39.44,1.704,32.323,1,1,1127.104,1,122.176,1,fault,1,leak_progression
2026-01-01 06:33:00,1,73.949,3.446,24.03,1,1,1432.223,1,139.553,0,normal,0,nominal
2026-01-01 06:33:00,2,66.763,2.761,26.269,1,1,1249.751,1,124.744,0,normal,0,nominal
2026-01-01 06:33:00,3,37.117,1.404,32.827,1,1,1120.156,1,119.461,1,fault,1,leak_progression
2026-01-01 06:34:00,1,74.078,3.476,23.796,1,1,1436.532,1,140.057,0,normal,0,nominal
2026-01-01 06:34:00,2,66.43,2.804,26.392,1,1,1270.931,1,126.039,0,normal,0,nominal
2026-01-01 06:34:00,3,32.561,1.355,33.289,1,1,1111.389,1,120.235,1,fault,1,leak_progression
2026-01-01 06:35:00,1,73.817,3.732,24.113,1,1,1432.342,1,142.846,0,normal,0,nominal
2026-01-01 06:35:00,2,64.814,2.767,26.51,1,1,1279.3,1,125.928,0,normal,0,nominal
2026-01-01 06:35:00,3,30.634,1.452,33.464,1,1,1136.699,1,122.672,1,fault,1,leak_progression
2026-01-01 06:36:00,1,74.037,3.586,24.036,1,1,1430.41,1,141.1,0,normal,0,nominal
2026-01-01 06:36:00,2,65.355,3.137,26.821,1,1,1280.087,1,130.214,0,normal,0,nominal
2026-01-01 06:36:00,3,30.137,1.382,33.726,1,1,1120.226,1,120.983,1,fault,1,leak_progression
2026-01-01 06:37:00,1,75.961,3.555,24.156,1,1,1432.833,1,140.831,0,normal,0,nominal
2026-01-01 06:37:00,2,65.367,3.118,26.496,1,1,1270.343,1,129.63,0,normal,0,nominal
2026-01-01 06:37:00,3,29.231,1.588,33.976,1,1,1110.913,1,123.738,1,fault,1,leak_progression
2026-01-01 06:38:00,1,75.365,3.631,23.918,1,1,1426.829,1,141.472,0,normal,0,nominal
2026-01-01 06:38:00,2,66.787,2.953,26.114,1,1,1266.895,1,127.603,0,normal,0,nominal
2026-01-01 06:38:00,3,33.36,1.397,34.008,1,1,1111.652,1,120.875,1,fault,1,leak_progression
2026-01-01 06:39:00,1,73.825,3.775,24.013,1,1,1450.45,1,144.025,0,normal,0,nominal
2026-01-01 06:39:00,2,67.482,2.517,26.149,1,1,1242.673,1,121.664,0,normal,0,nominal
2026-01-01 06:39:00,3,30.346,1.045,34.225,1,1,1115.303,1,115.695,1,fault,1,leak_progression
2026-01-01 06:40:00,1,72.167,3.965,23.79,1,1,1430.555,1,145.454,0,normal,0,nominal
2026-01-01 06:40:00,2,66.098,2.685,26.407,1,1,1257.457,1,124.157,0,normal,0,nominal
2026-01-01 06:40:00,3,30.65,1.323,34.47,1,1,1121.147,1,120.12,1,fault,1,leak_progression
2026-01-01 06:41:00,1,73.428,3.687,23.798,1,1,1401.546,1,141.16,0,normal,0,nominal
2026-01-01 06:41:00,2,66.697,2.768,26.165,1,1,1244.812,1,124.631,0,normal,0,nominal
2026-01-01 06:41:00,3,30.016,1.387,34.883,1,1,1135.033,1,121.621,1,fault,1,leak_progression
2026-01-01 06:42:00,1,74.396,3.818,23.649,1,1,1388.368,1,142.168,0,normal,0,nominal
2026-01-01 06:42:00,2,66.863,2.928,26.175,1,1,1242.927,1,126.408,0,normal,0,nominal
2026-01-01 06:42:00,3,30.359,1.658,34.865,1,1,1120.197,1,125.152,1,fault,1,leak_progression
2026-01-01 06:43:00,1,73.154,3.893,24.045,1,1,1405.026,1,143.664,0,normal,0,nominal
2026-01-01 06:43:00,2,67.26,3.223,26.392,1,1,1239.123,1,129.649,0,normal,0,nominal
2026-01-01 06:43:00,3,30.033,1.316,34.88,1,1,1132.901,1,120.464,1,fault,1,leak_progression
2026-01-01 06:44:00,1,73.852,3.534,23.766,1,1,1433.211,1,140.601,0,normal,0,nominal
2026-01-01 06:44:00,2,67.88,2.739,26.514,1,1,1251.054,1,124.54,0,normal,0,nominal
2026-01-01 06:44:00,3,29.486,1.254,34.775,1,1,1100.407,1,118.295,1,fault,1,leak_progression
2026-01-01 06:45:00,1,73.475,3.373,24.042,1,1,1429.252,1,138.606,0,normal,0,nominal
2026-01-01 06:45:00,2,66.781,2.945,26.217,1,1,1243.98,1,126.643,0,normal,0,nominal
2026-01-01 06:45:00,3,30.229,1.428,34.541,1,1,1124.765,1,121.85,1,fault,1,leak_progression
2026-01-01 06:46:00,1,73.105,3.24,24.052,1,1,1417.004,1,136.61,0,normal,0,nominal
2026-01-01 06:46:00,2,67.035,2.906,26.479,1,1,1238.044,1,125.97,0,normal,0,nominal
2026-01-01 06:46:00,3,29.351,1.448,34.366,1,1,1121.745,1,122.034,1,fault,1,leak_progression
2026-01-01 06:47:00,1,72.384,3.301,24.459,1,1,1418.508,1,137.362,0,normal,0,nominal
2026-01-01 06:47:00,2,66.585,3.272,26.22,1,1,1216.672,1,129.36,0,normal,0,nominal
2026-01-01 06:47:00,3,29.901,1.443,34.456,1,1,1123.67,1,122.034,1,fault,1,leak_progression
2026-01-01 06:48:00,1,72.944,3.779,24.231,1,1,1417.116,1,142.804,0,normal,0,nominal
2026-01-01 06:48:00,2,68.017,2.918,26.251,1,1,1225.536,1,125.626,0,normal,0,nominal
2026-01-01 06:48:00,3,29.696,1.464,34.677,1,1,1095.336,1,121.273,1,fault,1,leak_progression
2026-01-01 06:49:00,1,74.315,3.573,23.906,1,1,1413.026,1,140.281,0,normal,0,nominal
2026-01-01 06:49:00,2,67.689,2.811,26.218,1,1,1238.443,1,124.891,0,normal,0,nominal
2026-01-01 06:49:00,3,30.159,1.67,34.978,1,1,1093.515,1,124.321,1,fault,1,leak_progression
2026-01-01 06:50:00,1,73.69,3.634,23.841,1,1,1420.66,1,141.281,0,normal,0,nominal
2026-01-01 06:50:00,2,66.916,2.705,26.191,1,1,1268.845,1,124.821,0,normal,0,nominal
2026-01-01 06:50:00,3,29.202,1.59,34.629,1,1,1102.071,1,123.431,1,fault,1,leak_progression
2026-01-01 06:51:00,1,72.833,3.985,24.122,1,1,1402.668,1,144.633,0,normal,0,nominal
2026-01-01 06:51:00,2,68.321,2.817,25.877,1,1,1255.231,1,125.597,0,normal,0,nominal
2026-01-01 06:51:00,3,28.776,1.7,34.835,1,1,1120.985,1,125.823,1,fault,1,leak_progression
2026-01-01 06:52:00,1,73.855,3.457,24.088,1,1,1402.372,1,138.548,0,normal,0,nominal
2026-01-01 06:52:00,2,68.661,2.688,26.011,1,1,1246.449,1,123.775,0,normal,0,nominal
2026-01-01 06:52:00,3,28.341,1.506,34.367,1,1,1149.594,1,123.971,1,fault,1,leak_progression
2026-01-01 06:53:00,1,72.426,3.317,23.952,1,1,1391.797,1,136.539,0,normal,0,nominal
2026-01-01 06:53:00,2,68.407,2.627,26.255,1,1,1272.193,1,124.048,0,normal,0,nominal
2026-01-01 06:53:00,3,28.021,1.219,34.172,1,1,1153.964,1,119.789,1,fault,1,leak_progression
2026-01-01 06:54:00,1,72.851,3.404,24.196,1,1,1395.276,1,137.667,0,normal,0,nominal
2026-01-01 06:54:00,2,66.994,2.714,26.383,1,1,1268.832,1,124.927,0,normal,0,nominal
2026-01-01 06:54:00,3,29.59,1.285,34.067,1,1,1134.118,1,120.04,1,fault,1,leak_progression
2026-01-01 06:55:00,1,74.079,3.795,23.472,1,1,1409.771,1,142.71,0,normal,0,nominal
2026-01-01 06:55:00,2,67.903,2.626,26.446,1,1,1240.784,1,122.844,0,normal,0,nominal
2026-01-01 06:55:00,3,35.269,1.402,34.371,1,1,1121.086,1,119.017,1,fault,1,leak_progression
2026-01-01 06:56:00,1,71.575,2.988,23.674,1,1,1422.992,1,133.936,0,normal,0,nominal
2026-01-01 06:56:00,2,67.601,2.271,26.362,1,1,1230.477,1,118.373,0,normal,0,nominal
2026-01-01 06:56:00,3,36.547,1.747,34.112,1,1,1112.263,1,121.266,1,fault,1,leak_progression
2026-01-01 06:57:00,1,71.583,3.338,23.868,1,1,1425.095,1,138.046,0,normal,0,nominal
2026-01-01 06:57:00,2,67.136,2.359,26.346,1,1,1229.562,1,119.355,0,normal,0,nominal
2026-01-01 06:57:00,3,38.137,1.95,33.233,1,1,1145.567,1,122.915,1,warning,1,leak_progression
2026-01-01 06:58:00,1,73.632,3.589,24.041,1,1,1405.542,1,140.179,0,normal,0,nominal
2026-01-01 06:58:00,2,67.368,3.056,26.04,1,1,1239.593,1,127.747,0,normal,0,nominal
2026-01-01 06:58:00,3,41.73,1.937,32.568,1,1,1133.413,1,119.88,0,warning,1,leak_progression
2026-01-01 06:59:00,1,73.79,3.616,24.032,1,1,1416.45,1,140.914,0,normal,0,nominal
2026-01-01 06:59:00,2,67.077,2.763,26.59,1,1,1224.488,1,123.799,0,normal,0,nominal
2026-01-01 06:59:00,3,46.699,2.001,31.71,1,1,1109.73,1,117.463,0,warning,1,leak_progression
2026-01-01 07:00:00,1,74.202,3.395,23.877,1,1,1439.551,1,139.244,0,normal,0,nominal
2026-01-01 07:00:00,2,68.048,2.743,26.4,1,1,1233.404,1,123.913,0,normal,0,nominal
2026-01-01 07:00:00,3,49.625,2.006,31.187,1,1,1102.35,1,115.851,0,warning,1,leak_progression
2026-01-01 07:01:00,1,74.434,3.334,23.909,1,1,1433.666,1,138.32,0,normal,0,nominal
2026-01-01 07:01:00,2,67.545,2.612,26.439,1,1,1248.82,1,122.993,0,normal,0,nominal
2026-01-01 07:01:00,3,51.794,1.941,30.778,1,1,1093.527,1,114.712,0,warning,1,leak_progression
2026-01-01 07:02:00,1,72.181,3.352,23.927,1,1,1433.123,1,138.512,0,normal,0,nominal
2026-01-01 07:02:00,2,67.732,2.986,26.225,1,1,1258.456,1,127.663,0,normal,0,nominal
2026-01-01 07:02:00,3,51.257,2.002,30.841,1,1,1114.486,1,116.257,0,warning,1,leak_progression
2026-01-01 07:03:00,1,71.431,3.51,24.134,1,1,1425.675,1,140.044,0,normal,0,nominal
2026-01-01 07:03:00,2,67.325,3.716,25.911,1,1,1269.126,1,136.46,0,normal,0,nominal
2026-01-01 07:03:00,3,50.73,1.983,30.622,1,1,1130.998,1,116.656,0,warning,1,leak_progression
2026-01-01 07:04:00,1,68.936,3.192,23.869,1,1,1436.411,1,136.796,0,normal,0,nominal
2026-01-01 07:04:00,2,67.714,2.995,26.284,1,1,1265.227,1,128.016,0,normal,0,nominal
2026-01-01 07:04:00,3,51.142,2.272,30.47,1,1,1129.059,1,120.163,0,warning,1,leak_progression
2026-01-01 07:05:00,1,71.173,3.627,23.716,1,1,1442.296,1,142.015,0,normal,0,nominal
2026-01-01 07:05:00,2,67.123,3.039,26.201,1,1,1278.908,1,129.048,0,normal,0,nominal
2026-01-01 07:05:00,3,50.892,2.306,30.139,1,1,1140.98,1,121.036,0,warning,1,leak_progression
2026-01-01 07:06:00,1,72.087,3.194,23.996,1,1,1421.416,1,136.25,0,normal,0,nominal
2026-01-01 07:06:00,2,68.331,3.06,26.726,1,1,1252.881,1,128.302,0,normal,0,nominal
2026-01-01 07:06:00,3,50.674,2.129,30.108,1,1,1128.553,1,118.372,0,warning,1,leak_progression
2026-01-01 07:07:00,1,73.721,3.511,24.072,1,1,1429.615,1,140.205,0,normal,0,nominal
2026-01-01 07:07:00,2,68.896,3.229,26.503,1,1,1250.603,1,130.155,0,normal,0,nominal
2026-01-01 07:07:00,3,50.715,2.251,30.495,1,1,1118.589,1,119.496,0,warning,1,leak_progression
2026-01-01 07:08:00,1,73.76,3.277,23.791,1,1,1434.171,1,137.689,0,normal,0,nominal
2026-01-01 07:08:00,2,68.309,2.894,26.512,1,1,1241.425,1,125.952,0,normal,0,nominal
2026-01-01 07:08:00,3,50.506,2.102,30.388,1,1,1118.869,1,117.662,0,warning,1,leak_progression
2026-01-01 07:09:00,1,73.926,3.769,23.624,1,1,1434.428,1,143.356,0,normal,0,nominal
2026-01-01 07:09:00,2,66.737,3.189,26.474,1,1,1248.56,1,129.613,0,normal,0,nominal
2026-01-01 07:09:00,3,51.263,2.146,30.361,1,1,1113.242,1,118.001,0,warning,1,leak_progression
2026-01-01 07:10:00,1,73.842,3.601,23.382,1,1,1422.667,1,140.971,0,normal,0,nominal
2026-01-01 07:10:00,2,67.354,3.584,26.822,1,1,1253.411,1,134.344,0,normal,0,nominal
2026-01-01 07:10:00,3,52.483,2.298,30.647,1,1,1126.091,1,120.371,0,warning,1,leak_progression
2026-01-01 07:11:00,1,74.824,3.616,23.309,1,1,1428.784,1,141.382,0,normal,0,nominal
2026-01-01 07:11:00,2,69.46,3.156,26.611,1,1,1258.664,1,129.628,0,normal,0,nominal
2026-01-01 07:11:00,3,51.757,2.515,30.516,1,1,1142.508,1,123.68,0,warning,1,leak_progression
2026-01-01 07:12:00,1,73.823,3.344,23.256,1,1,1431.379,1,138.344,0,normal,0,nominal
2026-01-01 07:12:00,2,67.366,3.612,26.744,1,1,1253.477,1,134.673,0,normal,0,nominal
2026-01-01 07:12:00,3,52.985,2.433,30.659,1,1,1141.63,1,122.631,0,warning,1,leak_progression
2026-01-01 07:13:00,1,72.691,3.503,23.417,1,1,1446.77,1,140.765,0,normal,0,nominal
2026-01-01 07:13:00,2,67.28,3.172,26.567,1,1,1260.44,1,129.873,0,normal,0,nominal
2026-01-01 07:13:00,3,53.713,2.087,30.694,1,1,1135.423,1,118.105,0,warning,1,leak_progression
2026-01-01 07:14:00,1,73.128,3.541,23.587,1,1,1432.047,1,140.645,0,normal,0,nominal
2026-01-01 07:14:00,2,66.78,2.883,27.018,1,1,1249.948,1,126.158,0,normal,0,nominal
2026-01-01 07:14:00,3,50.576,1.826,30.495,1,1,1135.999,1,114.896,0,warning,1,leak_progression
2026-01-01 07:15:00,1,73.771,3.919,23.932,1,1,1397.809,1,143.68,0,normal,0,nominal
2026-01-01 07:15:00,2,67.168,3.027,26.767,1,1,1253.951,1,127.959,0,normal,0,nominal
2026-01-01 07:15:00,3,51.342,1.772,30.56,1,1,1102.522,1,112.95,0,warning,1,leak_progression
2026-01-01 07:16:00,1,73.027,4.02,23.974,1,1,1415.869,1,145.53,0,normal,0,nominal
2026-01-01 07:16:00,2,67.856,2.651,26.905,1,1,1274.078,1,124.398,0,normal,0,nominal
2026-01-01 07:16:00,3,51.098,1.93,30.907,1,1,1107.395,1,115.103,0,warning,1,leak_progression
2026-01-01 07:17:00,1,75.751,3.825,24.28,1,1,1423.405,1,143.581,0,normal,0,nominal
2026-01-01 07:17:00,2,68.419,2.812,26.663,1,1,1244.469,1,125.131,0,normal,0,nominal
2026-01-01 07:17:00,3,48.089,1.717,31.125,1,1,1112.485,1,112.652,0,warning,1,leak_progression
2026-01-01 07:18:00,1,74.033,4.115,24.622,1,1,1433.289,1,147.282,0,normal,0,nominal
2026-01-01 07:18:00,2,67.96,2.739,26.491,1,1,1258.109,1,124.807,0,normal,0,nominal
2026-01-01 07:18:00,3,49.213,1.837,31.039,1,1,1102.179,1,113.749,0,warning,1,leak_progression
2026-01-01 07:19:00,1,76.658,3.857,24.381,1,1,1420.795,1,143.848,0,normal,0,nominal
2026-01-01 07:19:00,2,68.039,2.705,26.611,1,1,1281.609,1,125.311,0,normal,0,nominal
2026-01-01 07:19:00,3,50.135,2.147,30.585,1,1,1113.345,1,118.015,0,warning,1,leak_progression
2026-01-01 07:20:00,1,75.476,3.803,24.214,1,1,1430.15,1,143.585,0,normal,0,nominal
2026-01-01 07:20:00,2,67.226,3.039,26.339,1,1,1265.743,1,128.543,0,normal,0,nominal
2026-01-01 07:20:00,3,50.54,2.153,30.815,1,1,1113.806,1,118.106,0,warning,1,leak_progression
2026-01-01 07:21:00,1,74.992,3.705,23.938,1,1,1433.853,1,142.594,0,normal,0,nominal
2026-01-01 07:21:00,2,66.431,2.882,26.409,1,1,1276.882,1,127.159,0,normal,0,nominal
2026-01-01 07:21:00,3,51.65,1.738,31.151,1,1,1113.593,1,112.952,0,warning,1,leak_progression
2026-01-01 07:22:00,1,73.982,3.598,23.868,1,1,1416.273,1,140.696,0,normal,0,nominal
2026-01-01 07:22:00,2,66.503,2.385,26.527,1,1,1281.228,1,121.614,0,normal,0,nominal
2026-01-01 07:22:00,3,50.562,2.122,31.428,1,1,1118.247,1,117.89,0,warning,1,leak_progression
2026-01-01 07:23:00,1,74.451,3.491,23.795,1,1,1439.788,1,140.361,0,normal,0,nominal
2026-01-01 07:23:00,2,65.582,2.818,26.465,1,1,1268.257,1,126.105,0,normal,0,nominal
2026-01-01 07:23:00,3,49.9,1.912,31.287,1,1,1104.551,1,114.772,0,warning,1,leak_progression
2026-01-01 07:24:00,1,73.052,3.547,23.682,1,1,1436.996,1,140.901,0,normal,0,nominal
2026-01-01 07:24:00,2,65.961,3.21,26.34,1,1,1257.518,1,130.197,0,normal,0,nominal
2026-01-01 07:24:00,3,49.566,1.711,30.936,1,1,1111.538,1,112.537,0,warning,1,leak_progression
2026-01-01 07:25:00,1,73.713,4.127,23.58,1,1,1411.982,1,146.617,0,normal,0,nominal
2026-01-01 07:25:00,2,67.337,2.931,26.248,1,1,1271.634,1,127.532,0,normal,0,nominal
2026-01-01 07:25:00,3,51.028,1.615,30.738,1,1,1116.287,1,111.528,0,warning,1,leak_progression
2026-01-01 07:26:00,1,74.462,3.773,23.566,1,1,1399.877,1,142.089,0,normal,0,nominal
2026-01-01 07:26:00,2,65.816,2.876,26.065,1,1,1239.392,1,125.673,0,normal,0,nominal
2026-01-01 07:26:00,3,52.939,1.867,30.812,1,1,1122.779,1,114.908,0,warning,1,leak_progression
2026-01-01 07:27:00,1,73.844,4.17,23.697,1,1,1436.411,1,148.035,0,normal,0,nominal
2026-01-01 07:27:00,2,66.013,2.873,26.725,1,1,1237.74,1,125.568,0,normal,0,nominal
2026-01-01 07:27:00,3,52.665,1.911,30.88,1,1,1112.774,1,115.065,0,warning,1,leak_progression
2026-01-01 07:28:00,1,73.406,3.819,23.752,1,1,1414.858,1,143.18,0,normal,0,nominal
2026-01-01 07:28:00,2,66.382,3.026,26.743,1,1,1260.025,1,128.175,0,normal,0,nominal
2026-01-01 07:28:00,3,53.377,2.129,30.586,1,1,1108.009,1,117.591,0,warning,1,leak_progression
2026-01-01 07:29:00,1,73.066,4.118,23.569,1,1,1403.879,1,146.204,0,normal,0,nominal
2026-01-01 07:29:00,2,66.118,3.091,26.778,1,1,1249.297,1,128.522,0,normal,0,nominal
2026-01-01 07:29:00,3,53.117,1.939,30.987,1,1,1119.998,1,115.693,0,warning,1,leak_progression
2026-01-01 07:30:00,1,73.222,4.224,23.645,1,1,1406.969,1,147.535,0,normal,0,nominal
2026-01-01 07:30:00,2,67.236,3.34,26.431,1,1,1248.535,1,131.353,0,normal,0,nominal
2026-01-01 07:30:00,3,53.833,2.046,30.751,1,1,1118.733,1,116.965,0,warning,1,leak_progression
2026-01-01 07:31:00,1,74.319,3.693,23.866,1,1,1419.505,1,141.916,0,normal,0,nominal
2026-01-01 07:31:00,2,67.769,3.042,26.301,1,1,1231.998,1,127.295,0,normal,0,nominal
2026-01-01 07:31:00,3,53.613,2.176,30.744,1,1,1096.809,1,117.738,0,warning,1,leak_progression
2026-01-01 07:32:00,1,75.04,3.393,23.965,1,1,1428.397,1,138.801,0,normal,0,nominal
2026-01-01 07:32:00,2,64.722,3.293,26.076,1,1,1229.946,1,130.11,0,normal,0,nominal
2026-01-01 07:32:00,3,51.984,2.169,30.877,1,1,1130.438,1,118.933,0,warning,1,leak_progression
2026-01-01 07:33:00,1,73.646,3.511,24.166,1,1,1438.087,1,140.525,0,normal,0,nominal
2026-01-01 07:33:00,2,65.785,3.261,26.21,1,1,1234.112,1,129.894,0,normal,0,nominal
2026-01-01 07:33:00,3,53.663,2.298,30.861,1,1,1109.684,1,119.741,0,warning,1,leak_progression
2026-01-01 07:34:00,1,72.512,3.671,23.928,1,1,1409.783,1,141.293,0,normal,0,nominal
2026-01-01 07:34:00,2,66.439,2.736,26.145,1,1,1236.138,1,123.94,0,normal,0,nominal
2026-01-01 07:34:00,3,51.998,1.962,30.751,1,1,1112.759,1,115.701,0,warning,1,leak_progression
2026-01-01 07:35:00,1,74.914,3.754,24.215,1,1,1433.403,1,143.145,0,normal,0,nominal
2026-01-01 07:35:00,2,65.704,2.824,25.963,1,1,1257.543,1,125.763,0,normal,0,nominal
2026-01-01 07:35:00,3,53.081,2.249,30.374,1,1,1117.185,1,119.418,0,warning,1,leak_progression
2026-01-01 07:36:00,1,73.88,3.718,23.798,1,1,1412.285,1,141.919,0,normal,0,nominal
2026-01-01 07:36:00,2,65.747,3.131,25.776,1,1,1260.023,1,129.391,0,normal,0,nominal
2026-01-01 07:36:00,3,50.668,1.916,30.511,1,1,1122.063,1,115.483,0,warning,1,leak_progression
2026-01-01 07:37:00,1,72.559,3.98,23.871,1,1,1408.143,1,144.781,0,normal,0,nominal
2026-01-01 07:37:00,2,65.425,2.941,26.071,1,1,1268.227,1,127.519,0,normal,0,nominal
2026-01-01 07:37:00,3,52.827,2.232,29.833,1,1,1109.427,1,118.919,0,warning,1,leak_progression
2026-01-01 07:38:00,1,72.269,3.846,23.824,1,1,1417.02,1,143.57,0,normal,0,nominal
2026-01-01 07:38:00,2,66.399,3.029,25.879,1,1,1252.346,1,127.924,0,normal,0,nominal
2026-01-01 07:38:00,3,51.691,2.468,29.983,1,1,1104.245,1,121.648,0,warning,1,leak_progression
2026-01-01 07:39:00,1,72.553,3.477,24.064,1,1,1425.184,1,139.64,0,normal,0,nominal
2026-01-01 07:39:00,2,66.275,2.769,25.886,1,1,1257.394,1,125.122,0,normal,0,nominal
2026-01-01 07:39:00,3,53.16,2.478,30.512,1,1,1114.283,1,122.149,0,warning,1,leak_progression
2026-01-01 07:40:00,1,73.369,3.475,24.145,1,1,1442.497,1,140.276,0,normal,0,nominal
2026-01-01 07:40:00,2,66.136,2.44,26.32,1,1,1275.069,1,122.011,0,normal,0,nominal
2026-01-01 07:40:00,3,51.506,2.215,30.496,1,1,1106.489,1,118.593,0,warning,1,leak_progression
2026-01-01 07:41:00,1,73.114,3.672,24.106,1,1,1426.001,1,141.92,0,normal,0,nominal
2026-01-01 07:41:00,2,67.604,2.058,26.105,1,1,1265.907,1,117.273,0,normal,0,nominal
2026-01-01 07:41:00,3,50.878,2.244,30.936,1,1,1112.238,1,119.168,0,warning,1,leak_progression
2026-01-01 07:42:00,1,73.96,3.566,24.063,1,1,1410.342,1,140.1,0,normal,0,nominal
2026-01-01 07:42:00,2,66.621,2.834,26.156,1,1,1267.562,1,126.263,0,normal,0,nominal
2026-01-01 07:42:00,3,50.415,2.293,30.789,1,1,1134.917,1,120.644,0,warning,1,leak_progression
2026-01-01 07:43:00,1,73.216,3.572,23.982,1,1,1406.979,1,140.039,0,normal,0,nominal
2026-01-01 07:43:00,2,67.274,3.292,26.033,1,1,1267.018,1,131.499,0,normal,0,nominal
2026-01-01 07:43:00,3,52.38,2.107,30.759,1,1,1126.829,1,118.035,0,warning,1,leak_progression
2026-01-01 07:44:00,1,70.449,3.222,23.661,1,1,1414.677,1,136.315,0,normal,0,nominal
2026-01-01 07:44:00,2,67.021,3.581,25.968,1,1,1270.242,1,134.954,0,normal,0,nominal
2026-01-01 07:44:00,3,51.699,2.222,30.97,1,1,1136.556,1,119.828,0,warning,1,leak_progression
2026-01-01 07:45:00,1,71.818,3.278,23.728,1,1,1414.964,1,136.967,0,normal,0,nominal
2026-01-01 07:45:00,2,66.694,3.474,25.873,1,1,1273.507,1,133.84,0,normal,0,nominal
2026-01-01 07:45:00,3,52.193,2.378,30.711,1,1,1148.955,1,122.23,0,warning,1,leak_progression
2026-01-01 07:46:00,1,73.229,3.785,23.774,1,1,1411.708,1,142.67,0,normal,0,nominal
2026-01-01 07:46:00,2,67.075,3.511,26.041,1,1,1260.885,1,133.792,0,normal,0,nominal
2026-01-01 07:46:00,3,51.266,2.296,31.022,1,1,1140.642,1,120.894,0,warning,1,leak_progression
2026-01-01 07:47:00,1,73.666,3.903,23.703,1,1,1425.44,1,144.549,0,normal,0,nominal
2026-01-01 07:47:00,2,65.875,3.223,26.299,1,1,1246.738,1,129.942,0,normal,0,nominal
2026-01-01 07:47:00,3,52.134,2.169,30.922,1,1,1107.465,1,118.069,0,warning,1,leak_progression
2026-01-01 07:48:00,1,74.958,3.687,24.007,1,1,1420.059,1,141.865,0,normal,0,nominal
2026-01-01 07:48:00,2,67.134,2.888,26.227,1,1,1246.732,1,126.093,0,normal,0,nominal
2026-01-01 07:48:00,3,51.494,2.418,30.761,1,1,1126.079,1,121.857,0,warning,1,leak_progression
2026-01-01 07:49:00,1,73.443,3.749,24.082,1,1,1410.109,1,142.193,0,normal,0,nominal
2026-01-01 07:49:00,2,66.784,2.889,25.871,1,1,1259.398,1,126.58,0,normal,0,nominal
2026-01-01 07:49:00,3,51.835,2.153,30.845,1,1,1123.47,1,118.467,0,warning,1,leak_progression
2026-01-01 07:50:00,1,73.661,4.011,23.978,1,1,1415.61,1,145.425,0,normal,0,nominal
2026-01-01 07:50:00,2,67.33,2.703,25.996,1,1,1266.88,1,124.729,0,normal,0,nominal
2026-01-01 07:50:00,3,51.152,2.075,30.658,1,1,1122.308,1,117.456,0,warning,1,leak_progression
2026-01-01 07:51:00,1,73.543,3.365,23.935,1,1,1419.442,1,138.14,0,normal,0,nominal
2026-01-01 07:51:00,2,67.274,3.174,26.249,1,1,1249.2,1,129.467,0,normal,0,nominal
2026-01-01 07:51:00,3,52.158,2.06,30.468,1,1,1123.89,1,117.341,0,warning,1,leak_progression
2026-01-01 07:52:00,1,74.227,3.424,23.664,1,1,1413.874,1,138.6,0,normal,0,nominal
2026-01-01 07:52:00,2,66.933,2.735,26.115,1,1,1253.121,1,124.573,0,normal,0,nominal
2026-01-01 07:52:00,3,52.362,2.106,30.222,1,1,1119.489,1,117.736,0,warning,1,leak_progression
2026-01-01 07:53:00,1,75.096,3.718,23.787,1,1,1404.193,1,141.615,0,normal,0,nominal
2026-01-01 07:53:00,2,66.048,2.725,26.058,1,1,1249.491,1,124.317,0,normal,0,nominal
2026-01-01 07:53:00,3,51.765,2.273,30.453,1,1,1135.811,1,120.425,0,warning,1,leak_progression
2026-01-01 07:54:00,1,74.718,3.85,23.976,1,1,1394.889,1,142.778,0,normal,0,nominal
2026-01-01 07:54:00,2,66.361,2.993,26.297,1,1,1246.09,1,127.266,0,normal,0,nominal
2026-01-01 07:54:00,3,50.217,2.293,30.31,1,1,1122.025,1,120.147,0,warning,1,leak_progression
2026-01-01 07:55:00,1,74.825,3.971,24.146,1,1,1401.994,1,144.437,0,normal,0,nominal
2026-01-01 07:55:00,2,65.692,2.895,26.118,1,1,1253.303,1,126.419,0,normal,0,nominal
2026-01-01 07:55:00,3,50.776,2.313,30.51,1,1,1125.806,1,120.541,0,warning,1,leak_progression
2026-01-01 07:56:00,1,75.974,3.663,24.069,1,1,1404.391,1,140.991,0,normal,0,nominal
2026-01-01 07:56:00,2,66.702,2.684,25.9,1,1,1256.108,1,124.097,0,normal,0,nominal
2026-01-01 07:56:00,3,51.275,2.278,30.248,1,1,1130.343,1,120.278,0,warning,1,leak_progression
2026-01-01 07:57:00,1,76.684,3.509,24.053,1,1,1408.074,1,139.365,0,normal,0,nominal
2026-01-01 07:57:00,2,66.899,2.445,26.26,1,1,1259.651,1,121.484,0,normal,0,nominal
2026-01-01 07:57:00,3,52.605,2.215,30.48,1,1,1104.084,1,118.504,0,warning,1,leak_progression
2026-01-01 07:58:00,1,76.421,3.429,24.362,1,1,1400.705,1,138.161,0,normal,0,nominal
2026-01-01 07:58:00,2,66.588,3.531,26.927,1,1,1265.985,1,134.211,0,normal,0,nominal
2026-01-01 07:58:00,3,51.479,2.361,30.335,1,1,1109.308,1,120.514,0,warning,1,leak_progression
2026-01-01 07:59:00,1,76.207,3.634,23.872,1,1,1420.694,1,141.277,0,normal,0,nominal
2026-01-01 07:59:00,2,66.987,3.38,26.643,1,1,1267.477,1,132.531,0,normal,0,nominal
2026-01-01 07:59:00,3,52.869,2.457,30.448,1,1,1095.739,1,121.189,0,warning,1,leak_progression
2026-01-01 06:00:00,1,74.232,3.407,23.588,1,1,1401.953,1,137.959,0,normal,0,nominal
2026-01-01 06:00:00,2,67.061,2.699,25.961,1,1,1237.072,1,123.545,0,normal,0,nominal
2026-01-01 06:00:00,3,60.418,2.276,28.735,1,1,1098.945,1,113.431,0,normal,0,nominal
2026-01-01 06:01:00,1,75.49,3.19,23.395,1,1,1413.21,1,135.886,0,normal,0,nominal
2026-01-01 06:01:00,2,66.741,2.518,26.01,1,1,1228.632,1,121.143,0,normal,0,nominal
2026-01-01 06:01:00,3,61.613,2.611,28.618,1,1,1125.435,1,118.295,0,normal,0,nominal
2026-01-01 06:02:00,1,74.227,3.016,23.632,1,1,1414.144,1,133.926,0,normal,0,nominal
2026-01-01 06:02:00,2,66.433,1.915,26.364,1,1,1245.197,1,114.837,0,normal,0,nominal
2026-01-01 06:02:00,3,60.513,2.415,28.867,1,1,1119.475,1,115.809,0,normal,0,nominal
2026-01-01 06:03:00,1,73.644,3.432,23.623,1,1,1403.48,1,138.297,0,normal,0,nominal
2026-01-01 06:03:00,2,66.401,2.409,26.505,1,1,1245.065,1,120.518,0,normal,0,nominal
2026-01-01 06:03:00,3,60.061,2.339,28.878,1,1,1103.638,1,114.337,0,normal,0,nominal
2026-01-01 06:04:00,1,73.006,2.897,23.759,1,1,1414.875,1,132.582,0,normal,0,nominal
2026-01-01 06:04:00,2,66.015,2.826,26.563,1,1,1234.499,1,124.909,0,normal,0,nominal
2026-01-01 06:04:00,3,59.994,2.266,28.919,1,1,1070.849,1,112.253,0,normal,0,nominal
2026-01-01 06:05:00,1,74.608,2.949,24.035,1,1,1403.469,1,132.748,0,normal,0,nominal
2026-01-01 06:05:00,2,66.737,3.37,26.717,1,1,1242.883,1,131.482,0,normal,0,nominal
2026-01-01 06:05:00,3,61.214,2.606,28.854,1,1,1112.854,1,117.753,0,normal,0,nominal
2026-01-01 06:06:00,1,74.841,3.178,24.009,1,1,1413.3,1,135.758,0,normal,0,nominal
2026-01-01 06:06:00,2,67.35,3.218,26.319,1,1,1246.995,1,129.889,0,normal,0,nominal
2026-01-01 06:06:00,3,60.868,2.31,28.846,1,1,1110.561,1,114.261,0,normal,0,nominal
2026-01-01 06:07:00,1,75.067,3.646,23.522,1,1,1413.466,1,141.144,0,normal,0,nominal
2026-01-01 06:07:00,2,68.901,3.329,26.527,1,1,1263.984,1,131.819,0,normal,0,nominal
2026-01-01 06:07:00,3,60.297,2.49,28.466,1,1,1118.828,1,116.654,0,normal,0,nominal
2026-01-01 06:08:00,1,74.334,4.107,23.529,1,1,1413.209,1,146.437,0,normal,0,nominal
2026-01-01 06:08:00,2,69.57,3.555,26.39,1,1,1262.126,1,134.344,0,normal,0,nominal
2026-01-01 06:08:00,3,61.306,2.316,28.848,1,1,1114.364,1,114.478,0,normal,0,nominal
2026-01-01 06:09:00,1,73.48,4.167,23.82,1,1,1420.291,1,147.395,0,normal,0,nominal
2026-01-01 06:09:00,2,69.617,3.69,26.345,1,1,1237.926,1,134.974,0,normal,0,nominal
2026-01-01 06:09:00,3,61.469,2.057,28.848,1,1,1118.59,1,111.658,0,normal,0,nominal
2026-01-01 06:10:00,1,74.051,3.768,23.875,1,1,1437.96,1,143.48,0,normal,0,nominal
2026-01-01 06:10:00,2,68.257,3.631,26.362,1,1,1254.205,1,134.921,0,normal,0,nominal
2026-01-01 06:10:00,3,61.702,1.853,28.872,1,1,1114.151,1,109.142,0,normal,0,nominal
2026-01-01 06:11:00,1,74.249,3.48,24.033,1,1,1424.38,1,139.65,0,normal,0,nominal
2026-01-01 06:11:00,2,67.49,2.744,26.379,1,1,1244.811,1,124.359,0,normal,0,nominal
2026-01-01 06:11:00,3,60.397,1.894,28.865,1,1,1089.583,1,108.681,0,normal,0,nominal
2026-01-01 06:12:00,1,73.493,3.588,23.749,1,1,1433.262,1,141.23,0,normal,0,nominal
2026-01-01 06:12:00,2,66.916,2.514,26.35,1,1,1231.874,1,121.219,0,normal,0,nominal
2026-01-01 06:12:00,3,60.971,1.953,29.025,1,1,1105.345,1,109.966,0,normal,0,nominal
2026-01-01 06:13:00,1,72.886,3.775,23.533,1,1,1435.207,1,143.448,0,normal,0,nominal
2026-01-01 06:13:00,2,66.673,2.577,26.516,1,1,1223.557,1,121.635,0,normal,0,nominal
2026-01-01 06:13:00,3,62.015,1.96,29.084,1,1,1118.71,1,110.554,0,normal,0,nominal
2026-01-01 06:14:00,1,73.296,3.916,23.498,1,1,1438.749,1,145.207,0,normal,0,nominal
2026-01-01 06:14:00,2,66.556,2.775,26.082,1,1,1252.98,1,125.022,0,normal,0,nominal
2026-01-01 06:14:00,3,62.04,2.135,29.136,1,1,1117.973,1,112.539,0,normal,0,nominal
2026-01-01 06:15:00,1,74.563,3.524,23.526,1,1,1438.011,1,140.671,0,normal,0,nominal
2026-01-01 06:15:00,2,66.511,3.072,25.975,1,1,1249.978,1,128.326,0,normal,0,nominal
2026-01-01 06:15:00,3,62.391,2.188,29.172,1,1,1143.35,1,114.111,0,normal,0,nominal
2026-01-01 06:16:00,1,75.333,3.308,23.692,1,1,1432.09,1,137.957,0,normal,0,nominal
2026-01-01 06:16:00,2,66.489,3.099,26.101,1,1,1243.376,1,128.386,0,normal,0,nominal
2026-01-01 06:16:00,3,61.744,2.378,28.948,1,1,1143.932,1,116.313,0,normal,0,nominal
2026-01-01 06:17:00,1,75.049,3.393,23.89,1,1,1431.17,1,138.9,0,normal,0,nominal
2026-01-01 06:17:00,2,68.364,2.762,26.342,1,1,1237.707,1,124.294,0,normal,0,nominal
2026-01-01 06:17:00,3,60.564,2.373,28.955,1,1,1116.658,1,115.224,0,normal,0,nominal
2026-01-01 06:18:00,1,74.295,3.451,23.542,1,1,1427.504,1,139.428,0,normal,0,nominal
2026-01-01 06:18:00,2,67.828,3.045,26.45,1,1,1260.579,1,128.424,0,normal,0,nominal
2026-01-01 06:18:00,3,62.18,2.553,28.751,1,1,1116.338,1,117.285,0,normal,0,nominal
2026-01-01 06:19:00,1,73.264,3.456,23.587,1,1,1428.41,1,139.526,0,normal,0,nominal
2026-01-01 06:19:00,2,68.45,3.281,26.658,1,1,1243.947,1,130.501,0,normal,0,nominal
2026-01-01 06:19:00,3,62.674,2.511,28.815,1,1,1097.942,1,116.102,0,normal,0,nominal
2026-01-01 06:20:00,1,72.932,3.484,23.771,1,1,1381.635,1,138.063,0,normal,0,nominal
2026-01-01 06:20:00,2,67.642,3.057,26.652,1,1,1245.845,1,127.995,0,normal,0,nominal
2026-01-01 06:20:00,3,62.461,2.491,29.059,1,1,1101.859,1,116.015,0,normal,0,nominal
2026-01-01 06:21:00,1,73.478,3.344,24.048,1,1,1393.999,1,136.926,0,normal,0,nominal
2026-01-01 06:21:00,2,67.627,3.045,26.559,1,1,1240.176,1,127.642,0,normal,0,nominal
2026-01-01 06:21:00,3,62.656,2.084,29.145,1,1,1097.494,1,111.167,0,normal,0,nominal
2026-01-01 06:22:00,1,73.294,3.412,23.913,1,1,1393.932,1,137.71,0,normal,0,nominal
2026-01-01 06:22:00,2,67.749,2.874,26.527,1,1,1232.764,1,125.394,0,normal,0,nominal
2026-01-01 06:22:00,3,62.046,1.937,29.286,1,1,1107.558,1,109.863,0,normal,0,nominal
2026-01-01 06:23:00,1,73.387,3.537,23.739,1,1,1382.871,1,138.727,0,normal,0,nominal
2026-01-01 06:23:00,2,66.835,3.52,26.341,1,1,1254.186,1,133.636,0,normal,0,nominal
2026-01-01 06:23:00,3,60.508,2.061,28.955,1,1,1108.329,1,111.312,0,normal,0,nominal
2026-01-01 06:24:00,1,74.255,3.485,24.098,1,1,1378.256,1,137.953,0,normal,0,nominal
2026-01-01 06:24:00,2,66.819,3.353,26.601,1,1,1244.253,1,131.343,0,normal,0,nominal
2026-01-01 06:24:00,3,62.057,2.278,28.958,1,1,1088.737,1,113.067,0,normal,0,nominal
2026-01-01 06:25:00,1,72.961,3.789,24.211,1,1,1393.001,1,142.013,0,normal,0,nominal
2026-01-01 06:25:00,2,67.747,3.099,26.357,1,1,1255.941,1,128.863,0,normal,0,nominal
2026-01-01 06:25:00,3,62.831,2.467,28.547,1,1,1088.705,1,115.247,0,normal,0,nominal
2026-01-01 06:26:00,1,71.819,4.04,23.9,1,1,1414.806,1,145.72,0,normal,0,nominal
2026-01-01 06:26:00,2,67.311,2.832,26.32,1,1,1249.972,1,125.565,0,normal,0,nominal
2026-01-01 06:26:00,3,61.662,2.586,28.762,1,1,1089.861,1,116.654,0,normal,0,nominal
2026-01-01 06:27:00,1,73.829,3.495,24.023,1,1,1401.479,1,138.949,0,normal,0,nominal
2026-01-01 06:27:00,2,67.491,2.54,26.253,1,1,1264.489,1,122.761,0,normal,0,nominal
2026-01-01 06:27:00,3,60.42,2.851,28.877,1,1,1086.861,1,119.59,0,normal,0,nominal
2026-01-01 06:28:00,1,73.931,3.626,23.771,1,1,1425.692,1,141.38,0,normal,0,nominal
2026-01-01 06:28:00,2,67.543,2.738,25.659,1,1,1263.36,1,124.996,0,normal,0,nominal
2026-01-01 06:28:00,3,61.084,2.658,28.964,1,1,1093.339,1,117.617,0,normal,0,nominal
2026-01-01 06:29:00,1,73.718,3.433,23.952,1,1,1409.718,1,138.545,0,normal,0,nominal
2026-01-01 06:29:00,2,68.198,2.47,25.788,1,1,1250.402,1,121.418,0,normal,0,nominal
2026-01-01 06:29:00,3,59.984,2.728,28.866,1,1,1123.678,1,119.571,0,normal,0,nominal
2026-01-01 06:30:00,1,74.001,3.759,24.297,1,1,1415.11,1,142.504,0,normal,0,nominal
2026-01-01 06:30:00,2,67.541,2.74,26.0,1,1,1258.642,1,124.838,0,normal,0,nominal
2026-01-01 06:30:00,3,61.079,2.668,28.965,1,1,1106.601,1,118.233,0,normal,0,nominal
2026-01-01 06:31:00,1,72.991,3.436,24.078,1,1,1428.712,1,139.308,0,normal,0,nominal
2026-01-01 06:31:00,2,68.448,3.212,26.12,1,1,1244.086,1,129.717,0,normal,0,nominal
2026-01-01 06:31:00,3,60.908,2.493,29.183,1,1,1094.396,1,115.758,0,normal,0,nominal
2026-01-01 06:32:00,1,72.996,3.468,23.87,1,1,1421.743,1,139.403,0,normal,0,nominal
2026-01-01 06:32:00,2,68.266,2.865,26.091,1,1,1238.436,1,125.506,0,normal,0,nominal
2026-01-01 06:32:00,3,60.64,2.669,28.387,1,1,1116.413,1,118.614,0,normal,0,nominal
2026-01-01 06:33:00,1,74.907,3.703,23.795,1,1,1431.975,1,142.496,0,normal,0,nominal
2026-01-01 06:33:00,2,67.98,3.249,25.931,1,1,1261.864,1,130.811,0,normal,0,nominal
2026-01-01 06:33:00,3,60.426,2.416,28.442,1,1,1113.69,1,115.608,0,normal,0,nominal
2026-01-01 06:34:00,1,73.241,3.714,23.487,1,1,1453.762,1,143.449,0,normal,0,nominal
2026-01-01 06:34:00,2,68.203,3.478,26.588,1,1,1266.6,1,133.633,0,normal,0,nominal
2026-01-01 06:34:00,3,60.588,2.293,28.658,1,1,1120.614,1,114.449,0,normal,0,nominal
2026-01-01 06:35:00,1,72.892,3.962,23.461,1,1,1423.072,1,145.137,0,normal,0,nominal
2026-01-01 06:35:00,2,67.394,3.29,26.444,1,1,1256.998,1,131.102,0,normal,0,nominal
2026-01-01 06:35:00,3,60.136,2.253,28.91,1,1,1122.046,1,114.046,0,normal,0,nominal
2026-01-01 06:36:00,1,72.9,3.928,23.684,1,1,1437.202,1,145.287,0,normal,0,nominal
2026-01-01 06:36:00,2,68.355,3.347,26.338,1,1,1261.057,1,131.911,0,normal,0,nominal
2026-01-01 06:36:00,3,60.915,2.386,28.518,1,1,1128.049,1,115.803,0,normal,0,nominal
2026-01-01 06:37:00,1,71.669,3.608,23.46,1,1,1469.72,1,142.845,0,normal,0,nominal
2026-01-01 06:37:00,2,69.372,3.089,26.547,1,1,1241.962,1,128.214,0,normal,0,nominal
2026-01-01 06:37:00,3,60.772,2.317,28.926,1,1,1133.505,1,115.221,0,normal,0,nominal
2026-01-01 06:38:00,1,72.266,3.354,23.544,1,1,1440.759,1,138.819,0,normal,0,nominal
2026-01-01 06:38:00,2,67.338,2.889,26.42,1,1,1244.7,1,126.021,0,normal,0,nominal
2026-01-01 06:38:00,3,60.041,2.032,28.926,1,1,1143.466,1,112.318,0,normal,0,nominal
2026-01-01 06:39:00,1,72.587,3.108,23.705,1,1,1435.875,1,135.806,0,normal,0,nominal
2026-01-01 06:39:00,2,67.964,2.897,26.423,1,1,1242.511,1,126.032,0,normal,0,nominal
2026-01-01 06:39:00,3,56.382,1.515,29.241,1,1,1146.179,1,106.472,0,normal,0,nominal
2026-01-01 06:40:00,1,75.628,3.364,23.605,1,1,1437.542,1,138.814,0,normal,0,nominal
2026-01-01 06:40:00,2,66.74,3.034,26.516,1,1,1251.32,1,127.944,0,normal,0,nominal
2026-01-01 06:40:00,3,58.47,1.832,29.281,1,1,1139.964,1,109.885,0,normal,0,nominal
2026-01-01 06:41:00,1,78.105,3.808,23.841,1,1,1437.195,1,143.904,0,normal,0,nominal
2026-01-01 06:41:00,2,67.518,3.299,26.439,1,1,1255.019,1,131.133,0,normal,0,nominal
2026-01-01 06:41:00,3,59.35,2.309,29.194,1,1,1123.494,1,114.747,0,normal,0,nominal
2026-01-01 06:42:00,1,75.625,3.862,24.063,1,1,1409.545,1,143.473,0,normal,0,nominal
2026-01-01 06:42:00,2,63.508,2.77,25.942,1,1,1250.71,1,124.886,0,normal,0,nominal
2026-01-01 06:42:00,3,59.78,2.106,28.688,1,1,1113.244,1,112.026,0,normal,0,nominal
2026-01-01 06:43:00,1,76.283,4.064,24.059,1,1,1407.853,1,145.735,0,normal,0,nominal
2026-01-01 06:43:00,2,64.685,3.085,25.745,1,1,1273.024,1,129.347,0,normal,0,nominal
2026-01-01 06:43:00,3,58.048,2.147,29.108,1,1,1085.825,1,111.454,0,normal,0,nominal
2026-01-01 06:44:00,1,76.082,3.992,24.04,1,1,1417.087,1,145.259,0,normal,0,nominal
2026-01-01 06:44:00,2,65.845,3.026,25.988,1,1,1259.949,1,128.176,0,normal,0,nominal
2026-01-01 06:44:00,3,59.763,2.366,29.038,1,1,1116.954,1,115.151,0,normal,0,nominal
2026-01-01 06:45:00,1,74.107,3.987,24.096,1,1,1411.596,1,144.987,0,normal,0,nominal
2026-01-01 06:45:00,2,66.686,3.236,26.101,1,1,1248.2,1,130.15,0,normal,0,nominal
2026-01-01 06:45:00,3,60.186,2.438,28.617,1,1,1129.591,1,116.456,0,normal,0,nominal
2026-01-01 06:46:00,1,73.779,3.676,23.754,1,1,1414.391,1,141.521,0,normal,0,nominal
2026-01-01 06:46:00,2,67.583,3.394,26.477,1,1,1227.686,1,131.185,0,normal,0,nominal
2026-01-01 06:46:00,3,60.081,2.67,28.551,1,1,1129.945,1,119.141,0,normal,0,nominal
2026-01-01 06:47:00,1,72.39,3.709,24.351,1,1,1421.539,1,142.168,0,normal,0,nominal
2026-01-01 06:47:00,2,66.734,3.431,26.296,1,1,1241.52,1,132.134,0,normal,0,nominal
2026-01-01 06:47:00,3,61.596,2.42,28.84,1,1,1110.007,1,115.512,0,normal,0,nominal
2026-01-01 06:48:00,1,72.462,3.997,24.398,1,1,1428.505,1,145.747,0,normal,0,nominal
2026-01-01 06:48:00,2,67.127,3.002,26.393,1,1,1245.299,1,127.346,0,normal,0,nominal
2026-01-01 06:48:00,3,62.07,2.491,28.787,1,1,1099.186,1,115.917,0,normal,0,nominal
2026-01-01 06:49:00,1,73.895,3.879,24.339,1,1,1419.692,1,144.052,0,normal,0,nominal
2026-01-01 06:49:00,2,67.681,2.749,26.312,1,1,1273.205,1,125.496,0,normal,0,nominal
2026-01-01 06:49:00,3,62.408,2.337,29.069,1,1,1122.205,1,115.02,0,normal,0,nominal
2026-01-01 06:50:00,1,73.188,3.64,24.268,1,1,1430.033,1,141.707,0,normal,0,nominal
2026-01-01 06:50:00,2,68.456,2.393,26.283,1,1,1265.236,1,121.094,0,normal,0,nominal
2026-01-01 06:50:00,3,61.041,2.102,29.345,1,1,1120.072,1,114.025,0,normal,0,leak_progression
2026-01-01 06:51:00,1,73.247,3.886,23.95,1,1,1432.844,1,144.636,0,normal,0,nominal
2026-01-01 06:51:00,2,68.112,2.493,26.35,1,1,1263.059,1,122.165,0,normal,0,nominal
2026-01-01 06:51:00,3,59.1,2.367,29.503,1,1,1135.805,1,119.651,0,normal,1,leak_progression
2026-01-01 06:52:00,1,74.19,3.384,23.924,1,1,1451.39,1,139.568,0,normal,0,nominal
2026-01-01 06:52:00,2,68.095,2.771,26.604,1,1,1242.127,1,124.564,0,normal,0,nominal
2026-01-01 06:52:00,3,54.259,2.313,29.956,1,1,1110.724,1,119.972,0,warning,1,leak_progression
2026-01-01 06:53:00,1,73.963,3.454,23.819,1,1,1448.758,1,140.275,0,normal,0,nominal
2026-01-01 06:53:00,2,67.453,2.427,26.46,1,1,1251.962,1,120.98,0,normal,0,nominal
2026-01-01 06:53:00,3,52.373,2.105,30.385,1,1,1108.951,1,119.213,0,warning,1,leak_progression
2026-01-01 06:54:00,1,74.464,3.485,23.605,1,1,1424.601,1,139.707,0,normal,0,nominal
2026-01-01 06:54:00,2,68.106,2.277,26.589,1,1,1255.763,1,119.408,0,normal,0,nominal
2026-01-01 06:54:00,3,49.919,1.764,30.823,1,1,1120.171,1,117.117,0,warning,1,leak_progression
2026-01-01 06:55:00,1,74.607,3.531,24.096,1,1,1410.324,1,139.695,0,normal,0,nominal
2026-01-01 06:55:00,2,67.719,3.04,26.734,1,1,1243.665,1,127.723,0,normal,0,nominal
2026-01-01 06:55:00,3,45.872,1.6,31.622,1,1,1114.353,1,116.534,1,warning,1,leak_progression
2026-01-01 06:56:00,1,75.134,3.473,24.213,1,1,1423.513,1,139.528,0,normal,0,nominal
2026-01-01 06:56:00,2,67.114,3.138,26.43,1,1,1237.002,1,128.591,0,normal,0,nominal
2026-01-01 06:56:00,3,41.425,1.67,31.996,1,1,1105.225,1,118.98,1,fault,1,leak_progression
2026-01-01 06:57:00,1,76.921,3.421,24.381,1,1,1409.359,1,138.396,0,normal,0,nominal
2026-01-01 06:57:00,2,68.138,3.151,26.224,1,1,1221.885,1,128.164,0,normal,0,nominal
2026-01-01 06:57:00,3,38.967,1.628,32.529,1,1,1095.973,1,119.911,1,fault,1,leak_progression
2026-01-01 06:58:00,1,75.867,3.864,24.17,1,1,1408.793,1,143.467,0,normal,0,nominal
2026-01-01 06:58:00,2,67.215,2.603,26.292,1,1,1236.125,1,122.405,0,normal,0,nominal
2026-01-01 06:58:00,3,36.343,1.636,32.916,1,1,1119.167,1,122.827,1,fault,1,leak_progression
2026-01-01 06:59:00,1,74.981,3.991,24.095,1,1,1413.515,1,145.106,0,normal,0,nominal
2026-01-01 06:59:00,2,67.618,2.446,26.626,1,1,1236.393,1,120.611,0,normal,0,nominal
2026-01-01 06:59:00,3,33.818,1.583,33.178,1,1,1108.098,1,123.565,1,fault,1,leak_progression
2026-01-01 07:00:00,1,73.65,3.658,23.883,1,1,1419.922,1,141.519,0,normal,0,nominal
2026-01-01 07:00:00,2,67.371,2.88,26.529,1,1,1258.824,1,126.455,0,normal,0,nominal
2026-01-01 07:00:00,3,32.815,1.378,33.763,1,1,1142.477,1,121.769,1,fault,1,leak_progression
2026-01-01 07:01:00,1,74.006,3.51,24.19,1,1,1400.258,1,139.076,0,normal,0,nominal
2026-01-01 07:01:00,2,67.178,2.831,26.505,1,1,1254.023,1,125.71,0,normal,0,nominal
2026-01-01 07:01:00,3,31.548,1.553,33.946,1,1,1141.853,1,124.385,1,fault,1,leak_progression
2026-01-01 07:02:00,1,74.929,3.384,23.955,1,1,1430.176,1,138.765,0,normal,0,nominal
2026-01-01 07:02:00,2,67.151,2.339,26.273,1,1,1249.045,1,119.858,0,normal,0,nominal
2026-01-01 07:02:00,3,31.397,1.52,34.273,1,1,1106.981,1,122.57,1,fault,1,leak_progression
2026-01-01 07:03:00,1,74.024,3.229,23.886,1,1,1426.092,1,136.824,0,normal,0,nominal
2026-01-01 07:03:00,2,66.519,2.841,26.119,1,1,1263.083,1,126.174,0,normal,0,nominal
2026-01-01 07:03:00,3,31.654,1.708,34.607,1,1,1115.122,1,125.715,1,fault,1,leak_progression
2026-01-01 07:04:00,1,73.109,3.136,24.109,1,1,1428.137,1,135.83,0,normal,0,nominal
2026-01-01 07:04:00,2,67.49,2.672,26.393,1,1,1254.039,1,123.883,0,normal,0,nominal
2026-01-01 07:04:00,3,31.148,1.587,34.481,1,1,1108.862,1,123.656,1,fault,1,leak_progression
2026-01-01 07:05:00,1,72.84,3.643,24.02,1,1,1419.979,1,141.358,0,normal,0,nominal
2026-01-01 07:05:00,2,66.397,2.42,26.734,1,1,1259.673,1,121.199,0,normal,0,nominal
2026-01-01 07:05:00,3,32.887,1.939,34.629,1,1,1135.224,1,129.981,1,fault,1,leak_progression
2026-01-01 07:06:00,1,75.558,3.633,23.764,1,1,1413.881,1,141.011,0,normal,0,nominal
2026-01-01 07:06:00,2,66.058,2.263,26.576,1,1,1251.507,1,119.081,0,normal,0,nominal
2026-01-01 07:06:00,3,31.623,1.762,34.824,1,1,1123.343,1,126.85,1,fault,1,leak_progression
2026-01-01 07:07:00,1,74.543,3.818,23.909,1,1,1416.641,1,143.235,0,normal,0,nominal
2026-01-01 07:07:00,2,65.777,2.305,26.372,1,1,1254.681,1,119.681,0,normal,0,nominal
2026-01-01 07:07:00,3,29.938,1.549,34.876,1,1,1112.893,1,123.223,1,fault,1,leak_progression
2026-01-01 07:08:00,1,74.209,3.765,23.869,1,1,1415.724,1,142.594,0,normal,0,nominal
2026-01-01 07:08:00,2,66.915,2.446,26.593,1,1,1244.025,1,120.903,0,normal,0,nominal
2026-01-01 07:08:00,3,29.195,1.559,34.652,1,1,1120.792,1,123.682,1,fault,1,leak_progression
2026-01-01 07:09:00,1,73.7,3.626,23.758,1,1,1432.472,1,141.631,0,normal,0,nominal
2026-01-01 07:09:00,2,67.283,2.804,26.09,1,1,1241.194,1,124.912,0,normal,0,nominal
2026-01-01 07:09:00,3,28.643,1.557,34.827,1,1,1106.607,1,123.11,1,fault,1,leak_progression
2026-01-01 07:10:00,1,75.323,3.79,23.825,1,1,1410.049,1,142.667,0,normal,0,nominal
2026-01-01 07:10:00,2,67.82,2.475,26.266,1,1,1256.498,1,121.714,0,normal,0,nominal
2026-01-01 07:10:00,3,29.295,1.548,34.812,1,1,1105.053,1,122.915,1,fault,1,leak_progression
2026-01-01 07:11:00,1,75.277,3.665,23.574,1,1,1403.917,1,140.992,0,normal,0,nominal
2026-01-01 07:11:00,2,67.921,2.835,26.203,1,1,1243.995,1,125.37,0,normal,0,nominal
2026-01-01 07:11:00,3,32.173,1.513,34.827,1,1,1100.21,1,122.196,1,fault,1,leak_progression
2026-01-01 07:12:00,1,74.84,4.06,23.445,1,1,1416.059,1,146.002,0,normal,0,nominal
2026-01-01 07:12:00,2,67.583,2.859,26.184,1,1,1256.1,1,126.115,0,normal,0,nominal
2026-01-01 07:12:00,3,29.623,1.722,34.385,1,1,1090.542,1,124.996,1,fault,1,leak_progression
2026-01-01 07:13:00,1,73.204,3.405,23.654,1,1,1422.668,1,138.719,0,normal,0,nominal
2026-01-01 07:13:00,2,67.566,2.723,26.545,1,1,1262.068,1,124.775,0,normal,0,nominal
2026-01-01 07:13:00,3,29.94,1.721,34.161,1,1,1094.295,1,125.131,1,fault,1,leak_progression
2026-01-01 07:14:00,1,73.575,3.478,24.026,1,1,1430.962,1,139.876,0,normal,0,nominal
2026-01-01 07:14:00,2,68.768,2.245,26.588,1,1,1252.2,1,118.899,0,normal,0,nominal
2026-01-01 07:14:00,3,28.997,1.534,34.166,1,1,1120.527,1,123.291,1,fault,1,leak_progression
2026-01-01 07:15:00,1,72.765,3.697,24.093,1,1,1426.943,1,142.243,0,normal,0,nominal
2026-01-01 07:15:00,2,67.556,2.987,26.125,1,1,1267.036,1,127.998,0,normal,0,nominal
2026-01-01 07:15:00,3,29.954,1.475,34.272,1,1,1114.828,1,122.18,1,fault,1,leak_progression
2026-01-01 07:16:00,1,74.162,3.606,24.184,1,1,1430.366,1,141.325,0,normal,0,nominal
2026-01-01 07:16:00,2,67.022,3.229,26.15,1,1,1252.218,1,130.214,0,normal,0,nominal
2026-01-01 07:16:00,3,28.939,1.276,34.295,1,1,1103.665,1,118.747,1,fault,1,leak_progression
2026-01-01 07:17:00,1,74.196,3.714,24.042,1,1,1433.889,1,142.698,0,normal,0,nominal
2026-01-01 07:17:00,2,66.486,2.895,26.3,1,1,1228.825,1,125.486,0,normal,0,nominal
2026-01-01 07:17:00,3,29.424,1.568,34.457,1,1,1110.194,1,123.417,1,fault,1,leak_progression
2026-01-01 07:18:00,1,74.681,4.074,23.941,1,1,1419.798,1,146.303,0,normal,0,nominal
2026-01-01 07:18:00,2,66.09,2.793,26.162,1,1,1241.794,1,124.802,0,normal,0,nominal
2026-01-01 07:18:00,3,30.555,1.584,34.367,1,1,1136.763,1,124.664,1,fault,1,leak_progression
2026-01-01 07:19:00,1,74.248,4.283,23.752,1,1,1431.197,1,149.14,0,normal,0,nominal
2026-01-01 07:19:00,2,66.569,2.844,26.2,1,1,1240.256,1,125.334,0,normal,0,nominal
2026-01-01 07:19:00,3,28.68,1.428,34.182,1,1,1118.524,1,121.615,1,fault,1,leak_progression
2026-01-01 07:20:00,1,73.481,4.075,23.707,1,1,1408.534,1,145.891,0,normal,0,nominal
2026-01-01 07:20:00,2,65.726,3.112,26.516,1,1,1247.211,1,128.682,0,normal,0,nominal
2026-01-01 07:20:00,3,30.386,1.416,33.917,1,1,1127.266,1,119.455,1,fault,1,leak_progression
2026-01-01 07:21:00,1,74.074,4.254,23.99,1,1,1416.652,1,148.258,0,normal,0,nominal
2026-01-01 07:21:00,2,66.887,3.371,26.35,1,1,1253.067,1,131.88,0,normal,0,nominal
2026-01-01 07:21:00,3,31.782,1.584,33.832,1,1,1128.088,1,119.584,1,fault,1,leak_progression
2026-01-01 07:22:00,1,74.437,3.668,23.838,1,1,1411.055,1,141.304,0,normal,0,nominal
2026-01-01 07:22:00,2,66.778,3.713,26.504,1,1,1260.971,1,136.12,0,normal,0,nominal
2026-01-01 07:22:00,3,36.357,1.611,32.938,1,1,1119.17,1,117.327,1,warning,1,leak_progression
2026-01-01 07:23:00,1,74.221,3.934,23.833,1,1,1440.908,1,145.491,0,normal,0,nominal
2026-01-01 07:23:00,2,65.578,2.616,26.612,1,1,1257.219,1,123.359,0,normal,0,nominal
2026-01-01 07:23:00,3,39.389,1.693,31.983,1,1,1115.586,1,116.013,0,warning,1,leak_progression
2026-01-01 07:24:00,1,72.592,3.696,23.908,1,1,1435.021,1,142.535,0,normal,0,nominal
2026-01-01 07:24:00,2,66.265,2.697,26.702,1,1,1277.147,1,125.045,0,normal,0,nominal
2026-01-01 07:24:00,3,43.37,1.634,31.561,1,1,1130.554,1,113.615,0,warning,1,leak_progression
2026-01-01 07:25:00,1,73.206,3.773,23.79,1,1,1415.53,1,142.683,0,normal,0,nominal
2026-01-01 07:25:00,2,66.076,3.252,26.655,1,1,1263.083,1,130.89,0,normal,0,nominal
2026-01-01 07:25:00,3,46.706,1.761,31.571,1,1,1149.561,1,114.612,0,warning,1,leak_progression
2026-01-01 07:26:00,1,74.654,3.822,23.625,1,1,1418.933,1,143.373,0,normal,0,nominal
2026-01-01 07:26:00,2,66.11,3.041,26.385,1,1,1252.721,1,128.078,0,normal,0,nominal
2026-01-01 07:26:00,3,48.074,2.072,31.012,1,1,1146.19,1,118.331,0,warning,1,leak_progression
2026-01-01 07:27:00,1,74.767,3.829,24.111,1,1,1430.766,1,143.904,0,normal,0,nominal
2026-01-01 07:27:00,2,66.254,2.918,26.47,1,1,1274.397,1,127.487,0,normal,0,nominal
2026-01-01 07:27:00,3,49.909,2.195,30.971,1,1,1112.864,1,118.589,0,warning,1,leak_progression
2026-01-01 07:28:00,1,73.161,3.439,23.989,1,1,1422.954,1,139.117,0,normal,0,nominal
2026-01-01 07:28:00,2,66.734,2.861,26.661,1,1,1272.23,1,126.75,0,normal,0,nominal
2026-01-01 07:28:00,3,50.994,2.016,31.279,1,1,1095.275,1,115.705,0,warning,1,leak_progression
2026-01-01 07:29:00,1,73.56,3.408,24.181,1,1,1431.333,1,139.079,0,normal,0,nominal
2026-01-01 07:29:00,2,66.732,2.494,26.519,1,1,1262.238,1,122.15,0,normal,0,nominal
2026-01-01 07:29:00,3,52.945,2.195,30.872,1,1,1118.86,1,118.824,0,warning,1,leak_progression
2026-01-01 07:30:00,1,73.907,3.865,23.867,1,1,1409.284,1,143.501,0,normal,0,nominal
2026-01-01 07:30:00,2,67.446,2.654,26.61,1,1,1263.219,1,124.027,0,normal,0,nominal
2026-01-01 07:30:00,3,53.118,2.181,30.663,1,1,1124.966,1,118.874,0,warning,1,leak_progression
2026-01-01 07:31:00,1,74.212,3.539,23.938,1,1,1399.051,1,139.366,0,normal,0,nominal
2026-01-01 07:31:00,2,67.48,3.163,26.467,1,1,1255.901,1,129.596,0,normal,0,nominal
2026-01-01 07:31:00,3,52.063,2.318,30.764,1,1,1125.256,1,120.581,0,warning,1,leak_progression
2026-01-01 07:32:00,1,73.414,3.647,23.53,1,1,1404.799,1,140.825,0,normal,0,nominal
2026-01-01 07:32:00,2,67.403,3.109,26.581,1,1,1283.246,1,130.016,0,normal,0,nominal
2026-01-01 07:32:00,3,52.249,2.075,30.709,1,1,1137.967,1,118.061,0,warning,1,leak_progression
2026-01-01 07:33:00,1,74.388,3.694,23.7,1,1,1396.414,1,141.05,0,normal,0,nominal
2026-01-01 07:33:00,2,66.906,3.324,26.173,1,1,1263.798,1,131.754,0,normal,0,nominal
2026-01-01 07:33:00,3,51.367,2.17,30.678,1,1,1126.732,1,118.801,0,warning,1,leak_progression
2026-01-01 07:34:00,1,74.503,3.521,23.918,1,1,1410.02,1,139.568,0,normal,0,nominal
2026-01-01 07:34:00,2,66.352,3.134,26.458,1,1,1256.69,1,129.297,0,normal,0,nominal
2026-01-01 07:34:00,3,50.13,2.266,30.847,1,1,1121.776,1,119.806,0,warning,1,leak_progression
2026-01-01 07:35:00,1,74.496,3.594,23.864,1,1,1425.001,1,140.983,0,normal,0,nominal
2026-01-01 07:35:00,2,66.133,3.407,26.908,1,1,1260.018,1,132.565,0,normal,0,nominal
2026-01-01 07:35:00,3,49.885,2.104,30.674,1,1,1135.768,1,118.33,0,warning,1,leak_progression
2026-01-01 07:36:00,1,75.474,3.397,23.662,1,1,1417.095,1,138.412,0,normal,0,nominal
2026-01-01 07:36:00,2,66.665,2.999,26.921,1,1,1248.4,1,127.432,0,normal,0,nominal
2026-01-01 07:36:00,3,51.01,2.273,30.737,1,1,1131.587,1,120.265,0,warning,1,leak_progression
2026-01-01 07:37:00,1,74.381,3.91,23.64,1,1,1445.278,1,145.386,0,normal,0,nominal
2026-01-01 07:37:00,2,66.694,2.669,26.672,1,1,1257.768,1,123.984,0,normal,0,nominal
2026-01-01 07:37:00,3,49.498,2.101,30.754,1,1,1127.543,1,117.983,0,warning,1,leak_progression
2026-01-01 07:38:00,1,75.864,3.634,23.434,1,1,1436.902,1,141.897,0,normal,0,nominal
2026-01-01 07:38:00,2,66.91,3.085,26.709,1,1,1264.374,1,129.027,0,normal,0,nominal
2026-01-01 07:38:00,3,49.761,2.096,30.268,1,1,1136.557,1,118.258,0,warning,1,leak_progression
2026-01-01 07:39:00,1,75.667,3.715,23.646,1,1,1435.945,1,142.792,0,normal,0,nominal
2026-01-01 07:39:00,2,66.979,3.163,26.592,1,1,1240.183,1,129.002,0,normal,0,nominal
2026-01-01 07:39:00,3,50.338,2.022,30.398,1,1,1148.292,1,117.798,0,warning,1,leak_progression
2026-01-01 07:40:00,1,75.129,3.758,24.118,1,1,1452.354,1,143.909,0,normal,0,nominal
2026-01-01 07:40:00,2,68.015,4.123,26.559,1,1,1254.142,1,140.568,0,normal,0,nominal
2026-01-01 07:40:00,3,50.976,2.213,30.971,1,1,1129.281,1,119.442,0,warning,1,leak_progression
2026-01-01 07:41:00,1,75.582,3.586,23.911,1,1,1450.103,1,141.842,0,normal,0,nominal
2026-01-01 07:41:00,2,67.246,3.368,26.53,1,1,1256.783,1,131.985,0,normal,0,nominal
2026-01-01 07:41:00,3,51.631,2.337,30.761,1,1,1122.665,1,120.722,0,warning,1,leak_progression
2026-01-01 07:42:00,1,75.939,3.588,24.308,1,1,1442.079,1,141.565,0,normal,0,nominal
2026-01-01 07:42:00,2,66.724,3.451,26.352,1,1,1232.69,1,132.031,0,normal,0,nominal
2026-01-01 07:42:00,3,54.041,2.179,30.386,1,1,1148.058,1,119.734,0,warning,1,leak_progression
2026-01-01 07:43:00,1,74.64,3.605,24.387,1,1,1426.504,1,141.166,0,normal,0,nominal
2026-01-01 07:43:00,2,66.301,3.457,26.395,1,1,1256.926,1,133.02,0,normal,0,nominal
2026-01-01 07:43:00,3,52.953,2.335,30.7,1,1,1142.534,1,121.45,0,warning,1,leak_progression
2026-01-01 07:44:00,1,75.077,3.371,23.938,1,1,1422.001,1,138.3,0,normal,0,nominal
2026-01-01 07:44:00,2,67.348,2.687,26.588,1,1,1265.308,1,124.478,0,normal,0,nominal
2026-01-01 07:44:00,3,51.203,1.818,30.372,1,1,1118.202,1,114.125,0,warning,1,leak_progression
2026-01-01 07:45:00,1,74.584,3.608,23.839,1,1,1397.189,1,140.088,0,normal,0,nominal
2026-01-01 07:45:00,2,65.732,2.758,26.324,1,1,1259.296,1,125.066,0,normal,0,nominal
2026-01-01 07:45:00,3,50.201,2.307,30.679,1,1,1117.254,1,120.144,0,warning,1,leak_progression
2026-01-01 07:46:00,1,73.885,3.701,23.891,1,1,1433.493,1,142.534,0,normal,0,nominal
2026-01-01 07:46:00,2,66.349,3.458,26.348,1,1,1242.581,1,132.482,0,normal,0,nominal
2026-01-01 07:46:00,3,50.856,1.913,31.011,1,1,1123.312,1,115.495,0,warning,1,leak_progression
2026-01-01 07:47:00,1,74.286,3.534,24.141,1,1,1406.66,1,139.595,0,normal,0,nominal
2026-01-01 07:47:00,2,65.586,3.052,26.3,1,1,1269.706,1,128.846,0,normal,0,nominal
2026-01-01 07:47:00,3,51.667,2.102,30.642,1,1,1119.612,1,117.694,0,warning,1,leak_progression
2026-01-01 07:48:00,1,74.362,3.488,23.927,1,1,1423.646,1,139.711,0,normal,0,nominal
2026-01-01 07:48:00,2,66.183,3.07,26.169,1,1,1255.833,1,128.522,0,normal,0,nominal
2026-01-01 07:48:00,3,50.662,2.032,30.721,1,1,1132.897,1,117.334,0,warning,1,leak_progression
2026-01-01 07:49:00,1,73.736,3.207,23.851,1,1,1430.476,1,136.734,0,normal,0,nominal
2026-01-01 07:49:00,2,66.059,3.194,26.488,1,1,1254.441,1,129.896,0,normal,0,nominal
2026-01-01 07:49:00,3,51.67,2.327,30.574,1,1,1129.074,1,120.844,0,warning,1,leak_progression
2026-01-01 07:50:00,1,73.764,3.568,24.07,1,1,1419.154,1,140.456,0,normal,0,nominal
2026-01-01 07:50:00,2,67.146,2.906,26.377,1,1,1231.562,1,125.714,0,normal,0,nominal
2026-01-01 07:50:00,3,51.502,2.138,30.975,1,1,1135.919,1,118.763,0,warning,1,leak_progression
2026-01-01 07:51:00,1,74.899,3.771,23.839,1,1,1432.869,1,143.313,0,normal,0,nominal
2026-01-01 07:51:00,2,67.685,3.636,26.554,1,1,1248.126,1,134.748,0,normal,0,nominal
2026-01-01 07:51:00,3,50.554,1.927,31.099,1,1,1127.223,1,115.819,0,warning,1,leak_progression
2026-01-01 07:52:00,1,75.969,3.751,23.944,1,1,1428.498,1,142.92,0,normal,0,nominal
2026-01-01 07:52:00,2,67.525,3.389,26.329,1,1,1241.22,1,131.636,0,normal,0,nominal
2026-01-01 07:52:00,3,50.536,1.83,31.365,1,1,1118.264,1,114.276,0,warning,1,leak_progression
2026-01-01 07:53:00,1,73.553,3.96,23.989,1,1,1431.992,1,145.459,0,normal,0,nominal
2026-01-01 07:53:00,2,67.285,2.792,26.498,1,1,1231.03,1,124.388,0,normal,0,nominal
2026-01-01 07:53:00,3,50.289,1.85,31.168,1,1,1132.42,1,115.059,0,warning,1,leak_progression
2026-01-01 07:54:00,1,74.913,3.354,24.033,1,1,1429.949,1,138.406,0,normal,0,nominal
2026-01-01 07:54:00,2,67.939,3.009,26.246,1,1,1227.237,1,126.739,0,normal,0,nominal
2026-01-01 07:54:00,3,50.348,1.888,30.659,1,1,1130.066,1,115.435,0,warning,1,leak_progression
2026-01-01 07:55:00,1,76.558,3.455,23.702,1,1,1426.527,1,139.446,0,normal,0,nominal
2026-01-01 07:55:00,2,67.128,2.843,26.489,1,1,1260.242,1,126.086,0,normal,0,nominal
2026-01-01 07:55:00,3,50.828,1.935,30.683,1,1,1133.891,1,116.168,0,warning,1,leak_progression
2026-01-01 07:56:00,1,75.133,3.08,23.943,1,1,1433.108,1,135.383,0,normal,0,nominal
2026-01-01 07:56:00,2,66.748,2.957,26.598,1,1,1243.521,1,126.757,0,normal,0,nominal
2026-01-01 07:56:00,3,51.755,1.967,30.431,1,1,1135.501,1,116.625,0,warning,1,leak_progression
2026-01-01 07:57:00,1,75.25,3.691,24.287,1,1,1434.767,1,142.471,0,normal,0,nominal
2026-01-01 07:57:00,2,67.908,2.42,26.109,1,1,1258.489,1,121.15,0,normal,0,nominal
2026-01-01 07:57:00,3,54.023,2.331,30.343,1,1,1127.821,1,120.842,0,warning,1,leak_progression
2026-01-01 07:58:00,1,73.775,3.658,24.511,1,1,1434.816,1,142.086,0,normal,0,nominal
2026-01-01 07:58:00,2,67.068,3.059,26.07,1,1,1257.197,1,128.454,0,normal,0,nominal
2026-01-01 07:58:00,3,51.062,2.11,30.595,1,1,1122.552,1,117.909,0,warning,1,leak_progression
2026-01-01 07:59:00,1,74.661,3.896,24.262,1,1,1441.349,1,145.075,0,normal,0,nominal
2026-01-01 07:59:00,2,67.413,2.853,26.21,1,1,1257.766,1,126.106,0,normal,0,nominal
2026-01-01 07:59:00,3,52.193,1.969,31.045,1,1,1139.522,1,116.802,0,warning,1,leak_progression
2026-01-01 06:00:00,1,73.856,3.571,24.045,1,1,1453.096,1,141.788,0,normal,0,nominal
2026-01-01 06:00:00,2,66.761,2.594,26.526,1,1,1244.987,1,122.638,0,normal,0,nominal
2026-01-01 06:00:00,3,61.525,2.394,29.14,1,1,1072.022,1,113.769,0,normal,0,nominal
2026-01-01 06:01:00,1,74.568,3.895,23.928,1,1,1458.606,1,145.719,0,normal,0,nominal
2026-01-01 06:01:00,2,67.017,2.903,26.548,1,1,1242.741,1,126.111,0,normal,0,nominal
2026-01-01 06:01:00,3,61.823,2.448,28.874,1,1,1094.38,1,115.234,0,normal,0,nominal
2026-01-01 06:02:00,1,75.793,3.746,23.815,1,1,1433.134,1,143.035,0,normal,0,nominal
2026-01-01 06:02:00,2,66.654,2.782,26.516,1,1,1239.831,1,124.612,0,normal,0,nominal
2026-01-01 06:02:00,3,61.037,2.102,28.944,1,1,1098.662,1,111.422,0,normal,0,nominal
2026-01-01 06:03:00,1,74.605,3.322,23.508,1,1,1426.502,1,137.911,0,normal,0,nominal
2026-01-01 06:03:00,2,67.45,2.41,26.869,1,1,1245.019,1,120.522,0,normal,0,nominal
2026-01-01 06:03:00,3,62.392,2.324,29.021,1,1,1100.575,1,114.042,0,normal,0,nominal
2026-01-01 06:04:00,1,75.359,3.304,23.859,1,1,1411.848,1,137.144,0,normal,0,nominal
2026-01-01 06:04:00,2,66.824,2.001,26.794,1,1,1253.247,1,116.131,0,normal,0,nominal
2026-01-01 06:04:00,3,62.287,2.616,29.149,1,1,1126.717,1,118.398,0,normal,0,nominal
2026-01-01 06:05:00,1,74.78,3.345,23.625,1,1,1410.724,1,137.577,0,normal,0,nominal
2026-01-01 06:05:00,2,65.216,2.111,26.575,1,1,1275.885,1,118.262,0,normal,0,nominal
2026-01-01 06:05:00,3,61.487,2.815,29.04,1,1,1128.677,1,120.764,0,normal,0,nominal
2026-01-01 06:06:00,1,73.457,3.441,23.446,1,1,1409.512,1,138.628,0,normal,0,nominal
2026-01-01 06:06:00,2,65.048,1.954,26.425,1,1,1271.557,1,116.293,0,normal,0,nominal
2026-01-01 06:06:00,3,61.955,3.06,28.746,1,1,1139.526,1,123.986,0,normal,0,nominal
2026-01-01 06:07:00,1,73.357,3.298,23.377,1,1,1419.087,1,137.357,0,normal,0,nominal
2026-01-01 06:07:00,2,66.339,2.627,26.163,1,1,1276.256,1,124.206,0,normal,0,nominal
2026-01-01 06:07:00,3,62.273,2.56,28.73,1,1,1137.86,1,118.178,0,normal,0,nominal
2026-01-01 06:08:00,1,76.223,3.582,23.532,1,1,1418.868,1,140.605,0,normal,0,nominal
2026-01-01 06:08:00,2,67.014,2.333,26.156,1,1,1273.537,1,120.723,0,normal,0,nominal
2026-01-01 06:08:00,3,60.649,2.649,28.552,1,1,1136.413,1,119.147,0,normal,0,nominal
2026-01-01 06:09:00,1,74.656,3.7,23.865,1,1,1422.678,1,142.114,0,normal,0,nominal
2026-01-01 06:09:00,2,66.611,2.882,26.026,1,1,1265.352,1,126.729,0,normal,0,nominal
2026-01-01 06:09:00,3,59.845,2.744,28.465,1,1,1101.954,1,118.926,0,normal,0,nominal
2026-01-01 06:10:00,1,73.065,3.383,23.837,1,1,1429.84,1,138.735,0,normal,0,nominal
2026-01-01 06:10:00,2,66.084,2.623,26.105,1,1,1251.491,1,123.224,0,normal,0,nominal
2026-01-01 06:10:00,3,59.972,2.32,28.413,1,1,1115.471,1,114.571,0,normal,0,nominal
2026-01-01 06:11:00,1,72.817,3.717,23.764,1,1,1443.493,1,143.1,0,normal,0,nominal
2026-01-01 06:11:00,2,67.327,2.419,26.208,1,1,1263.673,1,121.335,0,normal,0,nominal
2026-01-01 06:11:00,3,58.989,2.166,28.372,1,1,1121.504,1,113.022,0,normal,0,nominal
2026-01-01 06:12:00,1,74.522,4.459,23.856,1,1,1412.189,1,150.817,0,normal,0,leak_progression
2026-01-01 06:12:00,2,67.282,2.416,25.928,1,1,1255.395,1,120.987,0,normal,0,nominal
2026-01-01 06:12:00,3,59.628,2.044,28.73,1,1,1124.19,1,111.721,0,normal,0,nominal
2026-01-01 06:13:00,1,72.924,3.824,23.925,1,1,1430.854,1,144.556,0,normal,0,leak_progression
2026-01-01 06:13:00,2,67.738,2.493,25.973,1,1,1242.507,1,121.384,0,normal,0,nominal
2026-01-01 06:13:00,3,61.931,2.317,28.761,1,1,1120.17,1,114.715,0,normal,0,nominal
2026-01-01 06:14:00,1,72.515,3.941,23.857,1,1,1432.884,1,146.345,0,normal,0,leak_progression
2026-01-01 06:14:00,2,67.037,2.352,25.991,1,1,1258.527,1,120.371,0,normal,0,nominal
2026-01-01 06:14:00,3,61.396,2.332,28.796,1,1,1115.328,1,114.702,0,normal,0,nominal
2026-01-01 06:15:00,1,72.949,3.841,24.27,1,1,1431.961,1,145.506,0,normal,0,leak_progression
2026-01-01 06:15:00,2,68.344,2.412,26.556,1,1,1246.113,1,120.596,0,normal,0,nominal
2026-01-01 06:15:00,3,59.219,2.588,29.304,1,1,1106.302,1,117.299,0,normal,0,nominal
2026-01-01 06:16:00,1,71.417,3.506,24.319,1,1,1413.518,1,141.235,0,normal,0,leak_progression
2026-01-01 06:16:00,2,69.108,2.699,26.268,1,1,1246.374,1,123.898,0,normal,0,nominal
2026-01-01 06:16:00,3,60.667,2.59,29.283,1,1,1106.478,1,117.329,0,normal,0,nominal
2026-01-01 06:17:00,1,72.365,3.438,24.494,1,1,1403.996,1,140.418,0,normal,0,leak_progression
2026-01-01 06:17:00,2,67.873,2.601,26.23,1,1,1263.907,1,123.441,0,normal,0,nominal
2026-01-01 06:17:00,3,60.853,2.287,29.337,1,1,1123.513,1,114.49,0,normal,0,nominal
2026-01-01 06:18:00,1,71.003,3.78,24.434,1,1,1433.342,1,145.906,0,normal,0,leak_progression
2026-01-01 06:18:00,2,68.898,2.841,26.049,1,1,1256.453,1,125.917,0,normal,0,nominal
2026-01-01 06:18:00,3,61.85,2.416,29.396,1,1,1113.391,1,115.596,0,normal,0,nominal
2026-01-01 06:19:00,1,70.958,3.466,24.376,1,1,1431.981,1,142.5,0,normal,0,leak_progression
2026-01-01 06:19:00,2,67.944,3.233,26.113,1,1,1267.589,1,130.847,0,normal,0,nominal
2026-01-01 06:19:00,3,61.167,2.177,29.136,1,1,1102.984,1,112.445,0,normal,0,nominal
2026-01-01 06:20:00,1,71.039,3.384,24.475,1,1,1428.518,1,141.727,0,normal,0,leak_progression
2026-01-01 06:20:00,2,67.54,3.27,25.996,1,1,1275.284,1,131.569,0,normal,0,nominal
2026-01-01 06:20:00,3,60.678,2.138,28.961,1,1,1117.685,1,112.556,0,normal,0,nominal
2026-01-01 06:21:00,1,71.115,3.282,24.672,1,1,1411.879,1,140.22,0,normal,0,leak_progression
2026-01-01 06:21:00,2,67.806,2.747,26.218,1,1,1255.354,1,124.8,0,normal,0,nominal
2026-01-01 06:21:00,3,62.016,2.31,28.248,1,1,1127.751,1,114.916,0,normal,0,nominal
2026-01-01 06:22:00,1,69.893,3.432,25.006,1,1,1393.707,1,141.67,0,normal,0,leak_progression
2026-01-01 06:22:00,2,68.127,3.371,26.246,1,1,1263.126,1,132.267,0,normal,0,nominal
2026-01-01 06:22:00,3,61.104,2.214,28.476,1,1,1109.464,1,113.115,0,normal,0,nominal
2026-01-01 06:23:00,1,67.503,3.21,25.31,1,1,1414.935,1,140.155,0,normal,1,leak_progression
2026-01-01 06:23:00,2,66.747,2.671,26.393,1,1,1262.055,1,124.178,0,normal,0,nominal
2026-01-01 06:23:00,3,62.055,1.836,28.491,1,1,1105.641,1,108.632,0,normal,0,nominal
2026-01-01 06:24:00,1,67.063,3.169,25.107,1,1,1407.198,1,139.702,0,normal,1,leak_progression
2026-01-01 06:24:00,2,66.153,3.277,26.56,1,1,1273.136,1,131.57,0,normal,0,nominal
2026-01-01 06:24:00,3,61.701,2.15,28.55,1,1,1128.912,1,113.12,0,normal,0,nominal
2026-01-01 06:25:00,1,66.798,3.154,25.116,1,1,1436.866,1,140.985,0,normal,1,leak_progression
2026-01-01 06:25:00,2,66.756,2.832,26.734,1,1,1266.961,1,126.211,0,normal,0,nominal
2026-01-01 06:25:00,3,61.392,2.359,29.097,1,1,1125.967,1,115.414,0,normal,0,nominal
2026-01-01 06:26:00,1,65.785,3.168,25.452,1,1,1415.918,1,140.701,0,normal,1,leak_progression
2026-01-01 06:26:00,2,67.052,2.855,26.25,1,1,1262.694,1,126.315,0,normal,0,nominal
2026-01-01 06:26:00,3,62.258,2.159,29.28,1,1,1132.798,1,113.376,0,normal,0,nominal
2026-01-01 06:27:00,1,65.584,3.291,25.221,1,1,1396.179,1,141.788,0,normal,1,leak_progression
2026-01-01 06:27:00,2,66.906,3.745,26.073,1,1,1257.08,1,136.338,0,normal,0,nominal
2026-01-01 06:27:00,3,62.667,2.206,29.208,1,1,1114.796,1,113.229,0,normal,0,nominal
2026-01-01 06:28:00,1,66.681,3.517,25.389,1,1,1406.857,1,145.325,0,warning,1,leak_progression
2026-01-01 06:28:00,2,67.27,3.12,25.923,1,1,1235.445,1,128.325,0,normal,0,nominal
2026-01-01 06:28:00,3,62.999,2.309,28.814,1,1,1112.753,1,114.334,0,normal,0,nominal
2026-01-01 06:29:00,1,66.013,3.471,25.562,1,1,1431.03,1,146.034,0,warning,1,leak_progression
2026-01-01 06:29:00,2,66.5,3.214,26.215,1,1,1239.175,1,129.551,0,normal,0,nominal
2026-01-01 06:29:00,3,62.822,2.381,28.858,1,1,1096.128,1,114.531,0,normal,0,nominal
2026-01-01 06:30:00,1,65.614,3.46,25.371,1,1,1446.462,1,146.482,0,warning,1,leak_progression
2026-01-01 06:30:00,2,67.478,2.565,26.272,1,1,1248.839,1,122.449,0,normal,0,nominal
2026-01-01 06:30:00,3,61.211,2.651,28.849,1,1,1099.314,1,117.756,0,normal,0,nominal
2026-01-01 06:31:00,1,65.794,3.171,25.477,1,1,1414.222,1,141.697,0,warning,1,leak_progression
2026-01-01 06:31:00,2,68.219,2.447,26.241,1,1,1261.573,1,121.584,0,normal,0,nominal
2026-01-01 06:31:00,3,62.021,2.977,28.975,1,1,1105.534,1,121.745,0,normal,0,nominal
2026-01-01 06:32:00,1,65.189,3.075,25.572,1,1,1397.926,1,139.889,0,warning,1,leak_progression
2026-01-01 06:32:00,2,67.566,2.892,26.471,1,1,1256.653,1,126.514,0,normal,0,nominal
2026-01-01 06:32:00,3,57.837,2.258,28.816,1,1,1118.144,1,113.956,0,normal,0,nominal
2026-01-01 06:33:00,1,64.699,3.424,25.226,1,1,1432.893,1,145.52,0,warning,1,leak_progression
2026-01-01 06:33:00,2,66.743,3.256,26.559,1,1,1256.136,1,130.673,0,normal,0,nominal
2026-01-01 06:33:00,3,58.225,2.209,28.79,1,1,1107.574,1,112.987,0,normal,0,nominal
2026-01-01 06:34:00,1,65.779,3.334,25.165,1,1,1444.235,1,144.846,0,warning,1,leak_progression
2026-01-01 06:34:00,2,67.642,2.99,26.524,1,1,1280.432,1,128.545,0,normal,0,nominal
2026-01-01 06:34:00,3,60.129,2.513,29.159,1,1,1106.015,1,116.434,0,normal,0,nominal
2026-01-01 06:35:00,1,66.066,3.365,24.883,1,1,1444.458,1,145.233,0,warning,1,leak_progression
2026-01-01 06:35:00,2,69.211,2.939,26.255,1,1,1259.367,1,127.151,0,normal,0,nominal
2026-01-01 06:35:00,3,62.332,2.332,29.255,1,1,1103.951,1,114.271,0,normal,0,nominal
2026-01-01 06:36:00,1,64.12,3.271,24.902,1,1,1442.387,1,143.997,0,warning,1,leak_progression
2026-01-01 06:36:00,2,67.957,3.498,26.391,1,1,1244.98,1,133.032,0,normal,0,nominal
2026-01-01 06:36:00,3,60.638,2.581,29.506,1,1,1108.113,1,117.292,0,normal,0,nominal
2026-01-01 06:37:00,1,63.81,3.501,24.922,1,1,1441.711,1,146.806,0,warning,1,leak_progression
2026-01-01 06:37:00,2,67.384,3.324,26.117,1,1,1237.72,1,130.763,0,normal,0,nominal
2026-01-01 06:37:00,3,59.803,2.383,29.327,1,1,1093.948,1,114.474,0,normal,0,nominal
2026-01-01 06:38:00,1,64.105,3.287,25.223,1,1,1447.062,1,144.377,0,warning,1,leak_progression
2026-01-01 06:38:00,2,67.94,2.859,26.376,1,1,1251.118,1,125.922,0,normal,0,nominal
2026-01-01 06:38:00,3,60.506,2.194,29.416,1,1,1086.051,1,112.0,0,normal,0,nominal
2026-01-01 06:39:00,1,64.102,3.265,25.284,1,1,1408.382,1,142.629,0,warning,1,leak_progression
2026-01-01 06:39:00,2,66.801,2.494,26.082,1,1,1249.482,1,121.658,0,normal,0,nominal
2026-01-01 06:39:00,3,61.171,2.13,29.038,1,1,1111.235,1,112.216,0,normal,0,nominal
2026-01-01 06:40:00,1,64.218,2.882,25.41,1,1,1436.131,1,138.967,0,warning,1,leak_progression
2026-01-01 06:40:00,2,65.853,2.574,25.873,1,1,1241.682,1,122.28,0,normal,0,nominal
2026-01-01 06:40:00,3,61.922,2.159,28.703,1,1,1113.679,1,112.645,0,normal,0,nominal
2026-01-01 06:41:00,1,65.603,3.082,25.368,1,1,1451.888,1,142.027,0,warning,1,leak_progression
2026-01-01 06:41:00,2,67.378,2.417,25.949,1,1,1247.043,1,120.688,0,normal,0,nominal
2026-01-01 06:41:00,3,60.186,1.973,28.635,1,1,1132.202,1,111.211,0,normal,0,nominal
2026-01-01 06:42:00,1,65.975,3.287,25.341,1,1,1422.385,1,143.429,0,warning,1,leak_progression
2026-01-01 06:42:00,2,66.794,2.024,26.394,1,1,1252.445,1,116.371,0,normal,0,nominal
2026-01-01 06:42:00,3,60.31,2.261,29.0,1,1,1154.201,1,115.363,0,normal,0,nominal
2026-01-01 06:43:00,1,65.442,3.475,25.66,1,1,1423.616,1,145.794,0,warning,1,leak_progression
2026-01-01 06:43:00,2,68.277,2.478,26.231,1,1,1237.835,1,121.032,0,normal,0,nominal
2026-01-01 06:43:00,3,60.558,2.089,29.193,1,1,1127.743,1,112.372,0,normal,0,nominal
2026-01-01 06:44:00,1,65.052,3.434,25.132,1,1,1427.514,1,145.437,0,warning,1,leak_progression
2026-01-01 06:44:00,2,66.904,2.291,26.002,1,1,1249.606,1,119.333,0,normal,0,nominal
2026-01-01 06:44:00,3,61.306,2.126,29.04,1,1,1122.667,1,112.605,0,normal,0,nominal
2026-01-01 06:45:00,1,64.226,3.376,24.941,1,1,1424.189,1,144.606,0,warning,1,leak_progression
2026-01-01 06:45:00,2,66.735,2.622,26.407,1,1,1252.596,1,123.256,0,normal,0,nominal
2026-01-01 06:45:00,3,61.308,2.123,29.112,1,1,1092.45,1,111.427,0,normal,0,nominal
2026-01-01 06:46:00,1,65.951,3.326,25.135,1,1,1399.591,1,143.052,0,warning,1,leak_progression
2026-01-01 06:46:00,2,66.9,2.962,26.924,1,1,1239.624,1,126.666,0,normal,0,nominal
2026-01-01 06:46:00,3,62.02,2.566,29.172,1,1,1117.929,1,117.495,0,normal,0,nominal
2026-01-01 06:47:00,1,65.158,3.078,25.037,1,1,1423.58,1,140.907,0,warning,1,leak_progression
2026-01-01 06:47:00,2,67.846,2.697,26.292,1,1,1252.367,1,124.107,0,normal,0,nominal
2026-01-01 06:47:00,3,63.417,2.26,29.099,1,1,1101.401,1,113.338,0,normal,0,nominal
2026-01-01 06:48:00,1,63.961,3.23,25.136,1,1,1419.105,1,142.603,0,warning,1,leak_progression
2026-01-01 06:48:00,2,67.415,3.198,26.298,1,1,1231.499,1,129.07,0,normal,0,nominal
2026-01-01 06:48:00,3,61.524,2.487,28.851,1,1,1095.564,1,115.727,0,normal,0,nominal
2026-01-01 06:49:00,1,63.167,3.143,25.072,1,1,1436.077,1,142.18,0,warning,1,leak_progression
2026-01-01 06:49:00,2,66.016,3.344,26.493,1,1,1238.99,1,131.035,0,normal,0,nominal
2026-01-01 06:49:00,3,61.234,2.071,28.556,1,1,1106.056,1,111.341,0,normal,0,nominal
2026-01-01 06:50:00,1,64.159,3.096,25.428,1,1,1415.562,1,140.818,0,warning,1,leak_progression
2026-01-01 06:50:00,2,66.781,3.697,26.453,1,1,1215.183,1,134.198,0,normal,0,nominal
2026-01-01 06:50:00,3,60.565,2.198,28.925,1,1,1107.002,1,112.84,0,normal,0,nominal
2026-01-01 06:51:00,1,64.398,3.163,25.549,1,1,1432.324,1,142.279,0,warning,1,leak_progression
2026-01-01 06:51:00,2,66.468,3.549,26.345,1,1,1231.271,1,133.104,0,normal,0,nominal
2026-01-01 06:51:00,3,59.113,2.559,29.042,1,1,1137.099,1,118.14,0,normal,0,nominal
2026-01-01 06:52:00,1,64.922,3.327,25.589,1,1,1419.929,1,143.833,0,warning,1,leak_progression
2026-01-01 06:52:00,2,66.302,3.285,26.031,1,1,1229.618,1,129.998,0,normal,0,nominal
2026-01-01 06:52:00,3,59.282,2.517,28.985,1,1,1148.651,1,118.089,0,normal,0,nominal
2026-01-01 06:53:00,1,64.695,3.468,25.268,1,1,1441.045,1,146.372,0,warning,1,leak_progression
2026-01-01 06:53:00,2,66.179,2.57,26.227,1,1,1246.563,1,122.423,0,normal,0,nominal
2026-01-01 06:53:00,3,60.703,2.484,28.97,1,1,1149.554,1,117.751,0,normal,0,nominal
2026-01-01 06:54:00,1,66.734,3.207,25.599,1,1,1398.004,1,141.522,0,warning,1,leak_progression
2026-01-01 06:54:00,2,66.355,2.676,26.224,1,1,1227.845,1,122.931,0,normal,0,nominal
2026-01-01 06:54:00,3,62.518,2.513,28.808,1,1,1115.22,1,116.774,0,normal,0,nominal
2026-01-01 06:55:00,1,65.95,3.324,25.571,1,1,1397.476,1,142.943,0,warning,1,leak_progression
2026-01-01 06:55:00,2,66.526,2.948,26.096,1,1,1250.277,1,126.907,0,normal,0,nominal
2026-01-01 06:55:00,3,61.678,2.458,28.532,1,1,1121.723,1,116.394,0,normal,0,nominal
2026-01-01 06:56:00,1,66.716,3.463,25.407,1,1,1404.893,1,144.939,0,warning,1,leak_progression
2026-01-01 06:56:00,2,66.164,3.065,26.12,1,1,1265.125,1,128.826,0,normal,0,nominal
2026-01-01 06:56:00,3,60.454,2.339,28.645,1,1,1108.1,1,114.509,0,normal,0,nominal
2026-01-01 06:57:00,1,64.957,3.374,25.184,1,1,1394.368,1,143.44,0,warning,1,leak_progression
2026-01-01 06:57:00,2,65.964,3.357,26.207,1,1,1257.168,1,131.88,0,normal,0,nominal
2026-01-01 06:57:00,3,61.366,2.359,28.848,1,1,1115.139,1,114.998,0,normal,0,nominal
2026-01-01 06:58:00,1,64.781,3.055,25.472,1,1,1400.293,1,139.739,0,warning,1,leak_progression
2026-01-01 06:58:00,2,66.48,3.327,26.095,1,1,1247.388,1,131.164,0,normal,0,nominal
2026-01-01 06:58:00,3,62.129,2.23,28.473,1,1,1120.498,1,113.722,0,normal,0,nominal
2026-01-01 06:59:00,1,64.376,3.226,25.266,1,1,1414.242,1,142.37,0,warning,1,leak_progression
2026-01-01 06:59:00,2,66.089,3.322,26.15,1,1,1242.476,1,130.919,0,normal,0,nominal
2026-01-01 06:59:00,3,59.865,2.264,28.633,1,1,1121.424,1,114.155,0,normal,0,nominal
2026-01-01 07:00:00,1,64.915,3.335,25.604,1,1,1406.476,1,143.423,0,warning,1,leak_progression
2026-01-01 07:00:00,2,66.402,3.488,26.292,1,1,1253.66,1,133.254,0,normal,0,nominal
2026-01-01 07:00:00,3,58.698,2.288,28.932,1,1,1116.03,1,114.221,0,normal,0,nominal
2026-01-01 07:01:00,1,65.415,2.979,25.978,1,1,1409.985,1,139.165,0,warning,1,leak_progression
2026-01-01 07:01:00,2,67.116,2.507,26.386,1,1,1252.187,1,121.909,0,normal,0,nominal
2026-01-01 07:01:00,3,59.637,2.521,28.978,1,1,1115.723,1,116.892,0,normal,0,nominal
2026-01-01 07:02:00,1,63.789,2.868,25.64,1,1,1429.137,1,138.109,0,warning,1,leak_progression
2026-01-01 07:02:00,2,67.481,2.634,26.276,1,1,1259.212,1,123.644,0,normal,0,nominal
2026-01-01 07:02:00,3,59.64,2.441,29.342,1,1,1112.833,1,115.865,0,normal,0,nominal
2026-01-01 07:03:00,1,64.855,3.239,24.895,1,1,1420.637,1,141.888,0,normal,1,leak_progression
2026-01-01 07:03:00,2,66.283,2.739,26.262,1,1,1256.435,1,124.743,0,normal,0,nominal
2026-01-01 07:03:00,3,60.484,2.294,29.101,1,1,1112.511,1,114.155,0,normal,0,nominal
2026-01-01 07:04:00,1,67.619,3.244,24.999,1,1,1430.788,1,141.89,0,normal,1,leak_progression
2026-01-01 07:04:00,2,66.167,2.697,26.362,1,1,1254.756,1,124.199,0,normal,0,nominal
2026-01-01 07:04:00,3,61.075,2.537,29.389,1,1,1122.632,1,117.333,0,normal,0,nominal
2026-01-01 07:05:00,1,68.959,3.14,25.182,1,1,1430.881,1,140.208,0,normal,1,leak_progression
2026-01-01 07:05:00,2,66.242,2.832,26.73,1,1,1247.356,1,125.465,0,normal,0,nominal
2026-01-01 07:05:00,3,60.963,2.414,29.433,1,1,1117.985,1,115.745,0,normal,0,nominal
2026-01-01 07:06:00,1,68.961,3.188,25.064,1,1,1423.645,1,140.079,0,normal,1,leak_progression
2026-01-01 07:06:00,2,65.218,2.854,26.227,1,1,1242.085,1,125.524,0,normal,0,nominal
2026-01-01 07:06:00,3,60.162,2.336,29.69,1,1,1129.33,1,115.279,0,normal,0,nominal
2026-01-01 07:07:00,1,69.288,3.346,24.575,1,1,1432.886,1,141.886,0,normal,0,leak_progression
2026-01-01 07:07:00,2,67.876,2.712,26.068,1,1,1247.979,1,124.114,0,normal,0,nominal
2026-01-01 07:07:00,3,60.287,2.53,29.13,1,1,1128.332,1,117.477,0,normal,0,nominal
2026-01-01 07:08:00,1,69.63,3.543,24.448,1,1,1412.433,1,143.009,0,normal,0,leak_progression
2026-01-01 07:08:00,2,68.728,2.834,26.346,1,1,1258.389,1,125.914,0,normal,0,nominal
2026-01-01 07:08:00,3,61.107,2.52,29.103,1,1,1101.774,1,116.351,0,normal,0,nominal
2026-01-01 07:09:00,1,70.093,3.577,23.977,1,1,1414.177,1,143.033,0,normal,0,leak_progression
2026-01-01 07:09:00,2,67.986,3.328,26.25,1,1,1281.366,1,132.464,0,normal,0,nominal
2026-01-01 07:09:00,3,60.628,2.429,28.91,1,1,1121.46,1,116.052,0,normal,0,nominal
2026-01-01 07:10:00,1,70.279,3.332,23.952,1,1,1411.047,1,139.579,0,normal,0,leak_progression
2026-01-01 07:10:00,2,67.171,3.206,26.076,1,1,1252.069,1,129.953,0,normal,0,nominal
2026-01-01 07:10:00,3,59.576,2.42,28.671,1,1,1115.218,1,115.71,0,normal,0,nominal
2026-01-01 07:11:00,1,70.907,3.485,24.059,1,1,1427.524,1,141.657,0,normal,0,leak_progression
2026-01-01 07:11:00,2,67.057,3.174,26.5,1,1,1268.452,1,130.2,0,normal,0,nominal
2026-01-01 07:11:00,3,59.48,2.415,28.485,1,1,1116.63,1,115.701,0,normal,0,nominal
2026-01-01 07:12:00,1,71.475,3.19,24.239,1,1,1424.314,1,138.075,0,normal,0,leak_progression
2026-01-01 07:12:00,2,67.125,3.3,26.281,1,1,1270.526,1,131.733,0,normal,0,nominal
2026-01-01 07:12:00,3,59.502,2.772,28.38,1,1,1110.484,1,119.572,0,normal,0,nominal
2026-01-01 07:13:00,1,71.149,3.322,24.34,1,1,1425.547,1,139.673,0,normal,0,leak_progression
2026-01-01 07:13:00,2,65.646,3.358,26.476,1,1,1260.983,1,132.033,0,normal,0,nominal
2026-01-01 07:13:00,3,60.788,2.616,28.177,1,1,1113.092,1,117.882,0,normal,0,nominal
2026-01-01 07:14:00,1,71.549,2.918,24.208,1,1,1424.136,1,134.867,0,normal,0,leak_progression
2026-01-01 07:14:00,2,66.465,3.2,26.381,1,1,1279.569,1,130.928,0,normal,0,nominal
2026-01-01 07:14:00,3,60.093,2.33,28.412,1,1,1127.581,1,115.145,0,normal,0,nominal
2026-01-01 07:15:00,1,70.565,3.201,23.867,1,1,1419.422,1,138.013,0,normal,0,leak_progression
2026-01-01 07:15:00,2,66.284,3.093,26.095,1,1,1261.573,1,129.01,0,normal,0,nominal
2026-01-01 07:15:00,3,60.4,2.457,29.018,1,1,1130.531,1,116.712,0,normal,0,nominal
2026-01-01 07:16:00,1,71.619,3.155,24.054,1,1,1430.565,1,137.894,0,normal,0,leak_progression
2026-01-01 07:16:00,2,65.163,3.064,26.261,1,1,1254.02,1,128.391,0,normal,0,nominal
2026-01-01 07:16:00,3,62.181,2.631,28.913,1,1,1126.788,1,118.574,0,normal,0,nominal
2026-01-01 07:17:00,1,72.25,3.39,24.009,1,1,1417.589,1,140.163,0,normal,0,leak_progression
2026-01-01 07:17:00,2,65.497,2.669,26.369,1,1,1261.304,1,124.118,0,normal,0,nominal
2026-01-01 07:17:00,3,60.251,2.527,28.827,1,1,1100.552,1,116.384,0,normal,0,nominal
2026-01-01 07:18:00,1,70.558,3.34,23.871,1,1,1415.502,1,139.495,0,normal,0,leak_progression
2026-01-01 07:18:00,2,65.603,2.809,26.491,1,1,1284.22,1,126.601,0,normal,0,nominal
2026-01-01 07:18:00,3,60.926,2.442,29.086,1,1,1123.906,1,116.289,0,normal,0,nominal
2026-01-01 07:19:00,1,73.168,3.096,24.181,1,1,1425.928,1,137.032,0,normal,0,leak_progression
2026-01-01 07:19:00,2,65.414,2.882,26.634,1,1,1259.474,1,126.506,0,normal,0,nominal
2026-01-01 07:19:00,3,60.747,2.335,28.613,1,1,1111.866,1,114.607,0,normal,0,nominal
2026-01-01 07:20:00,1,72.101,3.201,24.156,1,1,1405.319,1,137.477,0,normal,0,leak_progression
2026-01-01 07:20:00,2,66.596,3.022,26.778,1,1,1267.589,1,128.416,0,normal,0,nominal
2026-01-01 07:20:00,3,61.568,2.329,28.52,1,1,1125.066,1,115.035,0,normal,0,nominal
2026-01-01 07:21:00,1,69.86,2.965,24.312,1,1,1423.53,1,135.396,0,normal,0,leak_progression
2026-01-01 07:21:00,2,66.39,2.95,26.679,1,1,1273.195,1,127.806,0,normal,0,nominal
2026-01-01 07:21:00,3,62.718,2.03,28.647,1,1,1122.781,1,111.51,0,normal,0,nominal
2026-01-01 07:22:00,1,67.923,3.385,24.684,1,1,1409.69,1,139.808,0,normal,0,leak_progression
2026-01-01 07:22:00,2,66.615,3.248,26.525,1,1,1270.933,1,131.149,0,normal,0,nominal
2026-01-01 07:22:00,3,60.916,2.002,28.392,1,1,1123.514,1,111.222,0,normal,0,nominal
2026-01-01 07:23:00,1,71.813,3.186,24.642,1,1,1384.67,1,136.513,0,normal,0,leak_progression
2026-01-01 07:23:00,2,67.638,3.111,26.401,1,1,1260.088,1,129.156,0,normal,0,nominal
2026-01-01 07:23:00,3,59.492,2.343,28.436,1,1,1116.686,1,114.876,0,normal,0,nominal
2026-01-01 07:24:00,1,70.682,3.194,24.782,1,1,1390.812,1,136.846,0,normal,0,leak_progression
2026-01-01 07:24:00,2,67.253,3.469,26.302,1,1,1244.496,1,132.686,0,normal,0,nominal
2026-01-01 07:24:00,3,59.164,2.024,28.218,1,1,1119.275,1,111.304,0,normal,0,nominal
2026-01-01 07:25:00,1,70.712,3.051,24.627,1,1,1388.216,1,135.069,0,normal,0,leak_progression
2026-01-01 07:25:00,2,68.446,3.765,26.44,1,1,1242.011,1,135.998,0,normal,0,nominal
2026-01-01 07:25:00,3,59.25,1.798,28.049,1,1,1112.665,1,108.454,0,normal,0,nominal
2026-01-01 07:26:00,1,71.259,3.231,24.677,1,1,1429.469,1,138.746,0,normal,0,leak_progression
2026-01-01 07:26:00,2,68.069,3.695,26.514,1,1,1239.745,1,135.105,0,normal,0,nominal
2026-01-01 07:26:00,3,60.249,1.977,28.451,1,1,1131.994,1,111.247,0,normal,0,nominal
2026-01-01 07:27:00,1,71.727,3.467,24.553,1,1,1415.471,1,140.988,0,normal,0,leak_progression
2026-01-01 07:27:00,2,66.663,3.358,26.654,1,1,1248.197,1,131.549,0,normal,0,nominal
2026-01-01 07:27:00,3,58.646,2.059,28.867,1,1,1114.7,1,111.534,0,normal,0,nominal
2026-01-01 07:28:00,1,72.151,3.767,24.733,1,1,1421.617,1,144.742,0,normal,0,leak_progression
2026-01-01 07:28:00,2,67.046,2.775,26.047,1,1,1255.739,1,125.126,0,normal,0,nominal
2026-01-01 07:28:00,3,59.137,2.53,29.022,1,1,1087.739,1,115.932,0,normal,0,nominal
2026-01-01 07:29:00,1,71.229,3.371,24.872,1,1,1420.634,1,140.051,0,normal,0,leak_progression
2026-01-01 07:29:00,2,68.323,3.02,26.082,1,1,1254.817,1,127.918,0,normal,0,nominal
2026-01-01 07:29:00,3,58.216,2.681,28.885,1,1,1106.262,1,118.373,0,normal,0,nominal
2026-01-01 07:30:00,1,72.88,3.627,24.413,1,1,1422.12,1,143.119,0,normal,0,leak_progression
2026-01-01 07:30:00,2,65.282,3.067,26.216,1,1,1266.676,1,128.907,0,normal,0,nominal
2026-01-01 07:30:00,3,60.16,2.417,28.799,1,1,1108.448,1,115.411,0,normal,0,nominal
2026-01-01 07:31:00,1,71.378,3.375,24.526,1,1,1431.868,1,140.535,0,normal,0,leak_progression
2026-01-01 07:31:00,2,66.7,2.911,26.37,1,1,1265.048,1,127.046,0,normal,0,nominal
2026-01-01 07:31:00,3,60.012,2.263,28.814,1,1,1098.45,1,113.261,0,normal,0,nominal
2026-01-01 07:32:00,1,71.964,3.606,24.347,1,1,1422.342,1,142.883,0,normal,0,leak_progression
2026-01-01 07:32:00,2,66.584,2.686,26.502,1,1,1256.159,1,124.128,0,normal,0,nominal
2026-01-01 07:32:00,3,61.461,1.969,28.601,1,1,1119.706,1,110.689,0,normal,0,nominal
2026-01-01 07:33:00,1,73.481,3.54,24.477,1,1,1395.704,1,141.089,0,normal,0,leak_progression
2026-01-01 07:33:00,2,67.788,3.133,26.427,1,1,1273.947,1,129.936,0,normal,0,nominal
2026-01-01 07:33:00,3,62.891,2.149,28.688,1,1,1123.925,1,112.919,0,normal,0,nominal
2026-01-01 07:34:00,1,71.121,3.393,24.524,1,1,1398.127,1,139.458,0,normal,0,leak_progression
2026-01-01 07:34:00,2,66.837,2.996,26.828,1,1,1269.983,1,128.212,0,normal,0,nominal
2026-01-01 07:34:00,3,62.861,1.984,28.749,1,1,1094.654,1,109.916,0,normal,0,nominal
2026-01-01 07:35:00,1,71.142,3.852,24.665,1,1,1427.089,1,145.952,0,normal,0,leak_progression
2026-01-01 07:35:00,2,66.044,3.211,26.778,1,1,1253.709,1,130.063,0,normal,0,nominal
2026-01-01 07:35:00,3,60.889,2.258,28.702,1,1,1107.856,1,113.571,0,normal,0,nominal
2026-01-01 07:36:00,1,68.337,3.41,24.228,1,1,1412.728,1,140.21,0,normal,0,leak_progression
2026-01-01 07:36:00,2,66.855,3.265,26.472,1,1,1267.691,1,131.223,0,normal,0,nominal
2026-01-01 07:36:00,3,61.756,2.44,28.715,1,1,1114.938,1,115.924,0,normal,0,nominal
2026-01-01 07:37:00,1,68.916,3.604,24.274,1,1,1411.286,1,142.43,0,normal,0,leak_progression
2026-01-01 07:37:00,2,67.316,2.596,26.03,1,1,1266.874,1,123.497,0,normal,0,nominal
2026-01-01 07:37:00,3,61.263,2.454,28.572,1,1,1124.426,1,116.443,0,normal,0,nominal
2026-01-01 07:38:00,1,70.104,3.82,24.393,1,1,1416.476,1,145.171,0,normal,0,leak_progression
2026-01-01 07:38:00,2,66.55,2.993,26.401,1,1,1254.941,1,127.606,0,normal,0,nominal
2026-01-01 07:38:00,3,60.265,2.379,28.896,1,1,1138.294,1,116.116,0,normal,0,nominal
2026-01-01 07:39:00,1,70.583,3.824,24.034,1,1,1402.678,1,144.694,0,normal,0,leak_progression
2026-01-01 07:39:00,2,66.098,3.476,26.348,1,1,1260.547,1,133.375,0,normal,0,nominal
2026-01-01 07:39:00,3,60.67,2.247,29.267,1,1,1140.643,1,114.688,0,normal,0,nominal
2026-01-01 07:40:00,1,71.326,3.612,24.204,1,1,1424.949,1,143.047,0,normal,0,leak_progression
2026-01-01 07:40:00,2,65.898,3.483,26.094,1,1,1244.055,1,132.833,0,normal,0,nominal
2026-01-01 07:40:00,3,59.352,2.295,29.061,1,1,1126.601,1,114.705,0,normal,0,nominal
2026-01-01 07:41:00,1,71.948,3.965,24.079,1,1,1426.603,1,147.253,0,normal,0,leak_progression
2026-01-01 07:41:00,2,66.267,2.748,26.484,1,1,1241.636,1,124.285,0,normal,0,nominal
2026-01-01 07:41:00,3,60.064,2.488,29.218,1,1,1123.911,1,116.825,0,normal,0,nominal
2026-01-01 07:42:00,1,69.994,3.442,23.94,1,1,1420.245,1,140.874,0,normal,0,leak_progression
2026-01-01 07:42:00,2,66.569,2.813,26.372,1,1,1264.183,1,125.888,0,normal,0,nominal
2026-01-01 07:42:00,3,59.828,2.461,28.92,1,1,1114.961,1,116.165,0,normal,0,nominal
2026-01-01 07:43:00,1,70.543,3.788,24.483,1,1,1414.091,1,144.703,0,normal,0,leak_progression
2026-01-01 07:43:00,2,67.687,3.105,26.631,1,1,1262.749,1,129.194,0,normal,0,nominal
2026-01-01 07:43:00,3,62.15,2.719,28.818,1,1,1124.659,1,119.504,0,normal,0,nominal
2026-01-01 07:44:00,1,72.103,3.856,24.334,1,1,1398.053,1,144.893,0,normal,0,leak_progression
2026-01-01 07:44:00,2,67.616,3.011,26.603,1,1,1240.568,1,127.268,0,normal,0,nominal
2026-01-01 07:44:00,3,62.634,2.672,28.845,1,1,1107.303,1,118.303,0,normal,0,nominal
2026-01-01 07:45:00,1,72.5,3.711,24.529,1,1,1402.308,1,143.352,0,normal,0,leak_progression
2026-01-01 07:45:00,2,67.506,2.981,26.745,1,1,1252.405,1,127.368,0,normal,0,nominal
2026-01-01 07:45:00,3,62.247,2.582,28.815,1,1,1118.299,1,117.689,0,normal,0,nominal
2026-01-01 07:46:00,1,72.667,3.643,24.647,1,1,1410.427,1,142.858,0,normal,0,leak_progression
2026-01-01 07:46:00,2,67.529,2.953,26.47,1,1,1254.355,1,127.129,0,normal,0,nominal
2026-01-01 07:46:00,3,62.241,2.801,29.044,1,1,1148.507,1,121.357,0,normal,0,nominal
2026-01-01 07:47:00,1,71.247,3.629,24.64,1,1,1410.698,1,142.71,0,normal,0,leak_progression
2026-01-01 07:47:00,2,68.1,3.061,26.325,1,1,1242.653,1,127.92,0,normal,0,nominal
2026-01-01 07:47:00,3,62.352,2.702,28.979,1,1,1136.997,1,119.777,0,normal,0,nominal
2026-01-01 07:48:00,1,70.437,3.306,24.767,1,1,1406.755,1,138.762,0,normal,0,leak_progression
2026-01-01 07:48:00,2,66.259,2.96,26.038,1,1,1246.932,1,126.928,0,normal,0,nominal
2026-01-01 07:48:00,3,62.208,2.536,29.007,1,1,1143.724,1,118.128,0,normal,0,nominal
2026-01-01 07:49:00,1,70.898,3.325,24.34,1,1,1426.149,1,139.729,0,normal,0,leak_progression
2026-01-01 07:49:00,2,66.243,2.756,26.086,1,1,1246.624,1,124.564,0,normal,0,nominal
2026-01-01 07:49:00,3,61.609,2.963,28.801,1,1,1139.756,1,122.884,0,normal,0,nominal
2026-01-01 07:50:00,1,70.96,3.408,24.563,1,1,1426.239,1,140.7,0,normal,0,leak_progression
2026-01-01 07:50:00,2,67.481,2.684,26.33,1,1,1253.9,1,124.012,0,normal,0,nominal
2026-01-01 07:50:00,3,61.43,2.732,28.844,1,1,1151.571,1,120.682,0,normal,0,nominal
2026-01-01 07:51:00,1,69.785,3.246,24.415,1,1,1433.05,1,139.064,0,normal,0,leak_progression
2026-01-01 07:51:00,2,68.174,2.329,26.246,1,1,1267.713,1,120.459,0,normal,0,nominal
2026-01-01 07:51:00,3,62.001,2.315,28.731,1,1,1125.449,1,114.888,0,normal,0,nominal
2026-01-01 07:52:00,1,70.625,3.755,24.284,1,1,1436.026,1,145.151,0,normal,0,leak_progression
2026-01-01 07:52:00,2,67.263,3.009,26.304,1,1,1249.775,1,127.596,0,normal,0,nominal
2026-01-01 07:52:00,3,61.538,2.235,28.817,1,1,1119.06,1,113.725,0,normal,0,nominal
2026-01-01 07:53:00,1,71.803,3.831,24.617,1,1,1429.16,1,145.779,0,normal,0,leak_progression
2026-01-01 07:53:00,2,67.355,2.409,26.127,1,1,1266.576,1,121.338,0,normal,0,nominal
2026-01-01 07:53:00,3,60.837,2.405,29.089,1,1,1139.578,1,116.458,0,normal,0,nominal
2026-01-01 07:54:00,1,69.347,3.732,24.759,1,1,1415.564,1,144.104,0,normal,0,leak_progression
2026-01-01 07:54:00,2,66.892,2.96,26.139,1,1,1274.54,1,127.977,0,normal,0,nominal
2026-01-01 07:54:00,3,60.716,2.692,29.156,1,1,1128.18,1,119.328,0,normal,0,nominal
2026-01-01 07:55:00,1,71.56,3.564,24.917,1,1,1404.423,1,141.711,0,normal,0,leak_progression
2026-01-01 07:55:00,2,68.406,3.095,25.985,1,1,1252.84,1,128.706,0,normal,0,nominal
2026-01-01 07:55:00,3,60.974,2.943,29.484,1,1,1131.622,1,122.348,0,normal,0,nominal
2026-01-01 07:56:00,1,74.407,3.158,24.53,1,1,1414.792,1,137.338,0,normal,0,leak_progression
2026-01-01 07:56:00,2,68.143,2.965,25.923,1,1,1231.322,1,126.389,0,normal,0,nominal
2026-01-01 07:56:00,3,59.841,2.788,29.167,1,1,1125.727,1,120.335,0,normal,0,nominal
2026-01-01 07:57:00,1,73.672,3.382,24.54,1,1,1399.448,1,139.375,0,normal,0,leak_progression
2026-01-01 07:57:00,2,66.738,2.724,26.062,1,1,1271.979,1,125.164,0,normal,0,nominal
2026-01-01 07:57:00,3,59.65,2.648,28.857,1,1,1128.879,1,118.848,0,normal,0,nominal
2026-01-01 07:58:00,1,72.425,3.233,24.536,1,1,1422.449,1,138.503,0,normal,0,leak_progression
2026-01-01 07:58:00,2,66.523,2.905,26.277,1,1,1263.215,1,126.913,0,normal,0,nominal
2026-01-01 07:58:00,3,60.409,2.373,29.138,1,1,1117.754,1,115.265,0,normal,0,nominal
2026-01-01 07:59:00,1,70.779,3.252,24.659,1,1,1410.02,1,138.259,0,normal,0,leak_progression
2026-01-01 07:59:00,2,67.097,3.141,25.893,1,1,1249.512,1,129.104,0,normal,0,nominal
2026-01-01 07:59:00,3,59.552,2.644,29.272,1,1,1136.882,1,119.103,0,normal,0,nominal
2026-01-01 06:00:00,1,72.465,4.081,23.997,1,1,1398.473,1,145.579,0,normal,0,nominal
2026-01-01 06:00:00,2,66.41,2.883,26.232,1,1,1243.339,1,125.897,0,normal,0,nominal
2026-01-01 06:00:00,3,61.235,2.156,29.152,1,1,1080.144,1,111.337,0,normal,0,nominal
2026-01-01 06:01:00,1,73.463,4.104,23.799,1,1,1403.451,1,146.027,0,normal,0,nominal
2026-01-01 06:01:00,2,66.106,3.071,26.041,1,1,1246.836,1,128.199,0,normal,0,nominal
2026-01-01 06:01:00,3,61.392,1.926,29.324,1,1,1105.245,1,109.644,0,normal,0,nominal
2026-01-01 06:02:00,1,72.354,4.037,23.43,1,1,1411.393,1,145.562,0,normal,0,nominal
2026-01-01 06:02:00,2,66.172,3.107,26.15,1,1,1260.499,1,129.133,0,normal,0,nominal
2026-01-01 06:02:00,3,62.353,1.911,28.928,1,1,1111.355,1,109.703,0,normal,0,nominal
2026-01-01 06:03:00,1,72.738,4.028,23.311,1,1,1419.652,1,145.766,0,normal,0,nominal
2026-01-01 06:03:00,2,66.336,3.13,26.41,1,1,1255.684,1,129.216,0,normal,0,nominal
2026-01-01 06:03:00,3,62.6,2.099,29.08,1,1,1128.345,1,112.52,0,normal,0,nominal
2026-01-01 06:04:00,1,74.176,4.079,22.891,1,1,1442.395,1,147.214,0,normal,0,nominal
2026-01-01 06:04:00,2,65.429,2.916,26.307,1,1,1229.875,1,125.765,0,normal,0,nominal
2026-01-01 06:04:00,3,61.667,2.449,28.772,1,1,1122.755,1,116.33,0,normal,0,nominal
2026-01-01 06:05:00,1,74.759,3.911,23.284,1,1,1437.886,1,145.113,0,normal,0,nominal
2026-01-01 06:05:00,2,65.96,2.87,26.392,1,1,1247.012,1,125.887,0,normal,0,nominal
2026-01-01 06:05:00,3,59.944,2.363,28.756,1,1,1125.584,1,115.441,0,normal,0,nominal
2026-01-01 06:06:00,1,74.403,3.888,23.357,1,1,1438.464,1,144.87,0,normal,0,nominal
2026-01-01 06:06:00,2,66.788,3.356,25.588,1,1,1249.612,1,131.582,0,normal,0,nominal
2026-01-01 06:06:00,3,62.281,2.518,28.722,1,1,1129.817,1,117.385,0,normal,0,nominal
2026-01-01 06:07:00,1,75.093,3.784,23.233,1,1,1432.578,1,143.451,0,normal,0,nominal
2026-01-01 06:07:00,2,66.579,3.2,25.695,1,1,1256.029,1,130.026,0,normal,0,nominal
2026-01-01 06:07:00,3,61.05,2.185,28.848,1,1,1110.876,1,112.837,0,normal,0,nominal
2026-01-01 06:08:00,1,74.285,3.597,23.499,1,1,1419.148,1,140.79,0,normal,0,nominal
2026-01-01 06:08:00,2,65.142,3.142,25.63,1,1,1237.192,1,128.641,0,normal,0,nominal
2026-01-01 06:08:00,3,60.882,2.291,28.931,1,1,1080.982,1,112.926,0,normal,0,nominal
2026-01-01 06:09:00,1,73.831,3.557,23.477,1,1,1416.207,1,140.221,0,normal,0,nominal
2026-01-01 06:09:00,2,65.307,3.161,25.74,1,1,1247.446,1,129.249,0,normal,0,nominal
2026-01-01 06:09:00,3,60.762,2.023,29.056,1,1,1111.962,1,111.019,0,normal,0,nominal
2026-01-01 06:10:00,1,73.166,3.16,23.617,1,1,1396.491,1,134.91,0,normal,0,nominal
2026-01-01 06:10:00,2,67.776,2.833,25.708,1,1,1259.428,1,125.939,0,normal,0,nominal
2026-01-01 06:10:00,3,59.599,2.318,28.98,1,1,1112.988,1,114.453,0,normal,0,nominal
2026-01-01 06:11:00,1,74.345,3.599,23.46,1,1,1433.498,1,141.367,0,normal,0,nominal
2026-01-01 06:11:00,2,67.005,2.604,25.698,1,1,1262.848,1,123.437,0,normal,0,nominal
2026-01-01 06:11:00,3,59.856,2.499,28.712,1,1,1127.431,1,117.081,0,normal,0,nominal
2026-01-01 06:12:00,1,73.717,3.799,23.233,1,1,1444.407,1,144.071,0,normal,0,nominal
2026-01-01 06:12:00,2,66.261,2.584,25.472,1,1,1269.835,1,123.474,0,normal,0,nominal
2026-01-01 06:12:00,3,60.209,2.272,28.685,1,1,1101.284,1,113.474,0,normal,0,nominal
2026-01-01 06:13:00,1,73.535,3.367,23.461,1,1,1456.133,1,139.553,0,normal,0,nominal
2026-01-01 06:13:00,2,67.088,2.67,25.577,1,1,1249.192,1,123.674,0,normal,0,nominal
2026-01-01 06:13:00,3,60.759,2.263,28.713,1,1,1109.638,1,113.696,0,normal,0,nominal
2026-01-01 06:14:00,1,73.766,3.051,23.587,1,1,1422.324,1,134.638,0,normal,0,nominal
2026-01-01 06:14:00,2,67.259,2.209,25.86,1,1,1277.063,1,119.437,0,normal,0,nominal
2026-01-01 06:14:00,3,61.34,2.116,28.674,1,1,1111.985,1,112.089,0,normal,0,nominal
2026-01-01 06:15:00,1,74.749,3.601,23.55,1,1,1409.908,1,140.488,0,normal,0,nominal
2026-01-01 06:15:00,2,66.705,2.495,26.085,1,1,1263.746,1,122.215,0,normal,0,nominal
2026-01-01 06:15:00,3,59.819,2.103,29.047,1,1,1117.176,1,112.14,0,normal,0,nominal
2026-01-01 06:16:00,1,73.68,3.435,23.612,1,1,1422.417,1,139.052,0,normal,0,nominal
2026-01-01 06:16:00,2,66.438,2.863,26.106,1,1,1292.278,1,127.536,0,normal,0,nominal
2026-01-01 06:16:00,3,59.282,2.127,28.804,1,1,1103.248,1,111.887,0,normal,0,nominal
2026-01-01 06:17:00,1,74.544,3.26,23.497,1,1,1421.739,1,137.019,0,normal,0,nominal
2026-01-01 06:17:00,2,70.464,2.942,25.881,1,1,1272.391,1,127.685,0,normal,0,nominal
2026-01-01 06:17:00,3,61.151,2.156,28.795,1,1,1118.794,1,112.81,0,normal,0,nominal
2026-01-01 06:18:00,1,71.268,2.858,23.904,1,1,1413.811,1,132.097,0,normal,0,nominal
2026-01-01 06:18:00,2,69.023,3.014,25.803,1,1,1282.7,1,128.906,0,normal,0,nominal
2026-01-01 06:18:00,3,60.463,2.607,28.96,1,1,1116.252,1,117.895,0,normal,0,nominal
2026-01-01 06:19:00,1,72.008,3.362,23.787,1,1,1419.163,1,138.094,0,normal,0,nominal
2026-01-01 06:19:00,2,68.152,2.956,26.029,1,1,1274.533,1,127.931,0,normal,0,nominal
2026-01-01 06:19:00,3,61.517,2.635,29.257,1,1,1126.208,1,118.598,0,normal,0,nominal
2026-01-01 06:20:00,1,74.26,3.549,24.106,1,1,1435.079,1,140.85,0,normal,0,nominal
2026-01-01 06:20:00,2,67.245,2.888,26.344,1,1,1241.905,1,125.91,0,normal,0,nominal
2026-01-01 06:20:00,3,61.639,2.653,29.136,1,1,1126.967,1,118.837,0,normal,0,nominal
2026-01-01 06:21:00,1,75.172,3.964,24.463,1,1,1413.166,1,144.791,0,normal,0,nominal
2026-01-01 06:21:00,2,66.837,2.953,26.057,1,1,1265.434,1,127.552,0,normal,0,nominal
2026-01-01 06:21:00,3,61.303,2.566,28.943,1,1,1100.649,1,116.838,0,normal,0,nominal
2026-01-01 06:22:00,1,76.534,3.988,24.522,1,1,1399.422,1,144.537,0,normal,0,nominal
2026-01-01 06:22:00,2,66.852,2.794,25.627,1,1,1246.054,1,124.977,0,normal,0,nominal
2026-01-01 06:22:00,3,61.202,2.582,28.799,1,1,1110.227,1,117.38,0,normal,0,nominal
2026-01-01 06:23:00,1,74.21,3.565,24.236,1,1,1422.679,1,140.559,0,normal,0,nominal
2026-01-01 06:23:00,2,68.028,3.103,25.91,1,1,1258.12,1,128.995,0,normal,0,nominal
2026-01-01 06:23:00,3,61.662,2.592,28.911,1,1,1105.652,1,117.325,0,normal,0,nominal
2026-01-01 06:24:00,1,73.662,3.671,23.954,1,1,1422.973,1,141.794,0,normal,0,nominal
2026-01-01 06:24:00,2,66.394,2.995,26.049,1,1,1247.506,1,127.353,0,normal,0,nominal
2026-01-01 06:24:00,3,61.857,2.708,28.881,1,1,1123.68,1,119.34,0,normal,0,nominal
2026-01-01 06:25:00,1,73.144,3.598,23.861,1,1,1426.35,1,141.08,0,normal,0,nominal
2026-01-01 06:25:00,2,67.433,2.956,25.62,1,1,1268.243,1,127.685,0,normal,0,nominal
2026-01-01 06:25:00,3,63.308,2.642,28.801,1,1,1108.521,1,118.003,0,normal,0,nominal
2026-01-01 06:26:00,1,73.711,3.985,23.98,1,1,1440.466,1,146.065,0,normal,0,nominal
2026-01-01 06:26:00,2,67.554,3.071,25.803,1,1,1257.695,1,128.613,0,normal,0,nominal
2026-01-01 06:26:00,3,61.972,2.395,28.671,1,1,1104.649,1,115.021,0,normal,0,nominal
2026-01-01 06:27:00,1,74.531,3.665,23.98,1,1,1402.62,1,140.943,0,normal,0,nominal
2026-01-01 06:27:00,2,66.559,3.381,26.063,1,1,1268.98,1,132.604,0,normal,0,nominal
2026-01-01 06:27:00,3,60.587,2.71,29.007,1,1,1100.888,1,118.495,0,normal,0,nominal
2026-01-01 06:28:00,1,74.821,3.789,23.689,1,1,1418.228,1,142.969,0,normal,0,nominal
2026-01-01 06:28:00,2,67.316,3.274,26.244,1,1,1264.302,1,131.192,0,normal,0,nominal
2026-01-01 06:28:00,3,60.509,2.377,29.103,1,1,1124.383,1,115.559,0,normal,0,nominal
2026-01-01 06:29:00,1,73.794,3.681,23.807,1,1,1411.452,1,141.463,0,normal,0,nominal
2026-01-01 06:29:00,2,66.738,3.34,25.757,1,1,1260.753,1,131.823,0,normal,0,nominal
2026-01-01 06:29:00,3,61.348,2.419,29.263,1,1,1114.265,1,115.659,0,normal,0,nominal
2026-01-01 06:30:00,1,73.948,3.63,23.845,1,1,1412.993,1,140.94,0,normal,0,nominal
2026-01-01 06:30:00,2,66.522,3.023,25.843,1,1,1250.446,1,127.778,0,normal,0,nominal
2026-01-01 06:30:00,3,60.841,2.261,28.968,1,1,1106.802,1,113.566,0,normal,0,nominal
2026-01-01 06:31:00,1,73.345,3.246,23.772,1,1,1412.474,1,136.498,0,normal,0,nominal
2026-01-01 06:31:00,2,67.217,2.817,25.91,1,1,1264.976,1,125.961,0,normal,0,nominal
2026-01-01 06:31:00,3,61.942,2.001,29.198,1,1,1114.129,1,110.852,0,normal,0,nominal
2026-01-01 06:32:00,1,72.995,3.571,23.73,1,1,1417.362,1,140.422,0,normal,0,nominal
2026-01-01 06:32:00,2,68.017,2.931,26.397,1,1,1260.107,1,127.093,0,normal,0,nominal
2026-01-01 06:32:00,3,62.067,2.154,29.165,1,1,1114.936,1,112.636,0,normal,0,nominal
2026-01-01 06:33:00,1,73.383,3.534,23.375,1,1,1427.004,1,140.371,0,normal,0,nominal
2026-01-01 06:33:00,2,68.451,2.644,26.141,1,1,1231.626,1,122.712,0,normal,0,nominal
2026-01-01 06:33:00,3,60.935,2.505,28.92,1,1,1127.354,1,117.147,0,normal,0,nominal
2026-01-01 06:34:00,1,74.137,3.22,23.632,1,1,1414.698,1,136.286,0,normal,0,nominal
2026-01-01 06:34:00,2,67.846,3.071,26.158,1,1,1251.979,1,128.387,0,normal,0,nominal
2026-01-01 06:34:00,3,59.935,2.453,29.131,1,1,1118.861,1,116.227,0,normal,0,nominal
2026-01-01 06:35:00,1,74.53,3.725,23.751,1,1,1413.615,1,142.052,0,normal,0,nominal
2026-01-01 06:35:00,2,68.419,2.804,26.294,1,1,1267.269,1,125.897,0,normal,0,nominal
2026-01-01 06:35:00,3,61.6,2.282,28.877,1,1,1139.708,1,115.049,0,normal,0,nominal
2026-01-01 06:36:00,1,73.937,3.623,23.667,1,1,1443.758,1,142.367,0,normal,0,leak_progression
2026-01-01 06:36:00,2,68.97,2.635,25.978,1,1,1267.633,1,123.977,0,normal,0,nominal
2026-01-01 06:36:00,3,61.212,2.457,29.038,1,1,1101.18,1,115.595,0,normal,0,nominal
2026-01-01 06:37:00,1,74.113,3.778,24.071,1,1,1465.067,1,145.32,0,normal,0,leak_progression
2026-01-01 06:37:00,2,68.131,2.996,26.009,1,1,1243.009,1,127.19,0,normal,0,nominal
2026-01-01 06:37:00,3,63.228,2.032,28.994,1,1,1122.919,1,111.537,0,normal,0,nominal
2026-01-01 06:38:00,1,72.2,3.67,23.97,1,1,1423.607,1,142.837,0,normal,0,leak_progression
2026-01-01 06:38:00,2,67.612,3.103,25.92,1,1,1236.885,1,128.189,0,normal,0,nominal
2026-01-01 06:38:00,3,61.945,2.133,28.916,1,1,1107.823,1,112.127,0,normal,0,nominal
2026-01-01 06:39:00,1,73.389,3.442,24.209,1,1,1427.231,1,140.669,0,normal,0,leak_progression
2026-01-01 06:39:00,2,67.231,2.959,25.874,1,1,1253.356,1,127.157,0,normal,0,nominal
2026-01-01 06:39:00,3,62.316,2.185,28.571,1,1,1113.223,1,112.934,0,normal,0,nominal
2026-01-01 06:40:00,1,72.481,3.77,23.853,1,1,1418.978,1,144.534,0,normal,0,leak_progression
2026-01-01 06:40:00,2,67.53,2.963,26.088,1,1,1254.143,1,127.237,0,normal,0,nominal
2026-01-01 06:40:00,3,62.158,2.0,28.525,1,1,1111.246,1,110.729,0,normal,0,nominal
2026-01-01 06:41:00,1,72.47,3.868,24.029,1,1,1436.953,1,146.73,0,normal,0,leak_progression
2026-01-01 06:41:00,2,66.939,2.784,26.054,1,1,1255.038,1,125.204,0,normal,0,nominal
2026-01-01 06:41:00,3,61.266,2.29,28.757,1,1,1102.537,1,113.732,0,normal,0,nominal
2026-01-01 06:42:00,1,71.012,3.396,24.569,1,1,1429.849,1,141.238,0,normal,0,leak_progression
2026-01-01 06:42:00,2,68.274,3.199,26.609,1,1,1224.653,1,128.823,0,normal,0,nominal
2026-01-01 06:42:00,3,61.505,2.354,28.722,1,1,1115.419,1,114.953,0,normal,0,nominal
2026-01-01 06:43:00,1,71.055,3.399,24.362,1,1,1427.595,1,141.535,0,normal,0,leak_progression
2026-01-01 06:43:00,2,67.779,2.601,26.664,1,1,1237.726,1,122.445,0,normal,0,nominal
2026-01-01 06:43:00,3,61.403,2.405,28.72,1,1,1110.646,1,115.364,0,normal,0,nominal
2026-01-01 06:44:00,1,71.353,3.665,24.275,1,1,1414.404,1,144.541,0,normal,0,leak_progression
2026-01-01 06:44:00,2,67.583,3.0,26.308,1,1,1245.633,1,127.331,0,normal,0,nominal
2026-01-01 06:44:00,3,62.632,2.318,29.006,1,1,1137.201,1,115.371,0,normal,0,nominal
2026-01-01 06:45:00,1,71.238,3.418,24.563,1,1,1399.174,1,141.369,0,normal,0,leak_progression
2026-01-01 06:45:00,2,67.04,2.737,26.564,1,1,1268.071,1,125.168,0,normal,0,nominal
2026-01-01 06:45:00,3,61.448,2.621,28.735,1,1,1124.057,1,118.36,0,normal,0,nominal
2026-01-01 06:46:00,1,70.268,3.349,24.373,1,1,1415.978,1,141.518,0,normal,0,leak_progression
2026-01-01 06:46:00,2,68.976,2.647,26.721,1,1,1249.503,1,123.418,0,normal,0,nominal
2026-01-01 06:46:00,3,62.145,2.395,28.932,1,1,1121.56,1,115.667,0,normal,0,nominal
2026-01-01 06:47:00,1,68.804,3.461,24.437,1,1,1407.803,1,142.901,0,normal,1,leak_progression
2026-01-01 06:47:00,2,68.731,3.102,26.652,1,1,1248.642,1,128.627,0,normal,0,nominal
2026-01-01 06:47:00,3,61.24,2.483,29.322,1,1,1108.84,1,116.186,0,normal,0,nominal
2026-01-01 06:48:00,1,68.115,3.185,24.547,1,1,1407.393,1,139.909,0,normal,1,leak_progression
2026-01-01 06:48:00,2,66.0,2.867,26.668,1,1,1249.111,1,125.934,0,normal,0,nominal
2026-01-01 06:48:00,3,61.007,2.374,29.073,1,1,1104.464,1,114.774,0,normal,0,nominal
2026-01-01 06:49:00,1,67.66,3.229,24.747,1,1,1420.53,1,141.276,0,normal,1,leak_progression
2026-01-01 06:49:00,2,67.463,2.933,26.552,1,1,1246.991,1,126.619,0,normal,0,nominal
2026-01-01 06:49:00,3,61.436,2.039,28.806,1,1,1104.36,1,110.917,0,normal,0,nominal
2026-01-01 06:50:00,1,67.468,3.365,24.652,1,1,1451.193,1,144.438,0,normal,1,leak_progression
2026-01-01 06:50:00,2,66.642,3.079,26.526,1,1,1243.93,1,128.179,0,normal,0,nominal
2026-01-01 06:50:00,3,60.532,2.148,28.866,1,1,1103.25,1,112.123,0,normal,0,nominal
2026-01-01 06:51:00,1,66.06,2.896,24.68,1,1,1420.32,1,137.873,0,normal,1,leak_progression
2026-01-01 06:51:00,2,66.629,3.398,26.383,1,1,1252.302,1,132.169,0,normal,0,nominal
2026-01-01 06:51:00,3,58.841,2.213,29.145,1,1,1100.949,1,112.784,0,normal,0,nominal
2026-01-01 06:52:00,1,64.424,3.28,25.296,1,1,1404.616,1,142.32,0,warning,1,leak_progression
2026-01-01 06:52:00,2,66.962,2.756,26.3,1,1,1262.889,1,125.184,0,normal,0,nominal
2026-01-01 06:52:00,3,60.107,2.056,29.091,1,1,1108.203,1,111.258,0,normal,0,nominal
2026-01-01 06:53:00,1,63.316,3.5,25.308,1,1,1408.928,1,145.547,0,warning,1,leak_progression
2026-01-01 06:53:00,2,67.063,2.668,26.356,1,1,1243.196,1,123.425,0,normal,0,nominal
2026-01-01 06:53:00,3,59.614,1.872,28.649,1,1,1113.028,1,109.324,0,normal,0,nominal
2026-01-01 06:54:00,1,64.452,3.391,25.345,1,1,1392.108,1,143.567,0,warning,1,leak_progression
2026-01-01 06:54:00,2,68.892,2.997,26.437,1,1,1258.497,1,127.784,0,normal,0,nominal
2026-01-01 06:54:00,3,60.133,2.033,28.471,1,1,1098.513,1,110.625,0,normal,0,nominal
2026-01-01 06:55:00,1,63.512,3.137,25.2,1,1,1405.234,1,140.936,0,warning,1,leak_progression
2026-01-01 06:55:00,2,67.264,3.552,26.52,1,1,1266.172,1,134.464,0,normal,0,nominal
2026-01-01 06:55:00,3,59.669,2.014,28.915,1,1,1096.31,1,110.315,0,normal,0,nominal
2026-01-01 06:56:00,1,64.339,3.372,25.361,1,1,1403.884,1,143.785,0,warning,1,leak_progression
2026-01-01 06:56:00,2,66.968,3.267,26.524,1,1,1266.695,1,131.21,0,normal,0,nominal
2026-01-01 06:56:00,3,61.199,2.184,29.072,1,1,1103.232,1,112.539,0,normal,0,nominal
2026-01-01 06:57:00,1,64.539,3.444,25.223,1,1,1404.99,1,144.71,0,warning,1,leak_progression
2026-01-01 06:57:00,2,66.598,2.993,26.766,1,1,1251.581,1,127.479,0,normal,0,nominal
2026-01-01 06:57:00,3,62.043,2.072,29.084,1,1,1103.961,1,111.279,0,normal,0,nominal
2026-01-01 06:58:00,1,64.179,3.529,25.553,1,1,1412.9,1,146.059,0,warning,1,leak_progression
2026-01-01 06:58:00,2,66.571,2.407,26.687,1,1,1260.204,1,121.064,0,normal,0,nominal
2026-01-01 06:58:00,3,61.348,2.227,28.764,1,1,1101.241,1,112.954,0,normal,0,nominal
2026-01-01 06:59:00,1,63.218,3.412,25.112,1,1,1430.893,1,145.304,0,warning,1,leak_progression
2026-01-01 06:59:00,2,66.105,2.527,26.553,1,1,1262.5,1,122.533,0,normal,0,nominal
2026-01-01 06:59:00,3,59.455,2.442,28.558,1,1,1093.139,1,115.128,0,normal,0,nominal
2026-01-01 07:00:00,1,63.796,3.245,25.297,1,1,1436.583,1,143.457,0,warning,1,leak_progression
2026-01-01 07:00:00,2,66.131,2.743,26.242,1,1,1238.581,1,124.111,0,normal,0,nominal
2026-01-01 07:00:00,3,59.51,2.18,28.755,1,1,1123.25,1,113.249,0,normal,0,nominal
2026-01-01 07:01:00,1,64.07,3.095,25.648,1,1,1408.376,1,140.533,0,warning,1,leak_progression
2026-01-01 07:01:00,2,65.579,2.885,26.574,1,1,1243.269,1,125.916,0,normal,0,nominal
2026-01-01 07:01:00,3,59.696,2.307,28.883,1,1,1122.528,1,114.685,0,normal,0,nominal
2026-01-01 07:02:00,1,64.397,2.945,25.634,1,1,1402.17,1,138.444,0,warning,1,leak_progression
2026-01-01 07:02:00,2,65.864,2.668,26.184,1,1,1267.081,1,124.334,0,normal,0,nominal
2026-01-01 07:02:00,3,60.284,2.353,28.762,1,1,1108.273,1,114.672,0,normal,0,nominal
2026-01-01 07:03:00,1,64.262,2.617,25.484,1,1,1410.249,1,134.716,0,warning,1,leak_progression
2026-01-01 07:03:00,2,67.432,2.906,26.13,1,1,1233.938,1,125.814,0,normal,0,nominal
2026-01-01 07:03:00,3,59.37,2.277,28.876,1,1,1091.096,1,113.142,0,normal,0,nominal
2026-01-01 07:04:00,1,63.86,2.652,25.04,1,1,1435.594,1,136.107,0,warning,1,leak_progression
2026-01-01 07:04:00,2,68.179,2.43,25.991,1,1,1236.815,1,120.447,0,normal,0,nominal
2026-01-01 07:04:00,3,60.388,2.347,28.656,1,1,1107.498,1,114.574,0,normal,0,nominal
2026-01-01 07:05:00,1,63.775,2.556,25.509,1,1,1414.499,1,134.12,0,warning,1,leak_progression
2026-01-01 07:05:00,2,67.21,3.03,26.031,1,1,1236.105,1,127.315,0,normal,0,nominal
2026-01-01 07:05:00,3,58.01,2.454,28.59,1,1,1090.458,1,115.158,0,normal,0,nominal
2026-01-01 07:06:00,1,64.783,2.982,25.447,1,1,1426.831,1,139.846,0,warning,1,leak_progression
2026-01-01 07:06:00,2,66.746,3.339,26.369,1,1,1254.139,1,131.557,0,normal,0,nominal
2026-01-01 07:06:00,3,58.758,2.465,28.527,1,1,1115.597,1,116.237,0,normal,0,nominal
2026-01-01 07:07:00,1,63.475,3.554,26.005,1,1,1420.628,1,146.664,0,warning,1,leak_progression
2026-01-01 07:07:00,2,66.694,3.618,26.626,1,1,1267.27,1,135.267,0,normal,0,nominal
2026-01-01 07:07:00,3,59.697,2.454,28.766,1,1,1107.234,1,115.798,0,normal,0,nominal
2026-01-01 07:08:00,1,64.733,3.341,25.756,1,1,1407.373,1,143.535,0,warning,1,leak_progression
2026-01-01 07:08:00,2,65.919,3.212,26.557,1,1,1265.869,1,130.541,0,normal,0,nominal
2026-01-01 07:08:00,3,60.375,2.195,28.693,1,1,1122.67,1,113.401,0,normal,0,nominal
2026-01-01 07:09:00,1,65.738,3.044,25.315,1,1,1414.786,1,140.152,0,warning,1,leak_progression
2026-01-01 07:09:00,2,66.762,3.311,26.672,1,1,1272.261,1,131.92,0,normal,0,nominal
2026-01-01 07:09:00,3,60.784,2.311,29.067,1,1,1125.045,1,114.829,0,normal,0,nominal
2026-01-01 07:10:00,1,66.344,3.147,25.558,1,1,1435.591,1,142.212,0,warning,1,leak_progression
2026-01-01 07:10:00,2,65.195,3.026,26.57,1,1,1255.385,1,128.009,0,normal,0,nominal
2026-01-01 07:10:00,3,61.233,2.46,29.002,1,1,1124.446,1,116.522,0,normal,0,nominal
2026-01-01 07:11:00,1,65.802,3.394,25.455,1,1,1434.404,1,145.215,0,warning,1,leak_progression
2026-01-01 07:11:00,2,65.473,3.325,25.588,1,1,1245.389,1,131.057,0,normal,0,nominal
2026-01-01 07:11:00,3,62.194,2.312,28.487,1,1,1140.011,1,115.405,0,normal,0,nominal
2026-01-01 07:12:00,1,65.41,3.229,25.544,1,1,1407.662,1,142.156,0,warning,1,leak_progression
2026-01-01 07:12:00,2,65.79,3.294,26.238,1,1,1250.429,1,130.901,0,normal,0,nominal
2026-01-01 07:12:00,3,59.887,2.264,28.618,1,1,1114.504,1,113.887,0,normal,0,nominal
2026-01-01 07:13:00,1,65.457,3.519,25.938,1,1,1429.687,1,146.57,0,warning,1,leak_progression
2026-01-01 07:13:00,2,65.817,2.939,26.34,1,1,1247.211,1,126.697,0,normal,0,nominal
2026-01-01 07:13:00,3,61.893,2.466,28.544,1,1,1124.899,1,116.604,0,normal,0,nominal
2026-01-01 07:14:00,1,64.44,3.191,25.774,1,1,1412.687,1,141.879,0,warning,1,leak_progression
2026-01-01 07:14:00,2,67.886,2.614,26.417,1,1,1255.017,1,123.247,0,normal,0,nominal
2026-01-01 07:14:00,3,61.306,2.37,28.789,1,1,1105.79,1,114.775,0,normal,0,nominal
2026-01-01 07:15:00,1,64.768,3.518,25.714,1,1,1414.877,1,146.0,0,warning,1,leak_progression
2026-01-01 07:15:00,2,67.49,2.197,26.402,1,1,1243.496,1,118.013,0,normal,0,nominal
2026-01-01 07:15:00,3,59.377,2.694,28.948,1,1,1103.884,1,118.434,0,normal,0,nominal
2026-01-01 07:16:00,1,64.874,3.652,25.518,1,1,1404.123,1,147.235,0,warning,1,leak_progression
2026-01-01 07:16:00,2,66.592,2.518,26.491,1,1,1256.499,1,122.203,0,normal,0,nominal
2026-01-01 07:16:00,3,60.172,2.37,29.196,1,1,1084.447,1,113.968,0,normal,0,nominal
2026-01-01 07:17:00,1,65.358,3.369,25.659,1,1,1401.006,1,143.629,0,warning,1,leak_progression
2026-01-01 07:17:00,2,67.099,3.185,26.378,1,1,1256.147,1,129.866,0,normal,0,nominal
2026-01-01 07:17:00,3,59.786,2.103,29.048,1,1,1095.735,1,111.318,0,normal,0,nominal
2026-01-01 07:18:00,1,65.209,3.314,25.574,1,1,1405.905,1,143.135,0,warning,1,leak_progression
2026-01-01 07:18:00,2,67.382,2.898,26.784,1,1,1255.198,1,126.529,0,normal,0,nominal
2026-01-01 07:18:00,3,60.128,2.161,28.93,1,1,1074.011,1,111.162,0,normal,0,nominal
2026-01-01 07:19:00,1,65.416,2.797,25.374,1,1,1416.454,1,137.171,0,warning,1,leak_progression
2026-01-01 07:19:00,2,66.682,2.796,26.988,1,1,1236.729,1,124.648,0,normal,0,nominal
2026-01-01 07:19:00,3,61.123,2.31,28.816,1,1,1083.556,1,113.244,0,normal,0,nominal
2026-01-01 07:20:00,1,65.718,3.335,25.924,1,1,1410.955,1,143.596,0,warning,1,leak_progression
2026-01-01 07:20:00,2,67.923,2.869,27.001,1,1,1248.624,1,125.937,0,normal,0,nominal
2026-01-01 07:20:00,3,59.385,2.155,29.125,1,1,1093.984,1,111.849,0,normal,0,nominal
2026-01-01 07:21:00,1,65.911,3.62,25.95,1,1,1418.334,1,147.383,0,warning,1,leak_progression
2026-01-01 07:21:00,2,68.554,2.781,26.942,1,1,1247.686,1,124.895,0,normal,0,nominal
2026-01-01 07:21:00,3,59.867,2.122,29.258,1,1,1106.183,1,111.941,0,normal,0,nominal
2026-01-01 07:22:00,1,65.84,2.962,25.664,1,1,1438.106,1,140.029,0,warning,1,leak_progression
2026-01-01 07:22:00,2,66.726,2.706,26.788,1,1,1246.263,1,123.981,0,normal,0,nominal
2026-01-01 07:22:00,3,59.954,2.307,29.299,1,1,1098.532,1,113.775,0,normal,0,nominal
2026-01-01 07:23:00,1,64.306,2.844,25.86,1,1,1446.168,1,138.877,0,warning,1,leak_progression
2026-01-01 07:23:00,2,67.664,2.444,26.837,1,1,1253.852,1,121.255,0,normal,0,nominal
2026-01-01 07:23:00,3,60.751,2.549,28.929,1,1,1114.177,1,117.157,0,normal,0,nominal
2026-01-01 07:24:00,1,65.199,2.888,25.985,1,1,1433.653,1,138.944,0,warning,1,leak_progression
2026-01-01 07:24:00,2,70.069,3.044,26.714,1,1,1251.068,1,128.048,0,normal,0,nominal
2026-01-01 07:24:00,3,62.253,2.473,29.269,1,1,1094.499,1,115.529,0,normal,0,nominal
2026-01-01 07:25:00,1,65.38,3.218,25.459,1,1,1423.578,1,142.63,0,warning,1,leak_progression
2026-01-01 07:25:00,2,68.648,2.959,26.678,1,1,1262.762,1,127.508,0,normal,0,nominal
2026-01-01 07:25:00,3,60.462,2.612,29.207,1,1,1081.966,1,116.65,0,normal,0,nominal
2026-01-01 07:26:00,1,66.229,3.507,25.617,1,1,1435.691,1,146.191,0,warning,1,leak_progression
2026-01-01 07:26:00,2,67.643,2.807,26.303,1,1,1262.136,1,125.743,0,normal,0,nominal
2026-01-01 07:26:00,3,60.451,2.608,29.167,1,1,1122.208,1,118.136,0,normal,0,nominal
2026-01-01 07:27:00,1,65.314,3.12,25.194,1,1,1424.578,1,140.59,0,normal,1,leak_progression
2026-01-01 07:27:00,2,68.169,2.122,25.967,1,1,1257.831,1,117.706,0,normal,0,nominal
2026-01-01 07:27:00,3,54.199,2.25,28.907,1,1,1130.668,1,114.342,0,normal,0,nominal
2026-01-01 07:28:00,1,66.543,3.378,25.0,1,1,1423.186,1,143.239,0,normal,1,leak_progression
2026-01-01 07:28:00,2,69.385,2.694,26.309,1,1,1249.665,1,123.963,0,normal,0,nominal
2026-01-01 07:28:00,3,57.455,2.075,28.999,1,1,1167.497,1,113.722,0,normal,0,nominal
2026-01-01 07:29:00,1,67.863,3.041,24.689,1,1,1416.376,1,138.459,0,normal,1,leak_progression
2026-01-01 07:29:00,2,69.259,2.813,26.318,1,1,1241.508,1,125.023,0,normal,0,nominal
2026-01-01 07:29:00,3,58.646,2.289,28.828,1,1,1128.057,1,114.693,0,normal,0,nominal
2026-01-01 07:30:00,1,69.136,2.889,24.648,1,1,1435.66,1,136.94,0,normal,1,leak_progression
2026-01-01 07:30:00,2,67.959,2.885,26.205,1,1,1251.651,1,126.244,0,normal,0,nominal
2026-01-01 07:30:00,3,61.147,2.153,28.826,1,1,1139.92,1,113.573,0,normal,0,nominal
2026-01-01 07:31:00,1,69.205,2.921,24.517,1,1,1428.493,1,136.631,0,normal,0,leak_progression
2026-01-01 07:31:00,2,67.383,2.381,26.388,1,1,1254.945,1,120.569,0,normal,0,nominal
2026-01-01 07:31:00,3,61.746,2.241,28.605,1,1,1115.034,1,113.644,0,normal,0,nominal
2026-01-01 07:32:00,1,68.307,3.127,24.436,1,1,1406.857,1,137.849,0,normal,0,leak_progression
2026-01-01 07:32:00,2,67.15,2.688,26.208,1,1,1251.136,1,123.958,0,normal,0,nominal
2026-01-01 07:32:00,3,62.177,1.828,28.621,1,1,1131.956,1,109.533,0,normal,0,nominal
2026-01-01 07:33:00,1,68.234,3.191,24.465,1,1,1416.854,1,138.566,0,normal,0,leak_progression
2026-01-01 07:33:00,2,66.853,2.374,26.511,1,1,1252.917,1,120.412,0,normal,0,nominal
2026-01-01 07:33:00,3,61.821,2.136,28.438,1,1,1107.238,1,112.139,0,normal,0,nominal
2026-01-01 07:34:00,1,69.845,3.302,24.668,1,1,1421.448,1,139.619,0,normal,0,leak_progression
2026-01-01 07:34:00,2,67.6,2.272,26.652,1,1,1264.8,1,119.692,0,normal,0,nominal
2026-01-01 07:34:00,3,60.559,2.392,28.639,1,1,1117.875,1,115.485,0,normal,0,nominal
2026-01-01 07:35:00,1,68.755,3.465,24.124,1,1,1430.143,1,141.519,0,normal,0,leak_progression
2026-01-01 07:35:00,2,67.456,2.603,26.482,1,1,1275.269,1,123.894,0,normal,0,nominal
2026-01-01 07:35:00,3,60.031,2.298,28.915,1,1,1105.642,1,113.946,0,normal,0,nominal
2026-01-01 07:36:00,1,69.167,3.591,24.385,1,1,1430.023,1,142.992,0,normal,0,leak_progression
2026-01-01 07:36:00,2,68.082,2.828,26.24,1,1,1236.394,1,125.001,0,normal,0,nominal
2026-01-01 07:36:00,3,60.956,2.386,29.11,1,1,1122.094,1,115.582,0,normal,0,nominal
2026-01-01 07:37:00,1,70.392,3.125,24.427,1,1,1416.593,1,137.021,0,normal,0,leak_progression
2026-01-01 07:37:00,2,68.125,2.898,26.431,1,1,1231.921,1,125.638,0,normal,0,nominal
2026-01-01 07:37:00,3,61.656,2.601,28.953,1,1,1120.664,1,117.994,0,normal,0,nominal
2026-01-01 07:38:00,1,70.199,3.331,24.345,1,1,1395.93,1,138.643,0,normal,0,leak_progression
2026-01-01 07:38:00,2,67.471,3.233,26.452,1,1,1245.334,1,130.001,0,normal,0,nominal
2026-01-01 07:38:00,3,61.491,2.475,28.991,1,1,1118.936,1,116.482,0,normal,0,nominal
2026-01-01 07:39:00,1,71.083,3.639,24.507,1,1,1415.007,1,142.993,0,normal,0,leak_progression
2026-01-01 07:39:00,2,67.55,3.273,26.614,1,1,1250.155,1,130.645,0,normal,0,nominal
2026-01-01 07:39:00,3,61.129,2.445,28.841,1,1,1116.403,1,116.044,0,normal,0,nominal
2026-01-01 07:40:00,1,71.684,3.513,24.217,1,1,1418.06,1,141.62,0,normal,0,leak_progression
2026-01-01 07:40:00,2,67.514,3.093,26.486,1,1,1256.529,1,128.812,0,normal,0,nominal
2026-01-01 07:40:00,3,60.421,2.478,28.737,1,1,1101.909,1,115.87,0,normal,0,nominal
2026-01-01 07:41:00,1,71.851,3.263,24.119,1,1,1402.138,1,138.088,0,normal,0,leak_progression
2026-01-01 07:41:00,2,67.946,2.585,26.722,1,1,1244.933,1,122.539,0,normal,0,nominal
2026-01-01 07:41:00,3,57.393,2.23,28.729,1,1,1087.427,1,112.472,0,normal,0,nominal
2026-01-01 07:42:00,1,71.314,3.295,24.207,1,1,1423.541,1,139.273,0,normal,0,leak_progression
2026-01-01 07:42:00,2,67.825,2.651,26.337,1,1,1230.389,1,122.741,0,normal,0,nominal
2026-01-01 07:42:00,3,56.96,1.86,28.976,1,1,1096.989,1,108.58,0,normal,0,nominal
2026-01-01 07:43:00,1,71.401,2.986,23.947,1,1,1405.702,1,134.971,0,normal,0,leak_progression
2026-01-01 07:43:00,2,63.331,2.486,26.26,1,1,1261.335,1,122.022,0,normal,0,nominal
2026-01-01 07:43:00,3,59.126,2.2,29.244,1,1,1119.244,1,113.331,0,normal,0,nominal
2026-01-01 07:44:00,1,70.729,3.291,24.042,1,1,1404.997,1,138.528,0,normal,0,leak_progression
2026-01-01 07:44:00,2,62.6,2.345,26.201,1,1,1259.266,1,120.318,0,normal,0,nominal
2026-01-01 07:44:00,3,58.583,2.622,29.424,1,1,1134.412,1,118.765,0,normal,0,nominal
2026-01-01 07:45:00,1,70.795,3.219,24.056,1,1,1411.42,1,137.925,0,normal,0,leak_progression
2026-01-01 07:45:00,2,63.968,2.741,26.482,1,1,1255.819,1,124.746,0,normal,0,nominal
2026-01-01 07:45:00,3,58.927,2.481,29.149,1,1,1102.947,1,115.938,0,normal,0,nominal
2026-01-01 07:46:00,1,69.97,3.682,24.28,1,1,1412.597,1,143.404,0,normal,0,leak_progression
2026-01-01 07:46:00,2,65.373,2.743,26.271,1,1,1257.559,1,124.829,0,normal,0,nominal
2026-01-01 07:46:00,3,59.506,2.227,28.991,1,1,1104.964,1,113.095,0,normal,0,nominal
2026-01-01 07:47:00,1,69.743,3.692,24.027,1,1,1418.618,1,143.743,0,normal,0,leak_progression
2026-01-01 07:47:00,2,65.632,3.356,26.052,1,1,1257.594,1,131.886,0,normal,0,nominal
2026-01-01 07:47:00,3,61.454,2.24,29.155,1,1,1115.489,1,113.646,0,normal,0,nominal
2026-01-01 07:48:00,1,70.134,3.74,24.245,1,1,1423.807,1,144.503,0,normal,0,leak_progression
2026-01-01 07:48:00,2,65.484,2.979,25.873,1,1,1248.979,1,127.219,0,normal,0,nominal
2026-01-01 07:48:00,3,60.177,2.478,29.039,1,1,1120.563,1,116.582,0,normal,0,nominal
2026-01-01 07:49:00,1,71.182,3.675,24.045,1,1,1424.946,1,143.788,0,normal,0,leak_progression
2026-01-01 07:49:00,2,67.456,2.915,26.174,1,1,1274.294,1,127.446,0,normal,0,nominal
2026-01-01 07:49:00,3,61.219,2.913,28.98,1,1,1101.129,1,120.846,0,normal,0,nominal
2026-01-01 07:50:00,1,71.123,3.542,23.819,1,1,1437.959,1,142.716,0,normal,0,leak_progression
2026-01-01 07:50:00,2,66.471,2.88,26.265,1,1,1281.401,1,127.318,0,normal,0,nominal
2026-01-01 07:50:00,3,60.833,2.769,28.674,1,1,1114.848,1,119.713,0,normal,0,nominal
2026-01-01 07:51:00,1,70.491,3.263,23.715,1,1,1417.328,1,138.659,0,normal,0,leak_progression
2026-01-01 07:51:00,2,65.78,2.872,26.393,1,1,1232.456,1,125.365,0,normal,0,nominal
2026-01-01 07:51:00,3,61.889,2.67,28.92,1,1,1112.793,1,118.488,0,normal,0,nominal
2026-01-01 07:52:00,1,71.667,3.642,23.819,1,1,1425.554,1,143.429,0,normal,0,leak_progression
2026-01-01 07:52:00,2,66.255,2.312,26.523,1,1,1250.034,1,119.591,0,normal,0,nominal
2026-01-01 07:52:00,3,61.324,2.4,28.94,1,1,1118.524,1,115.601,0,normal,0,nominal
2026-01-01 07:53:00,1,71.191,3.923,24.449,1,1,1434.035,1,147.039,0,normal,0,leak_progression
2026-01-01 07:53:00,2,66.102,2.431,26.423,1,1,1254.974,1,121.147,0,normal,0,nominal
2026-01-01 07:53:00,3,59.984,2.353,28.974,1,1,1116.863,1,114.996,0,normal,0,nominal
2026-01-01 07:54:00,1,72.617,4.033,24.567,1,1,1420.907,1,147.834,0,normal,0,leak_progression
2026-01-01 07:54:00,2,67.052,2.47,26.464,1,1,1241.146,1,121.067,0,normal,0,nominal
2026-01-01 07:54:00,3,61.762,2.625,28.42,1,1,1114.899,1,118.052,0,normal,0,nominal
2026-01-01 07:55:00,1,72.556,3.772,24.68,1,1,1437.007,1,145.389,0,normal,0,leak_progression
2026-01-01 07:55:00,2,67.063,2.756,26.961,1,1,1254.653,1,124.867,0,normal,0,nominal
2026-01-01 07:55:00,3,60.842,2.327,28.801,1,1,1100.317,1,114.073,0,normal,0,nominal
2026-01-01 07:56:00,1,72.961,3.527,24.725,1,1,1427.671,1,142.155,0,normal,0,leak_progression
2026-01-01 07:56:00,2,68.616,2.895,26.576,1,1,1260.364,1,126.681,0,normal,0,nominal
2026-01-01 07:56:00,3,59.056,2.242,29.03,1,1,1105.798,1,113.3,0,normal,0,nominal
2026-01-01 07:57:00,1,71.99,3.902,24.563,1,1,1408.283,1,145.823,0,normal,0,leak_progression
2026-01-01 07:57:00,2,67.612,3.125,26.882,1,1,1269.85,1,129.687,0,normal,0,nominal
2026-01-01 07:57:00,3,59.295,2.363,29.05,1,1,1113.318,1,114.976,0,normal,0,nominal
2026-01-01 07:58:00,1,70.497,3.192,24.616,1,1,1421.732,1,137.994,0,normal,0,leak_progression
2026-01-01 07:58:00,2,68.236,3.631,27.077,1,1,1271.305,1,135.566,0,normal,0,nominal
2026-01-01 07:58:00,3,60.111,2.214,29.236,1,1,1120.493,1,113.543,0,normal,0,nominal
2026-01-01 07:59:00,1,71.299,3.303,24.61,1,1,1439.942,1,139.987,0,normal,0,leak_progression
2026-01-01 07:59:00,2,67.048,3.367,27.113,1,1,1251.786,1,131.79,0,normal,0,nominal
2026-01-01 07:59:00,3,61.472,2.229,29.172,1,1,1123.354,1,113.818,0,normal,0,nominal
2026-01-01 06:00:00,1,75.284,3.575,23.739,1,1,1439.498,1,141.319,0,normal,0,nominal
2026-01-01 06:00:00,2,66.131,2.958,26.224,1,1,1233.717,1,126.397,0,normal,0,nominal
2026-01-01 06:00:00,3,60.819,2.429,28.838,1,1,1121.008,1,116.037,0,normal,0,nominal
2026-01-01 06:01:00,1,74.803,3.72,23.485,1,1,1445.617,1,143.214,0,normal,0,nominal
2026-01-01 06:01:00,2,65.496,2.717,26.239,1,1,1245.286,1,124.071,0,normal,0,nominal
2026-01-01 06:01:00,3,60.32,2.287,28.999,1,1,1134.436,1,114.913,0,normal,0,nominal
2026-01-01 06:02:00,1,74.778,3.333,23.589,1,1,1436.331,1,138.405,0,normal,0,nominal
2026-01-01 06:02:00,2,65.815,3.081,26.509,1,1,1260.026,1,128.809,0,normal,0,nominal
2026-01-01 06:02:00,3,59.847,2.435,28.828,1,1,1121.076,1,116.099,0,normal,0,nominal
2026-01-01 06:03:00,1,73.497,3.496,23.691,1,1,1435.569,1,140.258,0,normal,0,nominal
2026-01-01 06:03:00,2,65.787,2.836,26.504,1,1,1266.491,1,126.24,0,normal,0,nominal
2026-01-01 06:03:00,3,59.759,2.336,28.929,1,1,1107.187,1,114.434,0,normal,0,nominal
2026-01-01 06:04:00,1,75.445,3.795,23.995,1,1,1427.161,1,143.376,0,normal,0,nominal
2026-01-01 06:04:00,2,65.38,2.737,26.659,1,1,1258.247,1,124.784,0,normal,0,nominal
2026-01-01 06:04:00,3,59.855,2.584,29.125,1,1,1111.728,1,117.462,0,normal,0,nominal
2026-01-01 06:05:00,1,76.515,3.66,23.717,1,1,1408.484,1,141.115,0,normal,0,nominal
2026-01-01 06:05:00,2,66.574,2.672,26.693,1,1,1245.415,1,123.558,0,normal,0,nominal
2026-01-01 06:05:00,3,60.634,2.298,28.848,1,1,1124.181,1,114.64,0,normal,0,nominal
2026-01-01 06:06:00,1,74.682,3.558,23.56,1,1,1392.342,1,139.328,0,normal,0,nominal
2026-01-01 06:06:00,2,66.822,3.098,26.554,1,1,1267.354,1,129.281,0,normal,0,nominal
2026-01-01 06:06:00,3,60.919,2.212,28.757,1,1,1116.214,1,113.351,0,normal,0,nominal
2026-01-01 06:07:00,1,73.884,3.81,23.531,1,1,1408.662,1,142.846,0,normal,0,nominal
2026-01-01 06:07:00,2,66.986,3.065,26.262,1,1,1263.665,1,128.769,0,normal,0,nominal
2026-01-01 06:07:00,3,61.213,2.197,28.823,1,1,1110.197,1,112.959,0,normal,0,nominal
2026-01-01 06:08:00,1,73.153,3.751,23.449,1,1,1403.076,1,141.948,0,normal,0,nominal
2026-01-01 06:08:00,2,66.596,3.053,26.46,1,1,1260.592,1,128.516,0,normal,0,nominal
2026-01-01 06:08:00,3,60.075,2.214,28.746,1,1,1100.539,1,112.777,0,normal,0,nominal
2026-01-01 06:09:00,1,74.57,3.803,23.477,1,1,1397.473,1,142.339,0,normal,0,nominal
2026-01-01 06:09:00,2,63.79,2.537,26.417,1,1,1256.14,1,122.404,0,normal,0,nominal
2026-01-01 06:09:00,3,60.107,2.16,28.861,1,1,1106.241,1,112.374,0,normal,0,nominal
2026-01-01 06:10:00,1,74.659,3.441,23.366,1,1,1403.584,1,138.405,0,normal,0,nominal
2026-01-01 06:10:00,2,65.721,2.696,26.287,1,1,1241.936,1,123.695,0,normal,0,nominal
2026-01-01 06:10:00,3,59.988,2.223,28.532,1,1,1108.852,1,113.2,0,normal,0,nominal
2026-01-01 06:11:00,1,73.76,3.095,23.794,1,1,1416.057,1,134.899,0,normal,0,nominal
2026-01-01 06:11:00,2,66.448,2.824,25.818,1,1,1237.872,1,125.01,0,normal,0,nominal
2026-01-01 06:11:00,3,59.356,2.485,28.16,1,1,1109.591,1,116.242,0,normal,0,nominal
2026-01-01 06:12:00,1,74.278,3.579,23.99,1,1,1407.575,1,140.146,0,normal,0,nominal
2026-01-01 06:12:00,2,66.233,2.975,25.956,1,1,1235.877,1,126.68,0,normal,0,nominal
2026-01-01 06:12:00,3,61.915,2.408,28.361,1,1,1099.743,1,114.977,0,normal,0,nominal
2026-01-01 06:13:00,1,75.005,3.522,23.84,1,1,1395.903,1,139.052,0,normal,0,nominal
2026-01-01 06:13:00,2,66.249,2.774,26.388,1,1,1256.112,1,125.135,0,normal,0,nominal
2026-01-01 06:13:00,3,61.481,1.912,28.502,1,1,1114.218,1,109.826,0,normal,0,nominal
2026-01-01 06:14:00,1,74.305,3.741,23.675,1,1,1425.53,1,142.691,0,normal,0,nominal
2026-01-01 06:14:00,2,67.396,2.709,26.429,1,1,1241.528,1,123.83,0,normal,0,nominal
2026-01-01 06:14:00,3,60.819,1.838,28.41,1,1,1116.991,1,109.085,0,normal,0,nominal
2026-01-01 06:15:00,1,74.602,3.263,23.691,1,1,1415.594,1,136.82,0,normal,0,nominal
2026-01-01 06:15:00,2,65.763,2.817,26.424,1,1,1252.448,1,125.491,0,normal,0,nominal
2026-01-01 06:15:00,3,62.574,1.982,28.763,1,1,1103.936,1,110.245,0,normal,0,nominal
2026-01-01 06:16:00,1,75.257,3.291,23.749,1,1,1428.256,1,137.615,0,normal,0,nominal
2026-01-01 06:16:00,2,65.378,3.035,26.298,1,1,1257.135,1,128.176,0,normal,0,nominal
2026-01-01 06:16:00,3,62.666,2.269,28.953,1,1,1100.329,1,113.402,0,normal,0,nominal
2026-01-01 06:17:00,1,73.16,3.687,23.503,1,1,1422.918,1,141.973,0,normal,0,nominal
2026-01-01 06:17:00,2,66.042,2.809,26.275,1,1,1242.645,1,125.027,0,normal,0,nominal
2026-01-01 06:17:00,3,62.411,1.874,28.714,1,1,1116.75,1,109.493,0,normal,0,nominal
2026-01-01 06:18:00,1,73.321,4.225,23.808,1,1,1421.095,1,148.084,0,normal,0,nominal
2026-01-01 06:18:00,2,67.418,3.221,26.344,1,1,1235.305,1,129.487,0,normal,0,nominal
2026-01-01 06:18:00,3,62.669,1.974,28.782,1,1,1102.037,1,110.073,0,normal,0,nominal
2026-01-01 06:19:00,1,73.899,3.799,24.103,1,1,1434.649,1,143.703,0,normal,0,nominal
2026-01-01 06:19:00,2,67.838,3.195,26.577,1,1,1244.695,1,129.542,0,normal,0,nominal
2026-01-01 06:19:00,3,62.826,2.223,28.967,1,1,1089.364,1,112.459,0,normal,0,nominal
2026-01-01 06:20:00,1,73.572,3.881,23.439,1,1,1436.331,1,144.711,0,normal,0,nominal
2026-01-01 06:20:00,2,68.139,3.278,26.586,1,1,1247.193,1,130.59,0,normal,0,nominal
2026-01-01 06:20:00,3,61.851,2.239,28.869,1,1,1098.457,1,112.992,0,normal,0,nominal
2026-01-01 06:21:00,1,73.763,3.856,23.681,1,1,1394.174,1,142.823,0,normal,0,nominal
2026-01-01 06:21:00,2,67.165,2.884,25.932,1,1,1234.452,1,125.578,0,normal,0,nominal
2026-01-01 06:21:00,3,60.443,2.16,29.089,1,1,1105.254,1,112.336,0,normal,0,nominal
2026-01-01 06:22:00,1,73.799,3.658,24.055,1,1,1420.219,1,141.531,0,normal,0,nominal
2026-01-01 06:22:00,2,67.149,2.783,26.321,1,1,1230.429,1,124.256,0,normal,0,nominal
2026-01-01 06:22:00,3,59.653,2.489,29.083,1,1,1102.3,1,116.014,0,normal,0,nominal
2026-01-01 06:23:00,1,74.298,3.49,23.86,1,1,1429.11,1,139.942,0,normal,0,nominal
2026-01-01 06:23:00,2,64.94,2.441,26.479,1,1,1243.586,1,120.826,0,normal,0,nominal
2026-01-01 06:23:00,3,60.638,2.399,29.229,1,1,1104.113,1,115.044,0,normal,0,nominal
2026-01-01 06:24:00,1,73.391,3.701,23.997,1,1,1420.65,1,142.045,0,normal,0,nominal
2026-01-01 06:24:00,2,64.418,2.418,26.837,1,1,1241.44,1,120.481,0,normal,0,nominal
2026-01-01 06:24:00,3,61.625,2.338,29.062,1,1,1114.118,1,114.719,0,normal,0,nominal
2026-01-01 06:25:00,1,74.261,3.392,24.137,1,1,1410.659,1,138.109,0,normal,0,nominal
2026-01-01 06:25:00,2,66.049,3.11,26.779,1,1,1255.304,1,128.97,0,normal,0,nominal
2026-01-01 06:25:00,3,59.228,2.58,28.615,1,1,1109.584,1,117.337,0,normal,0,nominal
2026-01-01 06:26:00,1,74.375,3.705,24.051,1,1,1426.797,1,142.323,0,normal,0,nominal
2026-01-01 06:26:00,2,66.441,2.435,26.245,1,1,1243.614,1,120.755,0,normal,0,nominal
2026-01-01 06:26:00,3,59.951,2.461,28.603,1,1,1105.308,1,115.802,0,normal,0,nominal
2026-01-01 06:27:00,1,73.636,3.795,23.639,1,1,1438.741,1,143.814,0,normal,0,nominal
2026-01-01 06:27:00,2,67.153,2.256,26.266,1,1,1245.617,1,118.772,0,normal,0,nominal
2026-01-01 06:27:00,3,60.918,2.542,28.583,1,1,1104.14,1,116.69,0,normal,0,nominal
2026-01-01 06:28:00,1,71.23,3.522,23.977,1,1,1448.732,1,141.052,0,normal,0,nominal
2026-01-01 06:28:00,2,67.12,2.737,26.614,1,1,1241.214,1,124.139,0,normal,0,nominal
2026-01-01 06:28:00,3,60.572,2.324,28.732,1,1,1083.204,1,113.385,0,normal,0,nominal
2026-01-01 06:29:00,1,72.723,3.559,24.105,1,1,1447.249,1,141.426,0,normal,0,nominal
2026-01-01 06:29:00,2,66.395,3.214,26.261,1,1,1245.956,1,129.807,0,normal,0,nominal
2026-01-01 06:29:00,3,59.595,2.506,28.841,1,1,1091.661,1,115.805,0,normal,0,nominal
2026-01-01 06:30:00,1,73.775,3.674,24.077,1,1,1438.022,1,142.397,0,normal,0,nominal
2026-01-01 06:30:00,2,67.049,2.777,26.134,1,1,1240.623,1,124.582,0,normal,0,nominal
2026-01-01 06:30:00,3,62.414,2.378,29.136,1,1,1073.096,1,113.627,0,normal,0,nominal
2026-01-01 06:31:00,1,73.516,3.953,24.027,1,1,1433.776,1,145.44,0,normal,0,nominal
2026-01-01 06:31:00,2,66.217,3.183,26.26,1,1,1233.617,1,128.981,0,normal,0,nominal
2026-01-01 06:31:00,3,62.461,2.359,28.863,1,1,1095.871,1,114.275,0,normal,0,nominal
2026-01-01 06:32:00,1,73.732,3.925,23.568,1,1,1422.464,1,144.693,0,normal,0,nominal
2026-01-01 06:32:00,2,66.539,3.168,26.551,1,1,1252.909,1,129.548,0,normal,0,nominal
2026-01-01 06:32:00,3,61.585,2.25,28.579,1,1,1126.136,1,114.173,0,normal,0,nominal
2026-01-01 06:33:00,1,74.771,3.743,23.811,1,1,1424.137,1,142.658,0,normal,0,nominal
2026-01-01 06:33:00,2,66.245,2.435,26.658,1,1,1278.576,1,122.092,0,normal,0,nominal
2026-01-01 06:33:00,3,60.442,2.385,28.452,1,1,1103.57,1,114.868,0,normal,0,nominal
2026-01-01 06:34:00,1,74.623,3.471,23.989,1,1,1427.178,1,139.649,0,normal,0,nominal
2026-01-01 06:34:00,2,66.061,2.943,26.547,1,1,1264.17,1,127.385,0,normal,0,nominal
2026-01-01 06:34:00,3,61.444,1.926,28.354,1,1,1096.372,1,109.311,0,normal,0,nominal
2026-01-01 06:35:00,1,74.198,3.596,24.041,1,1,1435.248,1,141.396,0,normal,0,nominal
2026-01-01 06:35:00,2,66.54,2.409,26.399,1,1,1261.233,1,121.127,0,normal,0,nominal
2026-01-01 06:35:00,3,61.427,2.217,28.516,1,1,1113.923,1,113.328,0,normal,0,nominal
2026-01-01 06:36:00,1,74.733,3.576,24.01,1,1,1451.087,1,141.767,0,normal,0,nominal
2026-01-01 06:36:00,2,65.845,2.743,26.527,1,1,1250.047,1,124.545,0,normal,0,nominal
2026-01-01 06:36:00,3,60.161,2.282,28.492,1,1,1105.932,1,113.773,0,normal,0,nominal
2026-01-01 06:37:00,1,75.034,3.578,23.96,1,1,1427.363,1,140.892,0,normal,0,nominal
2026-01-01 06:37:00,2,66.05,3.244,26.226,1,1,1269.205,1,131.035,0,normal,0,nominal
2026-01-01 06:37:00,3,61.0,2.189,28.527,1,1,1130.105,1,113.619,0,normal,0,nominal
2026-01-01 06:38:00,1,73.242,3.724,23.688,1,1,1428.432,1,142.604,0,normal,0,nominal
2026-01-01 06:38:00,2,66.734,3.106,26.0,1,1,1257.871,1,129.017,0,normal,0,nominal
2026-01-01 06:38:00,3,59.409,2.232,28.894,1,1,1125.532,1,113.938,0,normal,0,nominal
2026-01-01 06:39:00,1,73.864,3.491,23.884,1,1,1413.345,1,139.353,0,normal,0,nominal
2026-01-01 06:39:00,2,68.074,2.8,26.214,1,1,1256.439,1,125.439,0,normal,0,nominal
2026-01-01 06:39:00,3,59.823,2.181,29.173,1,1,1119.055,1,113.107,0,normal,0,nominal
2026-01-01 06:40:00,1,73.312,3.435,24.195,1,1,1418.731,1,138.917,0,normal,0,nominal
2026-01-01 06:40:00,2,67.857,2.855,26.578,1,1,1250.149,1,125.839,0,normal,0,nominal
2026-01-01 06:40:00,3,59.771,2.331,29.187,1,1,1114.347,1,114.657,0,normal,0,nominal
2026-01-01 06:41:00,1,71.039,3.416,24.163,1,1,1429.719,1,139.114,0,normal,0,nominal
2026-01-01 06:41:00,2,64.368,2.735,26.518,1,1,1238.931,1,124.033,0,normal,0,nominal
2026-01-01 06:41:00,3,60.864,2.582,29.233,1,1,1117.206,1,117.641,0,normal,0,nominal
2026-01-01 06:42:00,1,72.25,3.089,23.799,1,1,1426.876,1,135.248,0,normal,0,nominal
2026-01-01 06:42:00,2,66.413,2.576,26.499,1,1,1269.107,1,123.348,0,normal,0,nominal
2026-01-01 06:42:00,3,60.566,2.579,29.395,1,1,1112.104,1,117.423,0,normal,0,nominal
2026-01-01 06:43:00,1,71.456,3.421,23.8,1,1,1419.725,1,138.793,0,normal,0,nominal
2026-01-01 06:43:00,2,66.066,2.708,26.349,1,1,1277.521,1,125.188,0,normal,0,nominal
2026-01-01 06:43:00,3,60.4,2.147,29.144,1,1,1111.341,1,112.427,0,normal,0,nominal
2026-01-01 06:44:00,1,72.229,3.469,24.096,1,1,1422.817,1,139.465,0,normal,0,nominal
2026-01-01 06:44:00,2,66.6,3.187,26.213,1,1,1261.686,1,130.097,0,normal,0,nominal
2026-01-01 06:44:00,3,61.744,2.341,29.223,1,1,1100.406,1,114.237,0,normal,0,nominal
2026-01-01 06:45:00,1,73.286,3.515,24.242,1,1,1429.184,1,140.227,0,normal,0,nominal
2026-01-01 06:45:00,2,65.32,3.171,26.115,1,1,1239.863,1,129.085,0,normal,0,nominal
2026-01-01 06:45:00,3,59.881,2.185,28.799,1,1,1110.333,1,112.819,0,normal,0,nominal
2026-01-01 06:46:00,1,74.238,3.859,24.417,1,1,1439.469,1,144.582,0,normal,0,nominal
2026-01-01 06:46:00,2,65.984,2.965,26.276,1,1,1249.07,1,127.066,0,normal,0,nominal
2026-01-01 06:46:00,3,59.831,2.34,29.065,1,1,1114.304,1,114.751,0,normal,0,nominal
2026-01-01 06:47:00,1,73.936,3.88,24.145,1,1,1424.314,1,144.248,0,normal,0,nominal
2026-01-01 06:47:00,2,65.094,2.511,26.226,1,1,1250.415,1,121.893,0,normal,0,nominal
2026-01-01 06:47:00,3,61.11,2.583,29.006,1,1,1118.313,1,117.703,0,normal,0,nominal
2026-01-01 06:48:00,1,73.7,3.787,23.731,1,1,1424.813,1,143.194,0,normal,0,nominal
2026-01-01 06:48:00,2,66.118,2.092,26.156,1,1,1249.198,1,117.029,0,normal,0,nominal
2026-01-01 06:48:00,3,61.985,2.261,28.996,1,1,1129.871,1,114.438,0,normal,0,nominal
2026-01-01 06:49:00,1,73.405,3.444,23.794,1,1,1425.087,1,139.259,0,normal,0,nominal
2026-01-01 06:49:00,2,65.888,2.272,26.247,1,1,1244.705,1,118.924,0,normal,0,nominal
2026-01-01 06:49:00,3,61.754,2.256,28.77,1,1,1129.855,1,114.384,0,normal,0,nominal
2026-01-01 06:50:00,1,73.855,3.461,24.301,1,1,1435.483,1,139.851,0,normal,0,nominal
2026-01-01 06:50:00,2,66.223,2.477,26.521,1,1,1256.484,1,121.734,0,normal,0,nominal
2026-01-01 06:50:00,3,61.931,2.249,29.051,1,1,1133.193,1,114.423,0,normal,0,nominal
2026-01-01 06:51:00,1,73.661,3.832,24.076,1,1,1430.72,1,143.932,0,normal,0,nominal
2026-01-01 06:51:00,2,66.7,2.793,26.212,1,1,1251.742,1,125.19,0,normal,0,nominal
2026-01-01 06:51:00,3,61.261,2.218,28.813,1,1,1122.642,1,113.665,0,normal,0,nominal
2026-01-01 06:52:00,1,74.169,3.616,24.166,1,1,1431.38,1,141.472,0,normal,0,nominal
2026-01-01 06:52:00,2,66.8,2.662,26.215,1,1,1242.695,1,123.334,0,normal,0,nominal
2026-01-01 06:52:00,3,56.852,1.959,28.716,1,1,1124.05,1,110.738,0,normal,0,nominal
2026-01-01 06:53:00,1,73.504,3.677,24.389,1,1,1418.429,1,141.689,0,normal,0,nominal
2026-01-01 06:53:00,2,66.015,2.865,26.081,1,1,1235.288,1,125.383,0,normal,0,nominal
2026-01-01 06:53:00,3,59.018,1.857,28.751,1,1,1125.066,1,109.61,0,normal,0,nominal
2026-01-01 06:54:00,1,73.152,3.817,24.52,1,1,1430.635,1,143.761,0,normal,0,nominal
2026-01-01 06:54:00,2,65.024,2.639,25.97,1,1,1255.349,1,123.551,0,normal,0,nominal
2026-01-01 06:54:00,3,59.587,2.178,28.914,1,1,1115.527,1,112.935,0,normal,0,nominal
2026-01-01 06:55:00,1,73.816,3.885,24.21,1,1,1422.823,1,144.242,0,normal,0,nominal
2026-01-01 06:55:00,2,65.849,2.871,26.162,1,1,1255.512,1,126.225,0,normal,0,nominal
2026-01-01 06:55:00,3,61.54,2.057,29.23,1,1,1110.284,1,111.346,0,normal,0,nominal
2026-01-01 06:56:00,1,73.039,3.666,23.948,1,1,1404.607,1,141.029,0,normal,0,nominal
2026-01-01 06:56:00,2,66.428,3.373,26.389,1,1,1266.326,1,132.414,0,normal,0,nominal
2026-01-01 06:56:00,3,60.289,2.063,29.308,1,1,1108.988,1,111.361,0,normal,0,nominal
2026-01-01 06:57:00,1,73.824,3.86,23.993,1,1,1411.815,1,143.543,0,normal,0,nominal
2026-01-01 06:57:00,2,66.192,3.279,26.121,1,1,1248.478,1,130.652,0,normal,0,nominal
2026-01-01 06:57:00,3,61.867,2.601,28.931,1,1,1116.635,1,117.842,0,normal,0,nominal
2026-01-01 06:58:00,1,75.415,4.03,23.48,1,1,1438.024,1,146.485,0,normal,0,nominal
2026-01-01 06:58:00,2,65.294,3.005,26.278,1,1,1245.135,1,127.368,0,normal,0,nominal
2026-01-01 06:58:00,3,62.095,2.442,28.689,1,1,1128.969,1,116.481,0,normal,0,nominal
2026-01-01 06:59:00,1,70.93,3.631,23.64,1,1,1432.803,1,141.707,0,normal,0,nominal
2026-01-01 06:59:00,2,67.474,3.141,26.186,1,1,1252.693,1,129.223,0,normal,0,nominal
2026-01-01 06:59:00,3,62.221,2.441,28.819,1,1,1130.912,1,116.549,0,normal,0,nominal
2026-01-01 07:00:00,1,71.999,3.734,23.579,1,1,1457.77,1,143.831,0,normal,0,nominal
2026-01-01 07:00:00,2,66.259,2.894,25.949,1,1,1239.009,1,125.862,0,normal,0,nominal
2026-01-01 07:00:00,3,60.883,2.238,28.86,1,1,1117.008,1,113.685,0,normal,0,nominal
2026-01-01 07:01:00,1,72.132,3.901,23.981,1,1,1434.592,1,144.879,0,normal,0,nominal
2026-01-01 07:01:00,2,69.021,2.569,26.248,1,1,1246.631,1,122.418,0,normal,0,nominal
2026-01-01 07:01:00,3,60.586,2.539,29.166,1,1,1111.803,1,116.95,0,normal,0,nominal
2026-01-01 07:02:00,1,73.35,3.868,24.094,1,1,1427.682,1,144.239,0,normal,0,nominal
2026-01-01 07:02:00,2,67.005,2.82,26.362,1,1,1225.211,1,124.491,0,normal,0,nominal
2026-01-01 07:02:00,3,59.965,2.414,29.006,1,1,1128.354,1,116.137,0,normal,0,nominal
2026-01-01 07:03:00,1,73.624,3.307,23.671,1,1,1442.214,1,138.339,0,normal,0,nominal
2026-01-01 07:03:00,2,67.665,2.994,26.325,1,1,1245.992,1,127.281,0,normal,0,nominal
2026-01-01 07:03:00,3,60.942,2.505,29.108,1,1,1122.667,1,116.965,0,normal,0,nominal
2026-01-01 07:04:00,1,72.623,3.481,23.662,1,1,1429.003,1,139.831,0,normal,0,nominal
2026-01-01 07:04:00,2,67.381,2.891,26.219,1,1,1243.193,1,125.982,0,normal,0,nominal
2026-01-01 07:04:00,3,62.013,2.216,29.276,1,1,1118.773,1,113.492,0,normal,0,nominal
2026-01-01 07:05:00,1,73.771,3.343,23.562,1,1,1421.141,1,137.949,0,normal,0,nominal
2026-01-01 07:05:00,2,67.804,2.916,26.591,1,1,1251.298,1,126.582,0,normal,0,nominal
2026-01-01 07:05:00,3,61.95,2.874,29.151,1,1,1106.188,1,120.588,0,normal,0,nominal
2026-01-01 07:06:00,1,74.819,3.543,23.789,1,1,1436.976,1,140.852,0,normal,0,nominal
2026-01-01 07:06:00,2,67.461,2.785,26.714,1,1,1280.068,1,126.175,0,normal,0,nominal
2026-01-01 07:06:00,3,61.781,2.519,28.946,1,1,1127.859,1,117.327,0,normal,0,nominal
2026-01-01 07:07:00,1,74.678,3.485,23.782,1,1,1416.953,1,139.418,0,normal,0,nominal
2026-01-01 07:07:00,2,66.477,2.953,26.563,1,1,1262.247,1,127.421,0,normal,0,nominal
2026-01-01 07:07:00,3,61.787,2.427,29.196,1,1,1129.325,1,116.33,0,normal,0,nominal
2026-01-01 07:08:00,1,75.182,3.708,23.623,1,1,1420.977,1,142.134,0,normal,0,nominal
2026-01-01 07:08:00,2,67.312,2.78,26.659,1,1,1267.373,1,125.626,0,normal,0,nominal
2026-01-01 07:08:00,3,62.363,2.3,29.101,1,1,1120.443,1,114.528,0,normal,0,nominal
2026-01-01 07:09:00,1,74.953,3.526,23.805,1,1,1435.026,1,140.577,0,normal,0,nominal
2026-01-01 07:09:00,2,66.767,2.498,26.398,1,1,1266.693,1,122.359,0,normal,0,nominal
2026-01-01 07:09:00,3,62.538,2.349,29.122,1,1,1117.413,1,114.972,0,normal,0,nominal
2026-01-01 07:10:00,1,73.715,3.102,24.032,1,1,1429.676,1,135.503,0,normal,0,nominal
2026-01-01 07:10:00,2,65.988,2.518,26.227,1,1,1284.993,1,123.289,0,normal,0,nominal
2026-01-01 07:10:00,3,61.362,2.192,29.125,1,1,1104.647,1,112.683,0,normal,0,nominal
2026-01-01 07:11:00,1,73.56,3.68,23.931,1,1,1428.868,1,142.119,0,normal,0,nominal
2026-01-01 07:11:00,2,65.355,2.838,26.026,1,1,1271.814,1,126.466,0,normal,0,nominal
2026-01-01 07:11:00,3,59.694,2.151,28.786,1,1,1104.464,1,112.202,0,normal,0,nominal
2026-01-01 07:12:00,1,73.229,3.716,23.976,1,1,1435.844,1,143.148,0,normal,0,leak_progression
2026-01-01 07:12:00,2,65.765,2.327,25.869,1,1,1257.262,1,120.039,0,normal,0,nominal
2026-01-01 07:12:00,3,59.53,2.329,29.101,1,1,1110.144,1,114.47,0,normal,0,nominal
2026-01-01 07:13:00,1,73.766,3.685,23.979,1,1,1441.577,1,143.352,0,normal,0,leak_progression
2026-01-01 07:13:00,2,65.613,2.677,25.999,1,1,1245.423,1,123.606,0,normal,0,nominal
2026-01-01 07:13:00,3,60.172,2.303,29.269,1,1,1111.899,1,114.236,0,normal,0,nominal
2026-01-01 07:14:00,1,73.001,3.262,23.906,1,1,1446.347,1,138.956,0,normal,0,leak_progression
2026-01-01 07:14:00,2,65.156,3.128,26.193,1,1,1263.447,1,129.478,0,normal,0,nominal
2026-01-01 07:14:00,3,60.571,2.323,29.168,1,1,1093.625,1,113.775,0,normal,0,nominal
2026-01-01 07:15:00,1,70.819,3.565,24.159,1,1,1433.226,1,142.33,0,normal,0,leak_progression
2026-01-01 07:15:00,2,66.343,3.34,26.608,1,1,1256.937,1,131.668,0,normal,0,nominal
2026-01-01 07:15:00,3,62.399,2.57,28.974,1,1,1091.617,1,116.531,0,normal,0,nominal
2026-01-01 07:16:00,1,71.326,3.791,24.521,1,1,1433.561,1,145.329,0,normal,0,leak_progression
2026-01-01 07:16:00,2,67.552,2.895,26.306,1,1,1250.219,1,126.298,0,normal,0,nominal
2026-01-01 07:16:00,3,62.804,2.31,29.034,1,1,1080.843,1,113.141,0,normal,0,nominal
2026-01-01 07:17:00,1,71.772,3.5,24.435,1,1,1456.111,1,143.119,0,normal,0,leak_progression
2026-01-01 07:17:00,2,65.318,3.463,26.206,1,1,1253.366,1,132.952,0,normal,0,nominal
2026-01-01 07:17:00,3,60.789,2.498,28.806,1,1,1100.684,1,116.056,0,normal,0,nominal
2026-01-01 07:18:00,1,72.078,3.884,24.302,1,1,1442.057,1,147.469,0,normal,0,leak_progression
2026-01-01 07:18:00,2,66.923,3.679,26.315,1,1,1261.907,1,135.76,0,normal,0,nominal
2026-01-01 07:18:00,3,60.418,2.331,28.694,1,1,1093.566,1,113.858,0,normal,0,nominal
2026-01-01 07:19:00,1,71.206,3.616,24.396,1,1,1424.005,1,143.965,0,normal,0,leak_progression
2026-01-01 07:19:00,2,67.858,3.196,26.389,1,1,1256.848,1,130.012,0,normal,0,nominal
2026-01-01 07:19:00,3,61.143,2.342,28.758,1,1,1109.026,1,114.573,0,normal,0,nominal
2026-01-01 07:20:00,1,69.515,3.705,24.683,1,1,1428.798,1,145.56,0,normal,0,leak_progression
2026-01-01 07:20:00,2,67.409,3.544,26.312,1,1,1265.148,1,134.335,0,normal,0,nominal
2026-01-01 07:20:00,3,60.083,2.538,28.734,1,1,1088.233,1,116.041,0,normal,0,nominal
2026-01-01 07:21:00,1,68.941,3.646,24.398,1,1,1424.581,1,145.054,0,normal,0,leak_progression
2026-01-01 07:21:00,2,68.023,2.816,26.558,1,1,1248.594,1,125.328,0,normal,0,nominal
2026-01-01 07:21:00,3,59.956,2.405,29.066,1,1,1115.429,1,115.547,0,normal,0,nominal
2026-01-01 07:22:00,1,69.221,3.509,24.324,1,1,1421.038,1,143.632,0,normal,0,leak_progression
2026-01-01 07:22:00,2,67.442,2.851,26.715,1,1,1239.329,1,125.381,0,normal,0,nominal
2026-01-01 07:22:00,3,59.259,2.404,29.117,1,1,1127.315,1,115.984,0,normal,0,nominal
2026-01-01 07:23:00,1,66.713,3.242,24.315,1,1,1416.311,1,140.591,0,normal,1,leak_progression
2026-01-01 07:23:00,2,67.808,3.027,26.55,1,1,1244.265,1,127.59,0,normal,0,nominal
2026-01-01 07:23:00,3,59.911,2.636,28.731,1,1,1118.354,1,118.313,0,normal,0,nominal
2026-01-01 07:24:00,1,66.472,3.488,24.914,1,1,1400.4,1,143.297,0,normal,1,leak_progression
2026-01-01 07:24:00,2,67.44,3.275,26.467,1,1,1239.403,1,130.264,0,normal,0,nominal
2026-01-01 07:24:00,3,61.458,2.471,28.503,1,1,1109.003,1,116.064,0,normal,0,nominal
2026-01-01 07:25:00,1,66.861,3.659,25.199,1,1,1402.967,1,145.823,0,normal,1,leak_progression
2026-01-01 07:25:00,2,67.277,3.368,26.07,1,1,1259.3,1,132.083,0,normal,0,nominal
2026-01-01 07:25:00,3,60.353,2.586,28.798,1,1,1111.01,1,117.458,0,normal,0,nominal
2026-01-01 07:26:00,1,65.786,3.271,25.044,1,1,1407.509,1,141.631,0,normal,1,leak_progression
2026-01-01 07:26:00,2,67.656,3.01,26.283,1,1,1277.054,1,128.64,0,normal,0,nominal
2026-01-01 07:26:00,3,60.617,2.683,28.899,1,1,1106.03,1,118.383,0,normal,0,nominal
2026-01-01 07:27:00,1,65.22,3.581,24.659,1,1,1438.419,1,146.943,0,normal,1,leak_progression
2026-01-01 07:27:00,2,66.225,2.603,26.28,1,1,1264.513,1,123.481,0,normal,0,nominal
2026-01-01 07:27:00,3,60.362,2.334,28.664,1,1,1098.157,1,114.076,0,normal,0,nominal
2026-01-01 07:28:00,1,65.746,3.631,24.801,1,1,1428.912,1,147.556,0,warning,1,leak_progression
2026-01-01 07:28:00,2,66.494,3.115,26.254,1,1,1260.178,1,129.215,0,normal,0,nominal
2026-01-01 07:28:00,3,59.817,2.318,28.65,1,1,1097.42,1,113.854,0,normal,0,nominal
2026-01-01 07:29:00,1,64.834,3.369,25.374,1,1,1414.229,1,144.13,0,warning,1,leak_progression
2026-01-01 07:29:00,2,66.484,3.037,26.382,1,1,1241.151,1,127.592,0,normal,0,nominal
2026-01-01 07:29:00,3,60.564,2.534,28.692,1,1,1120.08,1,117.207,0,normal,0,nominal
2026-01-01 07:30:00,1,65.076,3.368,25.177,1,1,1430.193,1,144.734,0,warning,1,leak_progression
2026-01-01 07:30:00,2,67.617,2.979,26.154,1,1,1263.363,1,127.767,0,normal,0,nominal
2026-01-01 07:30:00,3,60.579,2.517,28.791,1,1,1113.092,1,116.739,0,normal,0,nominal
2026-01-01 07:31:00,1,65.197,3.197,25.131,1,1,1431.236,1,142.657,0,warning,1,leak_progression
2026-01-01 07:31:00,2,67.159,3.283,26.243,1,1,1265.626,1,131.351,0,normal,0,nominal
2026-01-01 07:31:00,3,59.057,2.499,28.71,1,1,1116.643,1,116.676,0,normal,0,nominal
2026-01-01 07:32:00,1,63.205,3.012,25.243,1,1,1439.612,1,140.695,0,warning,1,leak_progression
2026-01-01 07:32:00,2,66.972,3.468,26.312,1,1,1274.158,1,133.799,0,normal,0,nominal
2026-01-01 07:32:00,3,58.791,2.277,28.489,1,1,1107.79,1,113.779,0,normal,0,nominal
2026-01-01 07:33:00,1,64.797,3.198,25.246,1,1,1438.246,1,142.945,0,warning,1,leak_progression
2026-01-01 07:33:00,2,66.098,3.222,26.59,1,1,1238.25,1,129.606,0,normal,0,nominal
2026-01-01 07:33:00,3,59.506,2.443,28.462,1,1,1109.302,1,115.753,0,normal,0,nominal
2026-01-01 07:34:00,1,64.571,3.33,25.391,1,1,1415.628,1,143.71,0,warning,1,leak_progression
2026-01-01 07:34:00,2,65.169,3.423,26.554,1,1,1250.65,1,132.389,0,normal,0,nominal
2026-01-01 07:34:00,3,59.959,2.466,29.011,1,1,1111.167,1,116.088,0,normal,0,nominal
2026-01-01 07:35:00,1,64.803,3.424,25.484,1,1,1436.204,1,145.653,0,warning,1,leak_progression
2026-01-01 07:35:00,2,65.871,3.163,26.506,1,1,1246.783,1,129.25,0,normal,0,nominal
2026-01-01 07:35:00,3,61.047,2.606,29.184,1,1,1126.243,1,118.269,0,normal,0,nominal
2026-01-01 07:36:00,1,65.183,3.232,24.94,1,1,1455.666,1,144.018,0,warning,1,leak_progression
2026-01-01 07:36:00,2,64.997,3.084,26.249,1,1,1233.064,1,127.82,0,normal,0,nominal
2026-01-01 07:36:00,3,61.412,2.269,29.226,1,1,1124.866,1,114.336,0,normal,0,nominal
2026-01-01 07:37:00,1,64.324,3.027,25.076,1,1,1429.441,1,140.496,0,warning,1,leak_progression
2026-01-01 07:37:00,2,65.873,3.613,26.179,1,1,1238.072,1,134.098,0,normal,0,nominal
2026-01-01 07:37:00,3,61.052,2.541,28.88,1,1,1113.254,1,117.023,0,normal,0,nominal
2026-01-01 07:38:00,1,63.816,3.266,25.228,1,1,1436.343,1,143.703,0,warning,1,leak_progression
2026-01-01 07:38:00,2,66.55,3.089,26.173,1,1,1257.433,1,128.81,0,normal,0,nominal
2026-01-01 07:38:00,3,59.931,2.566,28.996,1,1,1129.865,1,117.939,0,normal,0,nominal
2026-01-01 07:39:00,1,65.127,2.929,25.583,1,1,1436.026,1,139.534,0,warning,1,leak_progression
2026-01-01 07:39:00,2,66.399,3.06,26.416,1,1,1270.553,1,128.966,0,normal,0,nominal
2026-01-01 07:39:00,3,60.208,2.644,29.34,1,1,1134.625,1,119.022,0,normal,0,nominal
2026-01-01 07:40:00,1,66.779,3.376,25.524,1,1,1429.164,1,144.785,0,warning,1,leak_progression
2026-01-01 07:40:00,2,66.806,2.905,26.533,1,1,1235.402,1,125.855,0,normal,0,nominal
2026-01-01 07:40:00,3,60.224,2.659,28.986,1,1,1126.847,1,118.903,0,normal,0,nominal
2026-01-01 07:41:00,1,65.5,3.013,25.212,1,1,1416.105,1,139.822,0,warning,1,leak_progression
2026-01-01 07:41:00,2,65.519,3.04,26.407,1,1,1265.956,1,128.568,0,normal,0,nominal
2026-01-01 07:41:00,3,60.559,2.714,28.98,1,1,1139.072,1,119.997,0,normal,0,nominal
2026-01-01 07:42:00,1,65.93,3.694,25.429,1,1,1402.664,1,147.7,0,warning,1,leak_progression
2026-01-01 07:42:00,2,66.078,2.742,26.706,1,1,1256.074,1,124.768,0,normal,0,nominal
2026-01-01 07:42:00,3,59.766,2.378,29.051,1,1,1123.477,1,115.542,0,normal,0,nominal
2026-01-01 07:43:00,1,65.1,3.429,25.391,1,1,1409.723,1,144.699,0,warning,1,leak_progression
2026-01-01 07:43:00,2,66.121,2.973,26.609,1,1,1263.787,1,127.718,0,normal,0,nominal
2026-01-01 07:43:00,3,61.535,2.402,28.781,1,1,1107.544,1,115.205,0,normal,0,nominal
2026-01-01 07:44:00,1,64.872,3.448,25.369,1,1,1396.498,1,144.439,0,warning,1,leak_progression
2026-01-01 07:44:00,2,66.88,2.691,26.517,1,1,1269.856,1,124.699,0,normal,0,nominal
2026-01-01 07:44:00,3,60.741,2.34,28.788,1,1,1108.604,1,114.533,0,normal,0,nominal
2026-01-01 07:45:00,1,64.932,3.408,25.798,1,1,1416.926,1,144.713,0,warning,1,leak_progression
2026-01-01 07:45:00,2,65.623,2.635,26.687,1,1,1257.127,1,123.57,0,normal,0,nominal
2026-01-01 07:45:00,3,62.387,2.161,28.554,1,1,1124.82,1,113.1,0,normal,0,nominal
2026-01-01 07:46:00,1,64.412,3.171,25.63,1,1,1430.61,1,142.315,0,warning,1,leak_progression
2026-01-01 07:46:00,2,66.369,2.133,25.992,1,1,1280.356,1,118.683,0,normal,0,nominal
2026-01-01 07:46:00,3,60.874,2.562,28.629,1,1,1136.793,1,118.162,0,normal,0,nominal
2026-01-01 07:47:00,1,65.186,3.243,25.663,1,1,1421.849,1,142.877,0,warning,1,leak_progression
2026-01-01 07:47:00,2,67.101,1.987,25.734,1,1,1261.468,1,116.285,0,normal,0,nominal
2026-01-01 07:47:00,3,62.193,2.498,28.732,1,1,1114.704,1,116.59,0,normal,0,nominal
2026-01-01 07:48:00,1,65.583,2.824,25.803,1,1,1444.806,1,138.58,0,warning,1,leak_progression
2026-01-01 07:48:00,2,66.744,2.532,26.087,1,1,1256.766,1,122.377,0,normal,0,nominal
2026-01-01 07:48:00,3,62.257,2.204,28.754,1,1,1115.961,1,113.257,0,normal,0,nominal
2026-01-01 07:49:00,1,65.844,3.108,25.99,1,1,1420.784,1,141.172,0,warning,1,leak_progression
2026-01-01 07:49:00,2,66.118,3.065,26.524,1,1,1238.544,1,127.815,0,normal,0,nominal
2026-01-01 07:49:00,3,61.731,2.393,28.738,1,1,1118.165,1,115.514,0,normal,0,nominal
2026-01-01 07:50:00,1,65.966,3.508,25.987,1,1,1413.911,1,145.841,0,warning,1,leak_progression
2026-01-01 07:50:00,2,66.094,3.23,26.763,1,1,1231.455,1,129.438,0,normal,0,nominal
2026-01-01 07:50:00,3,61.093,2.335,28.856,1,1,1108.183,1,114.462,0,normal,0,nominal
2026-01-01 07:51:00,1,66.725,3.064,25.96,1,1,1423.74,1,140.74,0,warning,1,leak_progression
2026-01-01 07:51:00,2,66.289,2.767,26.582,1,1,1232.975,1,124.172,0,normal,0,nominal
2026-01-01 07:51:00,3,59.799,2.198,28.778,1,1,1098.482,1,112.523,0,normal,0,nominal
2026-01-01 07:52:00,1,65.246,3.015,25.757,1,1,1433.058,1,140.492,0,warning,1,leak_progression
2026-01-01 07:52:00,2,66.86,2.992,26.688,1,1,1257.355,1,127.683,0,normal,0,nominal
2026-01-01 07:52:00,3,62.37,2.462,28.799,1,1,1096.953,1,115.503,0,normal,0,nominal
2026-01-01 07:53:00,1,64.694,3.35,25.563,1,1,1424.112,1,144.272,0,warning,1,leak_progression
2026-01-01 07:53:00,2,66.708,2.777,26.451,1,1,1266.851,1,125.581,0,normal,0,nominal
2026-01-01 07:53:00,3,61.969,2.558,28.947,1,1,1116.056,1,117.325,0,normal,0,nominal
2026-01-01 07:54:00,1,65.36,3.645,25.329,1,1,1437.735,1,148.435,0,warning,1,leak_progression
2026-01-01 07:54:00,2,65.561,2.948,26.295,1,1,1256.728,1,127.155,0,normal,0,nominal
2026-01-01 07:54:00,3,60.534,2.515,28.961,1,1,1115.618,1,116.812,0,normal,0,nominal
2026-01-01 07:55:00,1,65.999,3.395,25.282,1,1,1420.53,1,144.692,0,warning,1,leak_progression
2026-01-01 07:55:00,2,62.514,2.67,26.361,1,1,1240.784,1,123.358,0,normal,0,nominal
2026-01-01 07:55:00,3,60.551,2.488,28.994,1,1,1123.672,1,116.81,0,normal,0,nominal
2026-01-01 07:56:00,1,64.91,3.573,25.213,1,1,1429.138,1,147.221,0,warning,1,leak_progression
2026-01-01 07:56:00,2,64.349,2.548,26.506,1,1,1257.6,1,122.588,0,normal,0,nominal
2026-01-01 07:56:00,3,60.669,2.271,28.642,1,1,1125.579,1,114.39,0,normal,0,nominal
2026-01-01 07:57:00,1,64.719,3.306,25.22,1,1,1423.306,1,143.702,0,warning,1,leak_progression
2026-01-01 07:57:00,2,67.203,2.523,26.399,1,1,1254.591,1,122.187,0,normal,0,nominal
2026-01-01 07:57:00,3,59.795,2.395,28.718,1,1,1141.746,1,116.429,0,normal,0,nominal
2026-01-01 07:58:00,1,64.857,3.34,25.679,1,1,1442.555,1,144.859,0,warning,1,leak_progression
2026-01-01 07:58:00,2,65.955,2.482,26.354,1,1,1246.802,1,121.425,0,normal,0,nominal
2026-01-01 07:58:00,3,59.749,2.533,28.766,1,1,1126.895,1,117.455,0,normal,0,nominal
2026-01-01 07:59:00,1,65.121,3.269,25.972,1,1,1444.734,1,144.062,0,warning,1,leak_progression
2026-01-01 07:59:00,2,65.619,3.074,26.516,1,1,1262.764,1,128.831,0,normal,0,nominal
2026-01-01 07:59:00,3,60.447,2.261,28.688,1,1,1159.065,1,115.549,0,normal,0,nominal
2026-01-01 06:00:00,1,74.185,3.993,23.419,1,1,1403.481,1,144.752,0,normal,0,nominal
2026-01-01 06:00:00,2,67.457,2.242,26.244,1,1,1256.363,1,119.029,0,normal,0,nominal
2026-01-01 06:00:00,3,61.579,2.219,29.077,1,1,1122.772,1,113.685,0,normal,0,nominal
2026-01-01 06:01:00,1,73.017,4.042,23.589,1,1,1404.473,1,145.356,0,normal,0,nominal
2026-01-01 06:01:00,2,67.866,2.322,25.945,1,1,1248.517,1,119.646,0,normal,0,nominal
2026-01-01 06:01:00,3,60.235,2.229,28.611,1,1,1143.827,1,114.595,0,normal,0,nominal
2026-01-01 06:02:00,1,74.194,3.807,23.617,1,1,1404.057,1,142.639,0,normal,0,nominal
2026-01-01 06:02:00,2,68.352,2.127,26.012,1,1,1238.797,1,117.036,0,normal,0,nominal
2026-01-01 06:02:00,3,58.977,2.548,28.473,1,1,1124.95,1,117.55,0,normal,0,nominal
2026-01-01 06:03:00,1,72.789,3.448,23.21,1,1,1416.978,1,138.993,0,normal,0,nominal
2026-01-01 06:03:00,2,67.068,2.175,26.082,1,1,1249.286,1,117.985,0,normal,0,nominal
2026-01-01 06:03:00,3,60.808,2.628,29.022,1,1,1115.882,1,118.123,0,normal,0,nominal
2026-01-01 06:04:00,1,73.557,3.204,23.603,1,1,1409.419,1,135.902,0,normal,0,nominal
2026-01-01 06:04:00,2,67.382,2.554,26.402,1,1,1274.025,1,123.289,0,normal,0,nominal
2026-01-01 06:04:00,3,61.819,2.556,28.815,1,1,1104.19,1,116.857,0,normal,0,nominal
2026-01-01 06:05:00,1,73.637,3.327,23.568,1,1,1416.117,1,137.569,0,normal,0,nominal
2026-01-01 06:05:00,2,68.181,2.66,26.642,1,1,1281.7,1,124.8,0,normal,0,nominal
2026-01-01 06:05:00,3,61.706,2.392,28.702,1,1,1116.334,1,115.429,0,normal,0,nominal
2026-01-01 06:06:00,1,72.795,3.713,23.685,1,1,1411.343,1,141.826,0,normal,0,nominal
2026-01-01 06:06:00,2,68.578,2.783,26.355,1,1,1282.007,1,126.222,0,normal,0,nominal
2026-01-01 06:06:00,3,61.064,2.132,28.514,1,1,1110.358,1,112.216,0,normal,0,nominal
2026-01-01 06:07:00,1,72.878,3.572,23.765,1,1,1420.065,1,140.539,0,normal,0,nominal
2026-01-01 06:07:00,2,68.287,2.816,26.517,1,1,1265.727,1,125.986,0,normal,0,nominal
2026-01-01 06:07:00,3,60.55,1.911,28.951,1,1,1098.167,1,109.204,0,normal,0,nominal
2026-01-01 06:08:00,1,73.793,3.476,23.656,1,1,1419.661,1,139.425,0,normal,0,nominal
2026-01-01 06:08:00,2,68.419,3.03,26.419,1,1,1269.918,1,128.603,0,normal,0,nominal
2026-01-01 06:08:00,3,62.762,2.336,28.922,1,1,1103.5,1,114.295,0,normal,0,nominal
2026-01-01 06:09:00,1,73.444,3.637,23.833,1,1,1419.352,1,141.262,0,normal,0,nominal
2026-01-01 06:09:00,2,68.551,3.18,26.034,1,1,1250.177,1,129.572,0,normal,0,nominal
2026-01-01 06:09:00,3,61.314,2.6,28.882,1,1,1125.515,1,118.173,0,normal,0,nominal
2026-01-01 06:10:00,1,73.148,3.574,23.689,1,1,1423.738,1,140.7,0,normal,0,nominal
2026-01-01 06:10:00,2,68.265,3.1,26.534,1,1,1237.791,1,128.188,0,normal,0,nominal
2026-01-01 06:10:00,3,61.897,2.49,28.791,1,1,1102.252,1,116.024,0,normal,0,nominal
2026-01-01 06:11:00,1,73.975,3.648,23.674,1,1,1419.191,1,141.38,0,normal,0,nominal
2026-01-01 06:11:00,2,68.816,3.164,26.163,1,1,1235.946,1,128.848,0,normal,0,nominal
2026-01-01 06:11:00,3,61.826,2.233,28.852,1,1,1105.096,1,113.169,0,normal,0,nominal
2026-01-01 06:12:00,1,73.777,3.18,23.379,1,1,1397.118,1,135.157,0,normal,0,nominal
2026-01-01 06:12:00,2,69.057,2.783,26.109,1,1,1253.631,1,125.453,0,normal,0,leak_progression
2026-01-01 06:12:00,3,63.043,1.84,28.913,1,1,1110.665,1,108.869,0,normal,0,nominal
2026-01-01 06:13:00,1,73.303,3.454,23.541,1,1,1403.239,1,138.544,0,normal,0,nominal
2026-01-01 06:13:00,2,65.403,2.788,26.437,1,1,1256.541,1,125.921,0,normal,0,leak_progression
2026-01-01 06:13:00,3,63.248,1.916,28.457,1,1,1124.379,1,110.256,0,normal,0,nominal
2026-01-01 06:14:00,1,72.589,3.817,23.53,1,1,1404.967,1,142.788,0,normal,0,nominal
2026-01-01 06:14:00,2,65.066,2.782,26.393,1,1,1251.412,1,125.974,0,normal,0,leak_progression
2026-01-01 06:14:00,3,62.209,2.127,28.887,1,1,1130.626,1,112.921,0,normal,0,nominal
2026-01-01 06:15:00,1,73.113,3.881,23.581,1,1,1410.651,1,143.738,0,normal,0,nominal
2026-01-01 06:15:00,2,65.534,2.812,25.937,1,1,1253.439,1,126.701,0,normal,0,leak_progression
2026-01-01 06:15:00,3,62.346,1.9,28.917,1,1,1128.462,1,110.228,0,normal,0,nominal
2026-01-01 06:16:00,1,74.356,3.883,23.5,1,1,1419.757,1,144.11,0,normal,0,nominal
2026-01-01 06:16:00,2,65.758,2.629,26.269,1,1,1267.622,1,125.412,0,normal,0,leak_progression
2026-01-01 06:16:00,3,62.06,2.169,28.845,1,1,1132.922,1,113.499,0,normal,0,nominal
2026-01-01 06:17:00,1,74.58,3.806,23.317,1,1,1437.743,1,143.905,0,normal,0,nominal
2026-01-01 06:17:00,2,65.359,2.27,26.713,1,1,1270.703,1,121.613,0,normal,0,leak_progression
2026-01-01 06:17:00,3,61.133,2.07,29.028,1,1,1118.275,1,111.8,0,normal,0,nominal
2026-01-01 06:18:00,1,72.482,3.59,23.323,1,1,1431.009,1,141.16,0,normal,0,nominal
2026-01-01 06:18:00,2,64.598,2.989,26.645,1,1,1241.673,1,129.281,0,normal,0,leak_progression
2026-01-01 06:18:00,3,59.951,2.144,28.876,1,1,1114.355,1,112.503,0,normal,0,nominal
2026-01-01 06:19:00,1,72.843,3.735,23.441,1,1,1426.938,1,142.671,0,normal,0,nominal
2026-01-01 06:19:00,2,64.02,2.277,26.468,1,1,1253.355,1,121.615,0,normal,0,leak_progression
2026-01-01 06:19:00,3,59.946,2.173,28.948,1,1,1120.312,1,113.057,0,normal,0,nominal
2026-01-01 06:20:00,1,72.172,3.799,23.86,1,1,1418.235,1,143.077,0,normal,0,nominal
2026-01-01 06:20:00,2,63.406,2.127,26.689,1,1,1266.925,1,120.639,0,normal,0,leak_progression
2026-01-01 06:20:00,3,61.239,2.433,29.01,1,1,1139.783,1,116.789,0,normal,0,nominal
2026-01-01 06:21:00,1,74.834,3.655,24.258,1,1,1427.683,1,141.786,0,normal,0,nominal
2026-01-01 06:21:00,2,62.183,2.488,27.196,1,1,1252.718,1,124.69,0,normal,0,leak_progression
2026-01-01 06:21:00,3,62.07,2.511,28.816,1,1,1139.847,1,117.688,0,normal,0,nominal
2026-01-01 06:22:00,1,72.578,3.568,24.361,1,1,1414.476,1,140.28,0,normal,0,nominal
2026-01-01 06:22:00,2,62.051,2.059,27.227,1,1,1256.635,1,119.996,0,normal,0,leak_progression
2026-01-01 06:22:00,3,62.267,2.397,28.884,1,1,1108.811,1,115.197,0,normal,0,nominal
2026-01-01 06:23:00,1,72.97,3.705,23.859,1,1,1436.77,1,142.71,0,normal,0,nominal
2026-01-01 06:23:00,2,61.831,2.713,27.345,1,1,1243.593,1,127.659,0,normal,1,leak_progression
2026-01-01 06:23:00,3,61.108,2.215,28.875,1,1,1103.399,1,112.897,0,normal,0,nominal
2026-01-01 06:24:00,1,72.078,3.409,23.828,1,1,1448.98,1,139.768,0,normal,0,nominal
2026-01-01 06:24:00,2,61.29,2.598,27.353,1,1,1239.805,1,126.435,0,normal,1,leak_progression
2026-01-01 06:24:00,3,61.085,2.016,28.624,1,1,1101.021,1,110.519,0,normal,0,nominal
2026-01-01 06:25:00,1,72.878,3.434,23.958,1,1,1430.895,1,139.369,0,normal,0,nominal
2026-01-01 06:25:00,2,61.216,2.484,27.344,1,1,1254.17,1,125.91,0,normal,1,leak_progression
2026-01-01 06:25:00,3,61.16,2.141,28.954,1,1,1109.24,1,112.274,0,normal,0,nominal
2026-01-01 06:26:00,1,73.548,3.535,23.94,1,1,1421.164,1,140.152,0,normal,0,nominal
2026-01-01 06:26:00,2,61.869,2.277,27.494,1,1,1260.449,1,123.932,0,normal,1,leak_progression
2026-01-01 06:26:00,3,58.816,2.365,28.314,1,1,1114.347,1,115.04,0,normal,0,nominal
2026-01-01 06:27:00,1,73.506,3.762,23.972,1,1,1430.822,1,143.13,0,normal,0,nominal
2026-01-01 06:27:00,2,61.495,2.713,27.79,1,1,1258.277,1,129.484,0,normal,1,leak_progression
2026-01-01 06:27:00,3,59.73,2.148,28.552,1,1,1120.191,1,112.775,0,normal,0,nominal
2026-01-01 06:28:00,1,75.231,3.804,23.612,1,1,1424.266,1,143.37,0,normal,0,nominal
2026-01-01 06:28:00,2,60.019,2.748,27.778,1,1,1256.557,1,130.17,0,warning,1,leak_progression
2026-01-01 06:28:00,3,59.514,2.294,28.769,1,1,1119.243,1,114.416,0,normal,0,nominal
2026-01-01 06:29:00,1,75.29,3.594,23.504,1,1,1417.373,1,140.693,0,normal,0,nominal
2026-01-01 06:29:00,2,59.49,3.132,28.054,1,1,1246.542,1,134.838,0,warning,1,leak_progression
2026-01-01 06:29:00,3,59.984,2.642,28.689,1,1,1107.707,1,117.97,0,normal,0,nominal
2026-01-01 06:30:00,1,74.765,3.039,23.34,1,1,1433.437,1,134.921,0,normal,0,nominal
2026-01-01 06:30:00,2,57.961,2.819,28.275,1,1,1261.477,1,131.554,0,warning,1,leak_progression
2026-01-01 06:30:00,3,60.662,2.381,28.89,1,1,1106.065,1,114.91,0,normal,0,nominal
2026-01-01 06:31:00,1,73.493,3.204,23.723,1,1,1420.849,1,136.335,0,normal,0,nominal
2026-01-01 06:31:00,2,58.967,2.825,28.262,1,1,1258.983,1,131.529,0,warning,1,leak_progression
2026-01-01 06:31:00,3,61.988,2.39,28.901,1,1,1099.913,1,114.786,0,normal,0,nominal
2026-01-01 06:32:00,1,74.468,3.591,23.546,1,1,1422.461,1,140.845,0,normal,0,nominal
2026-01-01 06:32:00,2,58.051,2.22,28.537,1,1,1243.28,1,123.473,0,warning,1,leak_progression
2026-01-01 06:32:00,3,64.051,2.431,28.92,1,1,1119.288,1,115.986,0,normal,0,nominal
2026-01-01 06:33:00,1,75.496,3.909,23.719,1,1,1445.543,1,145.379,0,normal,0,nominal
2026-01-01 06:33:00,2,57.567,2.527,28.099,1,1,1228.378,1,126.697,0,warning,1,leak_progression
2026-01-01 06:33:00,3,61.669,2.394,29.172,1,1,1091.371,1,114.509,0,normal,0,nominal
2026-01-01 06:34:00,1,74.927,3.917,23.668,1,1,1450.797,1,145.681,0,normal,0,nominal
2026-01-01 06:34:00,2,57.913,2.901,27.977,1,1,1246.204,1,131.975,0,warning,1,leak_progression
2026-01-01 06:34:00,3,62.457,2.293,29.138,1,1,1094.048,1,113.447,0,normal,0,nominal
2026-01-01 06:35:00,1,75.709,3.742,23.932,1,1,1414.767,1,142.291,0,normal,0,nominal
2026-01-01 06:35:00,2,59.271,2.601,27.754,1,1,1258.106,1,128.74,0,warning,1,leak_progression
2026-01-01 06:35:00,3,61.424,2.502,29.183,1,1,1111.786,1,116.524,0,normal,0,nominal
2026-01-01 06:36:00,1,75.842,3.822,23.724,1,1,1413.187,1,143.155,0,normal,0,nominal
2026-01-01 06:36:00,2,60.03,2.6,27.875,1,1,1248.35,1,128.355,0,warning,1,leak_progression
2026-01-01 06:36:00,3,57.259,2.383,29.349,1,1,1114.085,1,115.24,0,normal,0,nominal
2026-01-01 06:37:00,1,72.625,3.411,23.997,1,1,1431.01,1,139.104,0,normal,0,nominal
2026-01-01 06:37:00,2,57.893,2.711,27.76,1,1,1239.081,1,129.366,0,warning,1,leak_progression
2026-01-01 06:37:00,3,59.782,2.287,29.325,1,1,1111.831,1,114.049,0,normal,0,nominal
2026-01-01 06:38:00,1,73.029,3.795,23.881,1,1,1428.344,1,143.425,0,normal,0,nominal
2026-01-01 06:38:00,2,56.661,2.601,27.549,1,1,1254.383,1,128.594,0,warning,1,leak_progression
2026-01-01 06:38:00,3,59.544,2.335,29.418,1,1,1135.201,1,115.486,0,normal,0,nominal
2026-01-01 06:39:00,1,73.74,3.837,23.855,1,1,1446.83,1,144.607,0,normal,0,nominal
2026-01-01 06:39:00,2,57.375,3.259,28.052,1,1,1252.763,1,136.65,0,warning,1,leak_progression
2026-01-01 06:39:00,3,59.515,2.2,29.101,1,1,1139.926,1,114.116,0,normal,0,nominal
2026-01-01 06:40:00,1,74.08,3.735,23.728,1,1,1439.286,1,143.144,0,normal,0,nominal
2026-01-01 06:40:00,2,57.637,2.553,27.745,1,1,1248.019,1,127.756,0,warning,1,leak_progression
2026-01-01 06:40:00,3,60.063,2.34,28.822,1,1,1129.403,1,115.331,0,normal,0,nominal
2026-01-01 06:41:00,1,73.739,3.975,24.056,1,1,1414.998,1,144.981,0,normal,0,nominal
2026-01-01 06:41:00,2,59.2,2.667,28.32,1,1,1253.056,1,129.352,0,warning,1,leak_progression
2026-01-01 06:41:00,3,59.683,2.521,28.697,1,1,1113.662,1,116.812,0,normal,0,nominal
2026-01-01 06:42:00,1,74.482,4.072,24.028,1,1,1415.22,1,146.112,0,normal,0,nominal
2026-01-01 06:42:00,2,60.264,2.816,27.967,1,1,1253.602,1,131.218,0,warning,1,leak_progression
2026-01-01 06:42:00,3,60.582,2.418,28.937,1,1,1105.456,1,115.318,0,normal,0,nominal
2026-01-01 06:43:00,1,73.267,3.972,23.975,1,1,1424.402,1,145.309,0,normal,0,nominal
2026-01-01 06:43:00,2,59.426,2.459,27.69,1,1,1264.255,1,127.215,0,warning,1,leak_progression
2026-01-01 06:43:00,3,60.558,2.145,28.955,1,1,1097.157,1,111.859,0,normal,0,nominal
2026-01-01 06:44:00,1,74.095,3.748,24.037,1,1,1444.446,1,143.487,0,normal,0,nominal
2026-01-01 06:44:00,2,59.517,2.507,27.744,1,1,1267.028,1,127.917,0,warning,1,leak_progression
2026-01-01 06:44:00,3,61.361,2.449,28.857,1,1,1117.908,1,116.147,0,normal,0,nominal
2026-01-01 06:45:00,1,73.69,3.721,23.712,1,1,1443.059,1,143.126,0,normal,0,nominal
2026-01-01 06:45:00,2,58.579,2.447,28.116,1,1,1266.451,1,127.151,0,warning,1,leak_progression
2026-01-01 06:45:00,3,59.996,2.55,29.016,1,1,1102.008,1,116.707,0,normal,0,nominal
2026-01-01 06:46:00,1,73.402,3.546,23.575,1,1,1433.893,1,140.764,0,normal,0,nominal
2026-01-01 06:46:00,2,57.728,2.775,28.112,1,1,1255.783,1,130.786,0,warning,1,leak_progression
2026-01-01 06:46:00,3,59.617,2.434,29.231,1,1,1096.023,1,115.135,0,normal,0,nominal
2026-01-01 06:47:00,1,72.782,3.618,23.641,1,1,1429.121,1,141.411,0,normal,0,nominal
2026-01-01 06:47:00,2,60.537,2.893,27.872,1,1,1242.49,1,131.737,0,warning,1,leak_progression
2026-01-01 06:47:00,3,59.788,2.06,29.113,1,1,1088.361,1,110.552,0,normal,0,nominal
2026-01-01 06:48:00,1,73.361,3.812,23.478,1,1,1446.677,1,144.317,0,normal,0,nominal
2026-01-01 06:48:00,2,58.975,2.36,28.153,1,1,1247.463,1,125.358,0,warning,1,leak_progression
2026-01-01 06:48:00,3,59.996,2.033,28.809,1,1,1097.368,1,110.583,0,normal,0,nominal
2026-01-01 06:49:00,1,73.219,3.791,23.717,1,1,1445.358,1,144.022,0,normal,0,nominal
2026-01-01 06:49:00,2,59.439,2.68,28.153,1,1,1238.114,1,128.953,0,warning,1,leak_progression
2026-01-01 06:49:00,3,60.459,2.097,29.059,1,1,1094.357,1,111.197,0,normal,0,nominal
2026-01-01 06:50:00,1,72.931,3.718,23.771,1,1,1422.943,1,142.329,0,normal,0,nominal
2026-01-01 06:50:00,2,59.779,2.622,28.106,1,1,1233.407,1,128.049,0,warning,1,leak_progression
2026-01-01 06:50:00,3,61.006,2.265,28.9,1,1,1116.266,1,113.971,0,normal,0,nominal
2026-01-01 06:51:00,1,73.147,3.896,23.663,1,1,1422.675,1,144.362,0,normal,0,nominal
2026-01-01 06:51:00,2,59.444,2.898,28.318,1,1,1251.023,1,132.123,0,warning,1,leak_progression
2026-01-01 06:51:00,3,61.329,2.519,29.161,1,1,1081.612,1,115.574,0,normal,0,nominal
2026-01-01 06:52:00,1,73.577,4.006,23.513,1,1,1419.551,1,145.517,0,normal,0,nominal
2026-01-01 06:52:00,2,59.576,2.712,27.656,1,1,1260.039,1,130.176,0,warning,1,leak_progression
2026-01-01 06:52:00,3,61.857,2.365,29.18,1,1,1099.322,1,114.47,0,normal,0,nominal
2026-01-01 06:53:00,1,74.796,3.935,23.645,1,1,1406.035,1,144.183,0,normal,0,nominal
2026-01-01 06:53:00,2,59.648,2.231,27.439,1,1,1245.499,1,123.688,0,warning,1,leak_progression
2026-01-01 06:53:00,3,59.772,2.478,29.188,1,1,1115.308,1,116.376,0,normal,0,nominal
2026-01-01 06:54:00,1,73.635,3.974,23.83,1,1,1420.039,1,145.167,0,normal,0,nominal
2026-01-01 06:54:00,2,58.391,2.442,27.271,1,1,1260.153,1,126.851,0,warning,1,leak_progression
2026-01-01 06:54:00,3,61.64,2.328,28.916,1,1,1130.984,1,115.245,0,normal,0,nominal
2026-01-01 06:55:00,1,74.729,3.718,23.56,1,1,1418.537,1,142.156,0,normal,0,nominal
2026-01-01 06:55:00,2,58.295,2.256,27.32,1,1,1247.131,1,124.059,0,warning,1,leak_progression
2026-01-01 06:55:00,3,61.103,2.081,28.834,1,1,1131.943,1,112.448,0,normal,0,nominal
2026-01-01 06:56:00,1,73.414,3.451,24.033,1,1,1430.357,1,139.536,0,normal,0,nominal
2026-01-01 06:56:00,2,57.993,2.521,27.76,1,1,1266.338,1,128.066,0,warning,1,leak_progression
2026-01-01 06:56:00,3,61.09,2.105,28.862,1,1,1116.766,1,112.146,0,normal,0,nominal
2026-01-01 06:57:00,1,73.064,3.495,23.414,1,1,1427.581,1,139.94,0,normal,0,nominal
2026-01-01 06:57:00,2,57.892,2.594,27.775,1,1,1245.11,1,128.154,0,warning,1,leak_progression
2026-01-01 06:57:00,3,61.245,2.017,28.799,1,1,1125.72,1,111.474,0,normal,0,nominal
2026-01-01 06:58:00,1,73.843,3.476,23.535,1,1,1414.061,1,139.204,0,normal,0,nominal
2026-01-01 06:58:00,2,58.174,2.952,27.616,1,1,1234.187,1,132.155,0,warning,1,leak_progression
2026-01-01 06:58:00,3,61.157,1.807,28.368,1,1,1123.528,1,108.979,0,normal,0,nominal
2026-01-01 06:59:00,1,73.204,3.453,23.593,1,1,1435.907,1,139.769,0,normal,0,nominal
2026-01-01 06:59:00,2,57.128,2.36,27.869,1,1,1233.384,1,124.824,0,warning,1,leak_progression
2026-01-01 06:59:00,3,60.466,1.931,28.403,1,1,1105.175,1,109.7,0,normal,0,nominal
2026-01-01 07:00:00,1,71.915,3.57,23.29,1,1,1423.06,1,140.631,0,normal,0,nominal
2026-01-01 07:00:00,2,56.056,2.762,27.537,1,1,1233.279,1,129.78,0,warning,1,leak_progression
2026-01-01 07:00:00,3,60.767,2.177,28.872,1,1,1099.429,1,112.317,0,normal,0,nominal
2026-01-01 07:01:00,1,72.389,3.63,23.874,1,1,1427.095,1,141.48,0,normal,0,nominal
2026-01-01 07:01:00,2,57.737,2.26,28.003,1,1,1246.935,1,124.105,0,warning,1,leak_progression
2026-01-01 07:01:00,3,60.976,2.339,29.009,1,1,1120.663,1,114.982,0,normal,0,nominal
2026-01-01 07:02:00,1,71.173,3.79,23.449,1,1,1439.891,1,143.799,0,normal,0,nominal
2026-01-01 07:02:00,2,58.218,1.941,28.109,1,1,1229.082,1,119.135,0,warning,1,leak_progression
2026-01-01 07:02:00,3,62.292,2.268,29.018,1,1,1115.001,1,113.957,0,normal,0,nominal
2026-01-01 07:03:00,1,71.675,3.978,23.284,1,1,1452.755,1,146.446,0,normal,0,nominal
2026-01-01 07:03:00,2,57.933,2.615,28.249,1,1,1233.768,1,127.174,0,normal,1,leak_progression
2026-01-01 07:03:00,3,61.148,2.286,28.979,1,1,1117.125,1,114.236,0,normal,0,nominal
2026-01-01 07:04:00,1,72.097,3.663,23.748,1,1,1421.106,1,141.628,0,normal,0,nominal
2026-01-01 07:04:00,2,59.02,2.923,27.929,1,1,1262.044,1,131.581,0,normal,1,leak_progression
2026-01-01 07:04:00,3,59.537,2.357,28.943,1,1,1129.804,1,115.536,0,normal,0,nominal
2026-01-01 07:05:00,1,72.781,3.894,23.827,1,1,1428.429,1,144.557,0,normal,0,nominal
2026-01-01 07:05:00,2,60.591,3.045,27.685,1,1,1238.092,1,131.725,0,normal,1,leak_progression
2026-01-01 07:05:00,3,59.54,2.133,28.852,1,1,1136.909,1,113.229,0,normal,0,nominal
2026-01-01 07:06:00,1,74.037,4.069,23.723,1,1,1432.299,1,146.718,0,normal,0,nominal
2026-01-01 07:06:00,2,60.64,3.047,27.586,1,1,1262.954,1,132.272,0,normal,1,leak_progression
2026-01-01 07:06:00,3,61.971,2.209,28.976,1,1,1130.619,1,113.867,0,normal,0,nominal
2026-01-01 07:07:00,1,74.302,4.193,23.839,1,1,1417.678,1,147.593,0,normal,0,nominal
2026-01-01 07:07:00,2,62.522,3.078,27.149,1,1,1267.861,1,132.408,0,normal,0,leak_progression
2026-01-01 07:07:00,3,59.872,2.082,28.965,1,1,1118.395,1,111.946,0,normal,0,nominal
2026-01-01 07:08:00,1,75.282,3.902,23.854,1,1,1416.909,1,144.211,0,normal,0,nominal
2026-01-01 07:08:00,2,62.212,2.714,27.185,1,1,1280.491,1,128.135,0,normal,0,leak_progression
2026-01-01 07:08:00,3,59.734,2.426,29.152,1,1,1128.559,1,116.287,0,normal,0,nominal
2026-01-01 07:09:00,1,75.353,3.714,23.773,1,1,1408.186,1,141.725,0,normal,0,nominal
2026-01-01 07:09:00,2,62.364,2.749,27.104,1,1,1249.089,1,126.962,0,normal,0,leak_progression
2026-01-01 07:09:00,3,59.971,2.239,29.13,1,1,1140.989,1,114.606,0,normal,0,nominal
2026-01-01 07:10:00,1,74.33,3.178,23.603,1,1,1415.758,1,135.849,0,normal,0,nominal
2026-01-01 07:10:00,2,62.764,2.944,27.043,1,1,1245.418,1,128.716,0,normal,0,leak_progression
2026-01-01 07:10:00,3,59.522,2.419,28.985,1,1,1123.487,1,116.01,0,normal,0,nominal
2026-01-01 07:11:00,1,72.914,3.296,23.549,1,1,1408.458,1,136.923,0,normal,0,nominal
2026-01-01 07:11:00,2,62.442,2.82,26.782,1,1,1239.401,1,126.702,0,normal,0,leak_progression
2026-01-01 07:11:00,3,59.332,2.503,28.969,1,1,1113.932,1,116.618,0,normal,0,nominal
2026-01-01 07:12:00,1,74.41,3.641,23.275,1,1,1423.821,1,141.478,0,normal,0,nominal
2026-01-01 07:12:00,2,62.702,2.612,26.84,1,1,1234.463,1,124.075,0,normal,0,leak_progression
2026-01-01 07:12:00,3,61.468,2.496,29.125,1,1,1104.959,1,116.193,0,normal,0,nominal
2026-01-01 07:13:00,1,73.193,4.015,23.838,1,1,1425.106,1,145.83,0,normal,0,nominal
2026-01-01 07:13:00,2,62.405,2.764,26.985,1,1,1234.199,1,125.847,0,normal,0,leak_progression
2026-01-01 07:13:00,3,60.959,2.509,29.12,1,1,1112.9,1,116.646,0,normal,0,nominal
2026-01-01 07:14:00,1,73.543,3.852,23.819,1,1,1435.406,1,144.345,0,normal,0,nominal
2026-01-01 07:14:00,2,62.584,2.697,27.122,1,1,1214.662,1,124.314,0,normal,0,leak_progression
2026-01-01 07:14:00,3,60.702,2.38,28.739,1,1,1103.691,1,114.809,0,normal,0,nominal
2026-01-01 07:15:00,1,72.416,3.996,23.684,1,1,1428.061,1,145.723,0,normal,0,nominal
2026-01-01 07:15:00,2,62.678,2.822,27.213,1,1,1233.8,1,126.512,0,normal,0,leak_progression
2026-01-01 07:15:00,3,60.396,2.43,28.207,1,1,1114.708,1,115.806,0,normal,0,nominal
2026-01-01 07:16:00,1,72.475,3.569,23.582,1,1,1435.952,1,141.107,0,normal,0,nominal
2026-01-01 07:16:00,2,62.928,2.877,27.331,1,1,1272.257,1,128.622,0,normal,0,leak_progression
2026-01-01 07:16:00,3,59.056,2.56,28.425,1,1,1104.036,1,116.899,0,normal,0,nominal
2026-01-01 07:17:00,1,73.852,3.362,23.591,1,1,1412.758,1,137.844,0,normal,0,nominal
2026-01-01 07:17:00,2,63.12,2.807,27.243,1,1,1252.471,1,127.043,0,normal,0,leak_progression
2026-01-01 07:17:00,3,60.194,2.097,28.46,1,1,1106.877,1,111.681,0,normal,0,nominal
2026-01-01 07:18:00,1,74.29,3.755,23.627,1,1,1430.123,1,143.022,0,normal,0,nominal
2026-01-01 07:18:00,2,64.361,3.334,27.273,1,1,1259.636,1,133.503,0,normal,0,leak_progression
2026-01-01 07:18:00,3,60.96,2.029,28.837,1,1,1131.359,1,111.826,0,normal,0,nominal
2026-01-01 07:19:00,1,73.149,3.663,23.839,1,1,1431.046,1,142.01,0,normal,0,nominal
2026-01-01 07:19:00,2,62.418,3.016,27.166,1,1,1265.813,1,130.001,0,normal,0,leak_progression
2026-01-01 07:19:00,3,60.287,2.169,28.869,1,1,1131.369,1,113.434,0,normal,0,nominal
2026-01-01 07:20:00,1,72.519,3.551,23.912,1,1,1424.061,1,140.447,0,normal,0,nominal
2026-01-01 07:20:00,2,64.294,2.74,26.838,1,1,1263.674,1,126.684,0,normal,0,leak_progression
2026-01-01 07:20:00,3,60.757,2.17,28.791,1,1,1148.097,1,114.08,0,normal,0,nominal
2026-01-01 07:21:00,1,72.8,4.056,23.899,1,1,1414.796,1,145.903,0,normal,0,nominal
2026-01-01 07:21:00,2,64.527,3.206,26.841,1,1,1238.639,1,131.2,0,normal,0,leak_progression
2026-01-01 07:21:00,3,60.604,2.818,29.026,1,1,1111.957,1,120.166,0,normal,0,nominal
2026-01-01 07:22:00,1,72.853,3.524,24.115,1,1,1447.344,1,141.03,0,normal,0,nominal
2026-01-01 07:22:00,2,64.422,2.763,27.33,1,1,1242.447,1,126.146,0,normal,0,leak_progression
2026-01-01 07:22:00,3,62.162,2.951,28.895,1,1,1087.064,1,120.743,0,normal,0,nominal
2026-01-01 07:23:00,1,72.414,3.503,23.715,1,1,1457.663,1,141.175,0,normal,0,nominal
2026-01-01 07:23:00,2,63.619,3.016,27.537,1,1,1250.01,1,129.409,0,normal,0,leak_progression
2026-01-01 07:23:00,3,62.883,2.946,29.075,1,1,1107.849,1,121.477,0,normal,0,nominal
2026-01-01 07:24:00,1,72.079,3.669,23.647,1,1,1423.301,1,141.78,0,normal,0,nominal
2026-01-01 07:24:00,2,64.038,2.454,27.812,1,1,1251.839,1,122.879,0,normal,0,leak_progression
2026-01-01 07:24:00,3,61.88,2.671,29.023,1,1,1093.826,1,117.786,0,normal,0,nominal
2026-01-01 07:25:00,1,74.184,3.68,23.405,1,1,1445.335,1,142.742,0,normal,0,nominal
2026-01-01 07:25:00,2,63.584,2.782,27.276,1,1,1247.904,1,126.585,0,normal,0,leak_progression
2026-01-01 07:25:00,3,62.025,2.715,29.256,1,1,1095.964,1,118.364,0,normal,0,nominal
2026-01-01 07:26:00,1,74.691,4.023,23.225,1,1,1433.288,1,146.228,0,normal,0,nominal
2026-01-01 07:26:00,2,62.596,2.897,27.301,1,1,1247.078,1,127.899,0,normal,0,leak_progression
2026-01-01 07:26:00,3,60.787,2.778,29.394,1,1,1124.883,1,120.189,0,normal,0,nominal
2026-01-01 07:27:00,1,74.564,3.936,23.103,1,1,1433.77,1,145.249,0,normal,0,nominal
2026-01-01 07:27:00,2,63.017,2.853,27.148,1,1,1250.502,1,127.513,0,normal,0,leak_progression
2026-01-01 07:27:00,3,61.023,2.326,29.145,1,1,1112.972,1,114.547,0,normal,0,nominal
2026-01-01 07:28:00,1,74.597,3.513,23.36,1,1,1428.444,1,140.176,0,normal,0,nominal
2026-01-01 07:28:00,2,63.977,2.582,27.147,1,1,1249.901,1,124.309,0,normal,0,leak_progression
2026-01-01 07:28:00,3,61.171,2.286,29.264,1,1,1119.746,1,114.343,0,normal,0,nominal
2026-01-01 07:29:00,1,73.73,3.647,23.744,1,1,1436.604,1,142.028,0,normal,0,nominal
2026-01-01 07:29:00,2,64.329,2.574,27.02,1,1,1240.778,1,123.871,0,normal,0,leak_progression
2026-01-01 07:29:00,3,61.207,2.368,28.968,1,1,1132.629,1,115.776,0,normal,0,nominal
2026-01-01 07:30:00,1,73.981,3.911,24.047,1,1,1439.428,1,145.175,0,normal,0,nominal
2026-01-01 07:30:00,2,64.012,2.903,26.759,1,1,1269.03,1,128.802,0,normal,0,leak_progression
2026-01-01 07:30:00,3,61.092,2.252,29.092,1,1,1105.69,1,113.412,0,normal,0,nominal
2026-01-01 07:31:00,1,74.706,3.664,24.077,1,1,1429.07,1,141.936,0,normal,0,nominal
2026-01-01 07:31:00,2,63.245,2.797,26.764,1,1,1250.403,1,126.849,0,normal,0,leak_progression
2026-01-01 07:31:00,3,61.562,2.487,29.062,1,1,1124.966,1,116.844,0,normal,0,nominal
2026-01-01 07:32:00,1,73.767,2.998,23.985,1,1,1412.203,1,133.637,0,normal,0,nominal
2026-01-01 07:32:00,2,64.052,3.021,26.782,1,1,1248.753,1,129.422,0,normal,0,leak_progression
2026-01-01 07:32:00,3,59.58,2.609,29.418,1,1,1114.215,1,117.84,0,normal,0,nominal
2026-01-01 07:33:00,1,74.084,3.287,23.432,1,1,1422.689,1,137.366,0,normal,0,nominal
2026-01-01 07:33:00,2,63.894,3.117,26.862,1,1,1269.115,1,131.314,0,normal,0,leak_progression
2026-01-01 07:33:00,3,60.441,2.104,29.647,1,1,1085.585,1,110.95,0,normal,0,nominal
2026-01-01 07:34:00,1,74.612,3.281,23.594,1,1,1436.373,1,137.809,0,normal,0,nominal
2026-01-01 07:34:00,2,63.19,3.356,27.158,1,1,1268.5,1,134.095,0,normal,0,leak_progression
2026-01-01 07:34:00,3,61.102,2.543,29.329,1,1,1097.468,1,116.445,0,normal,0,nominal
2026-01-01 07:35:00,1,75.265,3.921,23.874,1,1,1442.256,1,145.396,0,normal,0,nominal
2026-01-01 07:35:00,2,62.895,3.152,27.263,1,1,1267.683,1,131.67,0,normal,0,leak_progression
2026-01-01 07:35:00,3,60.369,2.367,28.854,1,1,1110.266,1,114.908,0,normal,0,nominal
2026-01-01 07:36:00,1,75.008,3.982,23.856,1,1,1437.168,1,145.91,0,normal,0,nominal
2026-01-01 07:36:00,2,62.96,2.614,26.764,1,1,1240.232,1,124.319,0,normal,0,leak_progression
2026-01-01 07:36:00,3,60.612,2.214,28.677,1,1,1100.259,1,112.773,0,normal,0,nominal
2026-01-01 07:37:00,1,74.811,4.078,23.753,1,1,1440.839,1,147.152,0,normal,0,nominal
2026-01-01 07:37:00,2,62.999,3.089,27.008,1,1,1242.084,1,129.959,0,normal,0,leak_progression
2026-01-01 07:37:00,3,61.481,2.423,28.794,1,1,1123.068,1,116.036,0,normal,0,nominal
2026-01-01 07:38:00,1,74.036,3.749,23.895,1,1,1403.821,1,141.964,0,normal,0,nominal
2026-01-01 07:38:00,2,63.603,3.331,26.887,1,1,1263.955,1,133.634,0,normal,0,leak_progression
2026-01-01 07:38:00,3,61.479,2.484,29.08,1,1,1111.289,1,116.291,0,normal,0,nominal
2026-01-01 07:39:00,1,75.55,3.879,23.75,1,1,1394.716,1,143.106,0,normal,0,nominal
2026-01-01 07:39:00,2,63.994,3.16,26.728,1,1,1290.678,1,132.64,0,normal,0,leak_progression
2026-01-01 07:39:00,3,60.371,2.503,29.214,1,1,1122.994,1,116.957,0,normal,0,nominal
2026-01-01 07:40:00,1,73.046,3.773,23.883,1,1,1422.289,1,142.933,0,normal,0,nominal
2026-01-01 07:40:00,2,65.511,3.083,26.688,1,1,1286.705,1,131.59,0,normal,0,leak_progression
2026-01-01 07:40:00,3,59.818,2.387,29.716,1,1,1114.384,1,115.295,0,normal,0,nominal
2026-01-01 07:41:00,1,72.322,3.901,23.624,1,1,1418.315,1,144.255,0,normal,0,nominal
2026-01-01 07:41:00,2,64.544,3.426,26.743,1,1,1279.83,1,135.349,0,normal,0,leak_progression
2026-01-01 07:41:00,3,60.411,2.125,29.473,1,1,1089.833,1,111.355,0,normal,0,nominal
2026-01-01 07:42:00,1,72.567,4.12,23.816,1,1,1408.096,1,146.386,0,normal,0,nominal
2026-01-01 07:42:00,2,64.4,3.146,27.15,1,1,1260.155,1,131.321,0,normal,0,leak_progression
2026-01-01 07:42:00,3,59.938,2.066,29.141,1,1,1099.488,1,111.035,0,normal,0,nominal
2026-01-01 07:43:00,1,73.097,3.968,23.956,1,1,1414.039,1,144.864,0,normal,0,nominal
2026-01-01 07:43:00,2,64.858,2.829,27.091,1,1,1255.622,1,127.421,0,normal,0,leak_progression
2026-01-01 07:43:00,3,59.717,2.14,29.356,1,1,1120.978,1,112.703,0,normal,0,nominal
2026-01-01 07:44:00,1,73.377,4.339,23.811,1,1,1423.729,1,149.504,0,normal,0,nominal
2026-01-01 07:44:00,2,63.669,2.789,26.916,1,1,1248.784,1,126.69,0,normal,0,leak_progression
2026-01-01 07:44:00,3,60.69,2.222,29.088,1,1,1114.017,1,113.386,0,normal,0,nominal
2026-01-01 07:45:00,1,73.304,4.222,23.918,1,1,1422.614,1,148.109,0,normal,0,nominal
2026-01-01 07:45:00,2,64.136,2.721,26.562,1,1,1281.937,1,127.158,0,normal,0,leak_progression
2026-01-01 07:45:00,3,59.922,2.512,28.909,1,1,1134.43,1,117.493,0,normal,0,nominal
2026-01-01 07:46:00,1,74.108,3.757,23.769,1,1,1403.198,1,142.032,0,normal,0,nominal
2026-01-01 07:46:00,2,64.573,2.948,26.627,1,1,1288.398,1,130.071,0,normal,0,leak_progression
2026-01-01 07:46:00,3,60.015,2.522,28.985,1,1,1121.776,1,117.127,0,normal,0,nominal
2026-01-01 07:47:00,1,73.549,4.008,23.91,1,1,1419.19,1,145.519,0,normal,0,nominal
2026-01-01 07:47:00,2,63.551,3.054,26.599,1,1,1278.544,1,130.937,0,normal,0,leak_progression
2026-01-01 07:47:00,3,59.605,2.053,28.751,1,1,1134.85,1,112.23,0,normal,0,nominal
2026-01-01 07:48:00,1,74.014,3.826,24.188,1,1,1406.667,1,142.958,0,normal,0,nominal
2026-01-01 07:48:00,2,63.078,3.031,26.953,1,1,1264.79,1,130.141,0,normal,0,leak_progression
2026-01-01 07:48:00,3,61.117,2.499,28.584,1,1,1115.066,1,116.61,0,normal,0,nominal
2026-01-01 07:49:00,1,73.124,3.391,23.864,1,1,1414.127,1,138.234,0,normal,0,nominal
2026-01-01 07:49:00,2,64.153,2.836,26.738,1,1,1281.353,1,128.485,0,normal,0,leak_progression
2026-01-01 07:49:00,3,60.085,2.318,28.3,1,1,1127.937,1,115.019,0,normal,0,nominal
2026-01-01 07:50:00,1,73.209,3.55,24.365,1,1,1411.863,1,139.972,0,normal,0,nominal
2026-01-01 07:50:00,2,62.896,3.102,26.972,1,1,1263.294,1,130.918,0,normal,0,leak_progression
2026-01-01 07:50:00,3,61.415,2.303,28.369,1,1,1129.72,1,114.918,0,normal,0,nominal
2026-01-01 07:51:00,1,70.757,3.426,24.071,1,1,1392.016,1,137.797,0,normal,0,nominal
2026-01-01 07:51:00,2,62.62,2.637,27.034,1,1,1240.644,1,124.603,0,normal,0,leak_progression
2026-01-01 07:51:00,3,59.606,2.34,28.583,1,1,1133.399,1,115.475,0,normal,0,nominal
2026-01-01 07:52:00,1,69.18,2.898,23.874,1,1,1394.256,1,131.807,0,normal,0,nominal
2026-01-01 07:52:00,2,63.88,2.706,27.109,1,1,1242.552,1,125.489,0,normal,0,leak_progression
2026-01-01 07:52:00,3,61.061,2.262,28.633,1,1,1134.432,1,114.626,0,normal,0,nominal
2026-01-01 07:53:00,1,73.24,3.319,24.014,1,1,1393.225,1,136.613,0,normal,0,nominal
2026-01-01 07:53:00,2,63.796,2.878,27.112,1,1,1224.591,1,126.818,0,normal,0,leak_progression
2026-01-01 07:53:00,3,60.535,2.325,28.285,1,1,1140.312,1,115.567,0,normal,0,nominal
2026-01-01 07:54:00,1,73.788,3.602,23.654,1,1,1405.254,1,140.328,0,normal,0,nominal
2026-01-01 07:54:00,2,62.635,2.644,27.016,1,1,1236.069,1,124.516,0,normal,0,leak_progression
2026-01-01 07:54:00,3,59.993,2.793,28.594,1,1,1115.787,1,120.025,0,normal,0,nominal
2026-01-01 07:55:00,1,75.711,3.639,23.797,1,1,1416.768,1,141.184,0,normal,0,nominal
2026-01-01 07:55:00,2,62.992,2.632,26.724,1,1,1237.426,1,124.417,0,normal,0,leak_progression
2026-01-01 07:55:00,3,60.27,2.372,28.718,1,1,1119.328,1,115.311,0,normal,0,nominal
2026-01-01 07:56:00,1,74.885,3.777,23.713,1,1,1414.843,1,142.698,0,normal,0,nominal
2026-01-01 07:56:00,2,63.766,2.946,27.074,1,1,1259.947,1,128.967,0,normal,0,leak_progression
2026-01-01 07:56:00,3,59.554,2.491,28.808,1,1,1123.215,1,116.833,0,normal,0,nominal
2026-01-01 07:57:00,1,73.339,3.884,23.739,1,1,1418.916,1,144.088,0,normal,0,nominal
2026-01-01 07:57:00,2,63.666,2.823,26.906,1,1,1272.38,1,127.991,0,normal,0,leak_progression
2026-01-01 07:57:00,3,59.591,2.26,28.745,1,1,1103.505,1,113.426,0,normal,0,nominal
2026-01-01 07:58:00,1,74.177,4.137,23.909,1,1,1427.954,1,147.338,0,normal,0,nominal
2026-01-01 07:58:00,2,63.733,2.654,26.885,1,1,1266.962,1,125.796,0,normal,0,leak_progression
2026-01-01 07:58:00,3,59.114,2.534,29.051,1,1,1112.544,1,116.919,0,normal,0,nominal
2026-01-01 07:59:00,1,74.476,3.954,23.439,1,1,1419.848,1,144.92,0,normal,0,nominal
2026-01-01 07:59:00,2,63.525,3.067,26.92,1,1,1271.371,1,130.819,0,normal,0,leak_progression
2026-01-01 07:59:00,3,59.752,2.641,28.717,1,1,1120.384,1,118.449,0,normal,0,nominal
2026-01-01 06:00:00,1,74.025,3.606,23.631,1,1,1404.256,1,140.329,0,normal,0,nominal
2026-01-01 06:00:00,2,67.142,2.591,25.92,1,1,1241.638,1,122.473,0,normal,0,nominal
2026-01-01 06:00:00,3,61.213,2.233,28.813,1,1,1120.755,1,113.774,0,normal,0,nominal
2026-01-01 06:01:00,1,74.709,3.553,23.919,1,1,1414.439,1,140.109,0,normal,0,nominal
2026-01-01 06:01:00,2,65.637,2.641,25.892,1,1,1236.0,1,122.84,0,normal,0,nominal
2026-01-01 06:01:00,3,61.34,2.118,28.854,1,1,1112.635,1,112.137,0,normal,0,nominal
2026-01-01 06:02:00,1,73.515,3.352,23.888,1,1,1425.069,1,138.2,0,normal,0,nominal
2026-01-01 06:02:00,2,66.844,2.886,26.221,1,1,1234.211,1,125.594,0,normal,0,nominal
2026-01-01 06:02:00,3,60.685,2.086,29.161,1,1,1120.857,1,112.08,0,normal,0,nominal
2026-01-01 06:03:00,1,73.001,3.427,24.191,1,1,1424.517,1,139.046,0,normal,0,nominal
2026-01-01 06:03:00,2,66.294,3.072,26.364,1,1,1264.702,1,128.89,0,normal,0,nominal
2026-01-01 06:03:00,3,59.514,2.194,28.946,1,1,1126.598,1,113.543,0,normal,0,nominal
2026-01-01 06:04:00,1,73.663,3.764,23.915,1,1,1437.479,1,143.41,0,normal,0,nominal
2026-01-01 06:04:00,2,66.601,2.457,26.329,1,1,1269.486,1,121.995,0,normal,0,nominal
2026-01-01 06:04:00,3,60.332,2.206,28.936,1,1,1120.911,1,113.467,0,normal,0,nominal
2026-01-01 06:05:00,1,72.93,3.573,23.696,1,1,1440.478,1,141.325,0,normal,0,nominal
2026-01-01 06:05:00,2,67.698,2.479,26.155,1,1,1271.993,1,122.339,0,normal,0,nominal
2026-01-01 06:05:00,3,60.956,2.454,28.545,1,1,1134.14,1,116.818,0,normal,0,nominal
2026-01-01 06:06:00,1,72.312,3.968,23.747,1,1,1432.265,1,145.552,0,normal,0,nominal
2026-01-01 06:06:00,2,67.945,2.549,26.291,1,1,1250.963,1,122.346,0,normal,0,nominal
2026-01-01 06:06:00,3,62.421,2.304,28.616,1,1,1121.046,1,114.595,0,normal,0,nominal
2026-01-01 06:07:00,1,72.503,3.716,23.228,1,1,1441.84,1,143.023,0,normal,0,nominal
2026-01-01 06:07:00,2,68.125,2.334,25.937,1,1,1252.056,1,119.924,0,normal,0,nominal
2026-01-01 06:07:00,3,61.586,2.05,28.809,1,1,1116.128,1,111.486,0,normal,0,nominal
2026-01-01 06:08:00,1,72.691,3.732,23.248,1,1,1449.504,1,143.498,0,normal,0,nominal
2026-01-01 06:08:00,2,68.511,2.709,26.067,1,1,1249.116,1,124.124,0,normal,0,nominal
2026-01-01 06:08:00,3,60.475,1.988,28.526,1,1,1110.148,1,110.547,0,normal,0,nominal
2026-01-01 06:09:00,1,76.531,3.559,23.418,1,1,1437.498,1,141.054,0,normal,0,nominal
2026-01-01 06:09:00,2,66.786,2.912,26.079,1,1,1265.08,1,127.057,0,normal,0,nominal
2026-01-01 06:09:00,3,60.882,2.388,28.842,1,1,1130.625,1,115.931,0,normal,0,nominal
2026-01-01 06:10:00,1,76.307,3.521,23.576,1,1,1427.813,1,140.245,0,normal,0,nominal
2026-01-01 06:10:00,2,67.701,3.164,25.968,1,1,1271.066,1,130.192,0,normal,0,nominal
2026-01-01 06:10:00,3,60.835,2.428,28.713,1,1,1122.232,1,116.07,0,normal,0,nominal
2026-01-01 06:11:00,1,74.692,3.689,23.554,1,1,1427.049,1,142.147,0,normal,0,nominal
2026-01-01 06:11:00,2,66.953,2.603,26.331,1,1,1281.354,1,124.13,0,normal,0,nominal
2026-01-01 06:11:00,3,59.338,2.504,28.908,1,1,1139.949,1,117.618,0,normal,0,nominal
2026-01-01 06:12:00,1,73.203,3.681,23.416,1,1,1422.947,1,141.902,0,normal,0,nominal
2026-01-01 06:12:00,2,67.22,2.768,26.285,1,1,1255.273,1,125.033,0,normal,0,nominal
2026-01-01 06:12:00,3,60.575,2.425,29.226,1,1,1130.935,1,116.367,0,normal,0,nominal
2026-01-01 06:13:00,1,72.828,3.301,23.487,1,1,1407.373,1,136.946,0,normal,0,nominal
2026-01-01 06:13:00,2,67.35,2.937,26.414,1,1,1255.642,1,126.992,0,normal,0,nominal
2026-01-01 06:13:00,3,59.749,2.252,28.684,1,1,1124.334,1,114.123,0,normal,0,nominal
2026-01-01 06:14:00,1,73.846,3.776,23.353,1,1,1406.474,1,142.372,0,normal,0,nominal
2026-01-01 06:14:00,2,67.916,3.068,26.459,1,1,1259.173,1,128.629,0,normal,0,nominal
2026-01-01 06:14:00,3,60.602,2.409,28.86,1,1,1114.759,1,115.562,0,normal,0,nominal
2026-01-01 06:15:00,1,73.674,3.902,23.531,1,1,1423.74,1,144.476,0,normal,0,nominal
2026-01-01 06:15:00,2,67.482,2.511,26.047,1,1,1251.67,1,121.943,0,normal,0,nominal
2026-01-01 06:15:00,3,59.652,2.07,28.672,1,1,1093.907,1,110.87,0,normal,0,nominal
2026-01-01 06:16:00,1,74.213,3.902,23.452,1,1,1432.486,1,144.809,0,normal,0,nominal
2026-01-01 06:16:00,2,67.393,2.592,26.17,1,1,1251.765,1,122.878,0,normal,0,nominal
2026-01-01 06:16:00,3,61.497,2.079,28.45,1,1,1097.92,1,111.13,0,normal,0,nominal
2026-01-01 06:17:00,1,73.046,3.857,23.575,1,1,1423.641,1,143.955,0,normal,0,nominal
2026-01-01 06:17:00,2,70.579,3.043,26.298,1,1,1231.057,1,127.273,0,normal,0,nominal
2026-01-01 06:17:00,3,61.465,2.533,28.417,1,1,1114.68,1,116.989,0,normal,0,nominal
2026-01-01 06:18:00,1,73.55,3.72,23.84,1,1,1427.714,1,142.536,0,normal,0,nominal
2026-01-01 06:18:00,2,70.068,2.943,26.233,1,1,1254.299,1,127.011,0,normal,0,nominal
2026-01-01 06:18:00,3,61.019,2.301,28.503,1,1,1089.965,1,113.375,0,normal,0,nominal
2026-01-01 06:19:00,1,73.687,3.566,24.009,1,1,1423.429,1,140.604,0,normal,0,nominal
2026-01-01 06:19:00,2,69.666,2.577,26.299,1,1,1243.963,1,122.41,0,normal,0,nominal
2026-01-01 06:19:00,3,61.721,2.162,28.777,1,1,1116.876,1,112.806,0,normal,0,nominal
2026-01-01 06:20:00,1,74.253,3.443,23.936,1,1,1413.567,1,138.808,0,normal,0,nominal
2026-01-01 06:20:00,2,67.03,2.549,26.097,1,1,1243.178,1,122.057,0,normal,0,nominal
2026-01-01 06:20:00,3,60.877,2.203,28.696,1,1,1117.826,1,113.314,0,normal,0,nominal
2026-01-01 06:21:00,1,73.874,3.935,23.931,1,1,1425.494,1,144.917,0,normal,0,nominal
2026-01-01 06:21:00,2,67.107,2.788,26.441,1,1,1258.557,1,125.389,0,normal,0,nominal
2026-01-01 06:21:00,3,61.579,2.43,28.861,1,1,1122.556,1,116.102,0,normal,0,nominal
2026-01-01 06:22:00,1,73.512,3.501,23.752,1,1,1415.063,1,139.535,0,normal,0,nominal
2026-01-01 06:22:00,2,66.543,2.658,26.637,1,1,1230.32,1,122.814,0,normal,0,nominal
2026-01-01 06:22:00,3,60.752,2.301,28.945,1,1,1112.704,1,114.244,0,normal,0,nominal
2026-01-01 06:23:00,1,75.138,3.424,23.793,1,1,1426.353,1,139.077,0,normal,0,nominal
2026-01-01 06:23:00,2,66.733,3.046,26.737,1,1,1237.126,1,127.535,0,normal,0,nominal
2026-01-01 06:23:00,3,61.25,2.062,28.863,1,1,1117.676,1,111.679,0,normal,0,nominal
2026-01-01 06:24:00,1,74.899,4.224,23.814,1,1,1424.434,1,148.202,0,normal,0,nominal
2026-01-01 06:24:00,2,66.143,2.659,26.319,1,1,1232.048,1,122.901,0,normal,0,nominal
2026-01-01 06:24:00,3,59.352,1.833,28.811,1,1,1127.214,1,109.418,0,normal,0,nominal
2026-01-01 06:25:00,1,74.86,3.696,23.686,1,1,1418.328,1,141.902,0,normal,0,nominal
2026-01-01 06:25:00,2,65.478,2.711,26.387,1,1,1247.79,1,124.092,0,normal,0,nominal
2026-01-01 06:25:00,3,58.435,2.117,29.222,1,1,1102.536,1,111.748,0,normal,0,nominal
2026-01-01 06:26:00,1,74.215,3.966,23.917,1,1,1421.721,1,145.129,0,normal,0,nominal
2026-01-01 06:26:00,2,64.883,3.074,26.613,1,1,1254.391,1,128.513,0,normal,0,nominal
2026-01-01 06:26:00,3,58.564,2.295,28.995,1,1,1103.804,1,113.836,0,normal,0,nominal
2026-01-01 06:27:00,1,74.505,3.717,24.297,1,1,1435.335,1,142.784,0,normal,0,nominal
2026-01-01 06:27:00,2,65.918,3.352,26.508,1,1,1252.109,1,131.625,0,normal,0,nominal
2026-01-01 06:27:00,3,59.618,2.324,28.57,1,1,1121.161,1,114.826,0,normal,0,nominal
2026-01-01 06:28:00,1,74.894,4.013,24.057,1,1,1429.304,1,145.964,0,normal,0,nominal
2026-01-01 06:28:00,2,66.258,2.765,26.531,1,1,1252.667,1,124.904,0,normal,0,nominal
2026-01-01 06:28:00,3,60.772,2.347,28.986,1,1,1095.939,1,114.136,0,normal,0,nominal
2026-01-01 06:29:00,1,74.625,3.941,23.966,1,1,1435.956,1,145.393,0,normal,0,nominal
2026-01-01 06:29:00,2,65.976,2.354,26.35,1,1,1256.187,1,120.308,0,normal,0,nominal
2026-01-01 06:29:00,3,58.927,1.843,28.937,1,1,1112.518,1,108.964,0,normal,0,nominal
2026-01-01 06:30:00,1,74.498,3.484,23.722,1,1,1422.409,1,139.612,0,normal,0,nominal
2026-01-01 06:30:00,2,65.082,2.714,26.634,1,1,1228.362,1,123.387,0,normal,0,nominal
2026-01-01 06:30:00,3,58.711,2.025,28.869,1,1,1118.281,1,111.28,0,normal,0,nominal
2026-01-01 06:31:00,1,74.498,3.372,23.785,1,1,1418.904,1,138.196,0,normal,0,nominal
2026-01-01 06:31:00,2,65.622,2.795,26.711,1,1,1240.281,1,124.773,0,normal,0,nominal
2026-01-01 06:31:00,3,58.727,2.412,28.903,1,1,1096.079,1,114.891,0,normal,0,nominal
2026-01-01 06:32:00,1,74.704,3.553,23.721,1,1,1414.962,1,140.133,0,normal,0,nominal
2026-01-01 06:32:00,2,65.878,2.612,26.59,1,1,1240.266,1,122.672,0,normal,0,nominal
2026-01-01 06:32:00,3,59.562,2.276,29.207,1,1,1076.065,1,112.565,0,normal,0,nominal
2026-01-01 06:33:00,1,74.258,3.509,23.417,1,1,1417.168,1,139.706,0,normal,0,nominal
2026-01-01 06:33:00,2,67.556,2.928,26.419,1,1,1246.408,1,126.534,0,normal,0,nominal
2026-01-01 06:33:00,3,60.832,2.089,28.963,1,1,1109.242,1,111.679,0,normal,0,nominal
2026-01-01 06:34:00,1,73.758,3.66,23.494,1,1,1405.28,1,140.996,0,normal,0,nominal
2026-01-01 06:34:00,2,68.233,3.122,26.24,1,1,1239.16,1,128.488,0,normal,0,nominal
2026-01-01 06:34:00,3,60.87,2.065,28.837,1,1,1119.759,1,111.801,0,normal,0,nominal
2026-01-01 06:35:00,1,72.454,3.636,23.216,1,1,1406.201,1,140.754,0,normal,0,nominal
2026-01-01 06:35:00,2,68.192,2.846,26.279,1,1,1270.681,1,126.513,0,normal,0,nominal
2026-01-01 06:35:00,3,60.739,1.86,29.098,1,1,1142.742,1,110.309,0,normal,0,nominal
2026-01-01 06:36:00,1,74.4,3.875,23.384,1,1,1430.775,1,144.433,0,normal,0,nominal
2026-01-01 06:36:00,2,68.131,3.21,26.247,1,1,1256.761,1,130.495,0,normal,0,leak_progression
2026-01-01 06:36:00,3,61.438,2.071,28.766,1,1,1139.482,1,112.617,0,normal,0,nominal
2026-01-01 06:37:00,1,73.677,3.619,23.596,1,1,1417.051,1,140.962,0,normal,0,nominal
2026-01-01 06:37:00,2,66.703,2.774,26.59,1,1,1266.246,1,126.129,0,normal,0,leak_progression
2026-01-01 06:37:00,3,61.162,2.388,28.839,1,1,1120.191,1,115.532,0,normal,0,nominal
2026-01-01 06:38:00,1,74.429,3.683,24.065,1,1,1426.496,1,142.063,0,normal,0,nominal
2026-01-01 06:38:00,2,66.436,2.444,26.758,1,1,1256.926,1,122.246,0,normal,0,leak_progression
2026-01-01 06:38:00,3,60.908,2.083,29.063,1,1,1118.663,1,111.969,0,normal,0,nominal
2026-01-01 06:39:00,1,72.423,3.935,24.049,1,1,1402.747,1,144.06,0,normal,0,nominal
2026-01-01 06:39:00,2,62.337,2.064,26.62,1,1,1241.969,1,117.538,0,normal,0,leak_progression
2026-01-01 06:39:00,3,60.954,2.186,28.815,1,1,1102.969,1,112.551,0,normal,0,nominal
2026-01-01 06:40:00,1,72.939,4.209,24.485,1,1,1398.384,1,147.043,0,normal,0,nominal
2026-01-01 06:40:00,2,64.052,2.522,26.799,1,1,1257.5,1,123.774,0,normal,0,leak_progression
2026-01-01 06:40:00,3,59.903,2.427,29.031,1,1,1118.43,1,115.909,0,normal,0,nominal
2026-01-01 06:41:00,1,73.947,3.896,23.979,1,1,1411.096,1,143.925,0,normal,0,nominal
2026-01-01 06:41:00,2,64.884,2.837,26.896,1,1,1251.286,1,127.547,0,normal,0,leak_progression
2026-01-01 06:41:00,3,58.673,2.481,28.803,1,1,1086.246,1,115.304,0,normal,0,nominal
2026-01-01 06:42:00,1,74.975,4.025,23.95,1,1,1418.337,1,145.686,0,normal,0,nominal
2026-01-01 06:42:00,2,64.013,2.579,26.769,1,1,1227.023,1,123.884,0,normal,0,leak_progression
2026-01-01 06:42:00,3,60.084,2.65,28.7,1,1,1123.433,1,118.661,0,normal,0,nominal
2026-01-01 06:43:00,1,74.337,3.503,24.184,1,1,1410.775,1,139.394,0,normal,0,nominal
2026-01-01 06:43:00,2,65.484,2.432,26.777,1,1,1243.538,1,123.073,0,normal,0,leak_progression
2026-01-01 06:43:00,3,61.317,2.456,28.683,1,1,1139.201,1,117.034,0,normal,0,nominal
2026-01-01 06:44:00,1,73.823,3.625,24.13,1,1,1416.875,1,141.03,0,normal,0,nominal
2026-01-01 06:44:00,2,64.086,2.896,26.688,1,1,1249.151,1,129.114,0,normal,0,leak_progression
2026-01-01 06:44:00,3,60.604,2.521,28.912,1,1,1127.749,1,117.342,0,normal,0,nominal
2026-01-01 06:45:00,1,74.48,3.505,24.367,1,1,1393.503,1,138.755,0,normal,0,nominal
2026-01-01 06:45:00,2,63.057,3.327,27.083,1,1,1260.26,1,135.002,0,normal,0,leak_progression
2026-01-01 06:45:00,3,61.894,2.19,29.103,1,1,1139.51,1,113.987,0,normal,0,nominal
2026-01-01 06:46:00,1,73.523,3.379,24.228,1,1,1427.144,1,138.594,0,normal,0,nominal
2026-01-01 06:46:00,2,62.428,2.779,27.36,1,1,1257.004,1,128.647,0,normal,0,leak_progression
2026-01-01 06:46:00,3,62.209,2.377,28.941,1,1,1124.849,1,115.585,0,normal,0,nominal
2026-01-01 06:47:00,1,74.03,3.604,23.901,1,1,1429.241,1,141.26,0,normal,0,nominal
2026-01-01 06:47:00,2,61.01,2.602,27.496,1,1,1242.876,1,126.296,0,normal,1,leak_progression
2026-01-01 06:47:00,3,60.221,1.966,28.855,1,1,1119.995,1,110.669,0,normal,0,nominal
2026-01-01 06:48:00,1,73.086,3.523,23.597,1,1,1423.771,1,140.118,0,normal,0,nominal
2026-01-01 06:48:00,2,60.597,3.419,27.566,1,1,1234.664,1,136.167,0,normal,1,leak_progression
2026-01-01 06:48:00,3,60.033,2.476,28.758,1,1,1108.709,1,116.105,0,normal,0,nominal
2026-01-01 06:49:00,1,71.753,3.525,23.739,1,1,1428.662,1,140.332,0,normal,0,nominal
2026-01-01 06:49:00,2,61.688,3.421,27.577,1,1,1263.593,1,137.647,0,normal,1,leak_progression
2026-01-01 06:49:00,3,60.469,2.681,28.541,1,1,1119.489,1,118.872,0,normal,0,nominal
2026-01-01 06:50:00,1,72.371,3.725,23.742,1,1,1457.124,1,143.707,0,normal,0,nominal
2026-01-01 06:50:00,2,61.444,3.119,27.959,1,1,1256.881,1,134.064,0,normal,1,leak_progression
2026-01-01 06:50:00,3,60.011,2.396,28.688,1,1,1108.602,1,115.176,0,normal,0,nominal
2026-01-01 06:51:00,1,73.56,3.85,23.655,1,1,1431.983,1,144.192,0,normal,0,nominal
2026-01-01 06:51:00,2,60.896,2.984,27.902,1,1,1232.392,1,131.812,0,normal,1,leak_progression
2026-01-01 06:51:00,3,60.873,2.575,29.02,1,1,1125.527,1,117.882,0,normal,0,nominal
2026-01-01 06:52:00,1,73.135,4.291,23.924,1,1,1426.071,1,149.04,0,normal,0,nominal
2026-01-01 06:52:00,2,60.299,3.123,27.71,1,1,1235.916,1,133.989,0,warning,1,leak_progression
2026-01-01 06:52:00,3,60.663,2.419,29.021,1,1,1099.078,1,115.08,0,normal,0,nominal
2026-01-01 06:53:00,1,73.419,3.979,24.05,1,1,1429.148,1,145.561,0,normal,0,nominal
2026-01-01 06:53:00,2,59.051,2.858,27.757,1,1,1229.571,1,130.823,0,warning,1,leak_progression
2026-01-01 06:53:00,3,61.369,2.351,28.854,1,1,1106.501,1,114.58,0,normal,0,nominal
2026-01-01 06:54:00,1,74.692,3.728,24.222,1,1,1406.787,1,141.828,0,normal,0,nominal
2026-01-01 06:54:00,2,58.764,2.489,27.637,1,1,1226.852,1,126.162,0,warning,1,leak_progression
2026-01-01 06:54:00,3,60.082,2.626,29.122,1,1,1105.966,1,117.724,0,normal,0,nominal
2026-01-01 06:55:00,1,74.899,3.224,24.212,1,1,1407.862,1,136.07,0,normal,0,nominal
2026-01-01 06:55:00,2,58.258,2.577,27.749,1,1,1245.496,1,127.964,0,warning,1,leak_progression
2026-01-01 06:55:00,3,61.104,2.397,29.085,1,1,1139.237,1,116.359,0,normal,0,nominal
2026-01-01 06:56:00,1,74.661,3.36,24.267,1,1,1431.579,1,138.537,0,normal,0,nominal
2026-01-01 06:56:00,2,59.318,2.689,27.9,1,1,1262.323,1,129.985,0,warning,1,leak_progression
2026-01-01 06:56:00,3,60.516,2.438,28.735,1,1,1125.435,1,116.298,0,normal,0,nominal
2026-01-01 06:57:00,1,75.473,3.374,24.285,1,1,1434.347,1,138.807,0,normal,0,nominal
2026-01-01 06:57:00,2,58.845,2.437,27.927,1,1,1251.373,1,126.455,0,warning,1,leak_progression
2026-01-01 06:57:00,3,60.548,2.581,28.861,1,1,1103.615,1,117.123,0,normal,0,nominal
2026-01-01 06:58:00,1,74.368,3.675,24.314,1,1,1422.555,1,141.815,0,normal,0,nominal
2026-01-01 06:58:00,2,58.554,2.57,28.098,1,1,1252.034,1,128.128,0,warning,1,leak_progression
2026-01-01 06:58:00,3,59.193,2.506,29.028,1,1,1118.725,1,116.828,0,normal,0,nominal
2026-01-01 06:59:00,1,73.435,3.414,24.582,1,1,1431.873,1,139.169,0,normal,0,nominal
2026-01-01 06:59:00,2,59.062,2.442,27.678,1,1,1257.69,1,126.762,0,warning,1,leak_progression
2026-01-01 06:59:00,3,59.727,2.372,29.153,1,1,1086.781,1,114.081,0,normal,0,nominal
2026-01-01 07:00:00,1,73.86,3.486,24.146,1,1,1422.179,1,139.628,0,normal,0,nominal
2026-01-01 07:00:00,2,58.596,2.422,27.91,1,1,1254.061,1,126.375,0,warning,1,leak_progression
2026-01-01 07:00:00,3,60.127,2.411,29.037,1,1,1063.906,1,113.654,0,normal,0,nominal
2026-01-01 07:01:00,1,74.617,3.32,24.32,1,1,1409.488,1,137.24,0,normal,0,nominal
2026-01-01 07:01:00,2,57.499,2.095,27.865,1,1,1254.021,1,122.336,0,warning,1,leak_progression
2026-01-01 07:01:00,3,60.752,2.527,28.904,1,1,1085.564,1,115.814,0,normal,0,nominal
2026-01-01 07:02:00,1,74.648,3.56,23.909,1,1,1414.621,1,140.194,0,normal,0,nominal
2026-01-01 07:02:00,2,57.688,2.296,27.757,1,1,1259.895,1,125.044,0,warning,1,leak_progression
2026-01-01 07:02:00,3,60.992,2.548,28.959,1,1,1104.212,1,116.761,0,normal,0,nominal
2026-01-01 07:03:00,1,73.295,3.495,23.961,1,1,1420.779,1,139.68,0,normal,0,nominal
2026-01-01 07:03:00,2,59.805,2.533,27.645,1,1,1266.506,1,128.213,0,warning,1,leak_progression
2026-01-01 07:03:00,3,61.319,2.349,29.276,1,1,1131.776,1,115.523,0,normal,0,nominal
2026-01-01 07:04:00,1,74.003,3.645,23.934,1,1,1425.105,1,141.575,0,normal,0,nominal
2026-01-01 07:04:00,2,58.313,2.705,27.877,1,1,1271.545,1,130.528,0,warning,1,leak_progression
2026-01-01 07:04:00,3,60.693,2.425,28.753,1,1,1134.515,1,116.503,0,normal,0,nominal
2026-01-01 07:05:00,1,74.87,3.83,23.907,1,1,1436.83,1,144.14,0,normal,0,nominal
2026-01-01 07:05:00,2,58.591,2.915,28.023,1,1,1272.113,1,133.135,0,warning,1,leak_progression
2026-01-01 07:05:00,3,63.569,2.352,28.812,1,1,1132.391,1,115.583,0,normal,0,nominal
2026-01-01 07:06:00,1,73.154,3.096,23.816,1,1,1429.381,1,135.416,0,normal,0,nominal
2026-01-01 07:06:00,2,56.983,2.836,27.96,1,1,1260.803,1,131.736,0,warning,1,leak_progression
2026-01-01 07:06:00,3,61.314,2.29,28.705,1,1,1130.882,1,114.809,0,normal,0,nominal
2026-01-01 07:07:00,1,73.186,3.145,23.958,1,1,1429.78,1,135.995,0,normal,0,nominal
2026-01-01 07:07:00,2,56.807,3.096,27.978,1,1,1257.588,1,134.816,0,warning,1,leak_progression
2026-01-01 07:07:00,3,59.931,2.415,28.734,1,1,1125.321,1,116.031,0,normal,0,nominal
2026-01-01 07:08:00,1,74.464,3.407,23.883,1,1,1424.274,1,138.806,0,normal,0,nominal
2026-01-01 07:08:00,2,59.29,2.144,28.017,1,1,1257.296,1,123.067,0,warning,1,leak_progression
2026-01-01 07:08:00,3,60.538,2.167,29.075,1,1,1119.033,1,112.941,0,normal,0,nominal
2026-01-01 07:09:00,1,72.3,3.68,24.014,1,1,1427.514,1,142.063,0,normal,0,nominal
2026-01-01 07:09:00,2,57.875,2.421,28.289,1,1,1248.844,1,126.163,0,warning,1,leak_progression
2026-01-01 07:09:00,3,61.125,2.271,28.601,1,1,1140.331,1,114.955,0,normal,0,nominal
2026-01-01 07:10:00,1,73.84,3.571,23.902,1,1,1423.753,1,140.671,0,normal,0,nominal
2026-01-01 07:10:00,2,58.782,2.847,27.993,1,1,1232.618,1,130.795,0,warning,1,leak_progression
2026-01-01 07:10:00,3,60.904,2.231,28.523,1,1,1115.81,1,113.556,0,normal,0,nominal
2026-01-01 07:11:00,1,72.033,3.612,23.79,1,1,1416.53,1,140.866,0,normal,0,nominal
2026-01-01 07:11:00,2,58.538,2.867,28.23,1,1,1239.938,1,131.32,0,warning,1,leak_progression
2026-01-01 07:11:00,3,60.561,2.756,28.555,1,1,1109.963,1,119.37,0,normal,0,nominal
2026-01-01 07:12:00,1,73.179,3.382,23.556,1,1,1400.61,1,137.617,0,normal,0,nominal
2026-01-01 07:12:00,2,58.721,2.561,28.242,1,1,1260.507,1,128.333,0,warning,1,leak_progression
2026-01-01 07:12:00,3,61.479,2.668,28.644,1,1,1108.703,1,118.312,0,normal,0,nominal
2026-01-01 07:13:00,1,73.367,3.609,23.57,1,1,1401.993,1,140.278,0,normal,0,nominal
2026-01-01 07:13:00,2,58.37,2.715,27.998,1,1,1265.692,1,130.424,0,warning,1,leak_progression
2026-01-01 07:13:00,3,61.847,2.399,28.67,1,1,1125.19,1,115.848,0,normal,0,nominal
2026-01-01 07:14:00,1,74.415,3.479,23.66,1,1,1396.63,1,138.58,0,normal,0,nominal
2026-01-01 07:14:00,2,58.777,2.752,27.995,1,1,1254.846,1,130.467,0,warning,1,leak_progression
2026-01-01 07:14:00,3,61.604,2.58,28.566,1,1,1128.114,1,118.035,0,normal,0,nominal
2026-01-01 07:15:00,1,74.159,3.639,23.713,1,1,1431.247,1,141.732,0,normal,0,nominal
2026-01-01 07:15:00,2,58.938,2.382,27.748,1,1,1259.399,1,126.083,0,warning,1,leak_progression
2026-01-01 07:15:00,3,61.256,2.454,29.001,1,1,1146.948,1,117.305,0,normal,0,nominal
2026-01-01 07:16:00,1,73.945,3.662,23.58,1,1,1431.51,1,142.006,0,normal,0,nominal
2026-01-01 07:16:00,2,58.676,2.162,28.12,1,1,1239.762,1,122.624,0,warning,1,leak_progression
2026-01-01 07:16:00,3,61.245,2.268,28.804,1,1,1113.465,1,113.898,0,normal,0,nominal
2026-01-01 07:17:00,1,73.42,3.664,23.711,1,1,1418.01,1,141.518,0,normal,0,nominal
2026-01-01 07:17:00,2,59.59,2.142,27.964,1,1,1251.621,1,122.829,0,warning,1,leak_progression
2026-01-01 07:17:00,3,58.396,1.99,28.764,1,1,1108.268,1,110.499,0,normal,0,nominal
2026-01-01 07:18:00,1,73.702,3.932,23.974,1,1,1420.255,1,144.682,0,normal,0,nominal
2026-01-01 07:18:00,2,59.383,2.36,27.617,1,1,1251.25,1,125.5,0,warning,1,leak_progression
2026-01-01 07:18:00,3,59.022,2.032,28.522,1,1,1111.549,1,111.109,0,normal,0,nominal
2026-01-01 07:19:00,1,73.809,3.648,23.916,1,1,1420.958,1,141.446,0,normal,0,nominal
2026-01-01 07:19:00,2,57.624,2.756,27.57,1,1,1257.868,1,130.633,0,warning,1,leak_progression
2026-01-01 07:19:00,3,59.972,2.022,28.571,1,1,1112.028,1,111.014,0,normal,0,nominal
2026-01-01 07:20:00,1,74.057,3.61,23.797,1,1,1431.76,1,141.419,0,normal,0,nominal
2026-01-01 07:20:00,2,57.936,2.616,27.665,1,1,1236.066,1,128.076,0,warning,1,leak_progression
2026-01-01 07:20:00,3,58.772,1.988,28.607,1,1,1111.607,1,110.608,0,normal,0,nominal
2026-01-01 07:21:00,1,74.175,3.386,23.951,1,1,1414.982,1,138.213,0,normal,0,nominal
2026-01-01 07:21:00,2,58.247,2.637,27.973,1,1,1246.528,1,128.733,0,warning,1,leak_progression
2026-01-01 07:21:00,3,62.177,2.404,28.918,1,1,1116.039,1,115.558,0,normal,0,nominal
2026-01-01 07:22:00,1,73.855,3.76,24.103,1,1,1413.398,1,142.446,0,normal,0,nominal
2026-01-01 07:22:00,2,57.957,2.684,28.157,1,1,1255.148,1,129.644,0,warning,1,leak_progression
2026-01-01 07:22:00,3,63.063,2.082,28.89,1,1,1118.608,1,111.949,0,normal,0,nominal
2026-01-01 07:23:00,1,75.503,3.822,24.596,1,1,1399.032,1,142.618,0,normal,0,nominal
2026-01-01 07:23:00,2,59.049,3.049,27.899,1,1,1242.187,1,133.653,0,warning,1,leak_progression
2026-01-01 07:23:00,3,61.822,2.288,28.776,1,1,1129.832,1,114.747,0,normal,0,nominal
2026-01-01 07:24:00,1,74.115,3.813,24.46,1,1,1428.07,1,143.613,0,normal,0,nominal
2026-01-01 07:24:00,2,58.776,2.657,28.247,1,1,1237.668,1,128.651,0,warning,1,leak_progression
2026-01-01 07:24:00,3,62.06,2.177,28.638,1,1,1114.853,1,112.905,0,normal,0,nominal
2026-01-01 07:25:00,1,73.634,3.745,24.292,1,1,1425.533,1,142.734,0,normal,0,nominal
2026-01-01 07:25:00,2,56.823,2.599,28.136,1,1,1244.418,1,128.193,0,warning,1,leak_progression
2026-01-01 07:25:00,3,62.033,2.172,28.765,1,1,1110.427,1,112.673,0,normal,0,nominal
2026-01-01 07:26:00,1,72.917,3.964,24.264,1,1,1440.143,1,145.817,0,normal,0,nominal
2026-01-01 07:26:00,2,58.125,3.157,28.118,1,1,1243.591,1,134.596,0,warning,1,leak_progression
2026-01-01 07:26:00,3,61.797,2.351,28.845,1,1,1119.088,1,115.065,0,normal,0,nominal
2026-01-01 07:27:00,1,71.478,3.491,23.968,1,1,1417.027,1,139.498,0,normal,0,nominal
2026-01-01 07:27:00,2,57.639,2.881,28.043,1,1,1246.434,1,130.903,0,normal,1,leak_progression
2026-01-01 07:27:00,3,60.971,2.563,28.839,1,1,1089.084,1,116.356,0,normal,0,nominal
2026-01-01 07:28:00,1,73.026,3.411,23.943,1,1,1399.839,1,137.916,0,normal,0,nominal
2026-01-01 07:28:00,2,59.006,2.529,27.866,1,1,1250.111,1,126.354,0,normal,1,leak_progression
2026-01-01 07:28:00,3,61.191,2.637,28.608,1,1,1090.043,1,117.249,0,normal,0,nominal
2026-01-01 07:29:00,1,73.638,3.559,23.881,1,1,1418.14,1,140.314,0,normal,0,nominal
2026-01-01 07:29:00,2,58.974,2.652,27.928,1,1,1245.929,1,127.28,0,normal,1,leak_progression
2026-01-01 07:29:00,3,61.102,2.458,28.797,1,1,1117.528,1,116.232,0,normal,0,nominal
2026-01-01 07:30:00,1,74.66,3.356,23.766,1,1,1396.414,1,137.158,0,normal,0,nominal
2026-01-01 07:30:00,2,59.993,3.272,27.584,1,1,1247.576,1,134.392,0,normal,1,leak_progression
2026-01-01 07:30:00,3,60.608,2.497,29.285,1,1,1128.693,1,117.108,0,normal,0,nominal
2026-01-01 07:31:00,1,74.202,3.713,23.774,1,1,1404.633,1,141.572,0,normal,0,nominal
2026-01-01 07:31:00,2,60.311,3.105,27.618,1,1,1248.046,1,131.982,0,normal,0,leak_progression
2026-01-01 07:31:00,3,60.584,2.354,28.978,1,1,1138.406,1,115.832,0,normal,0,nominal
2026-01-01 07:32:00,1,74.016,3.359,24.041,1,1,1414.525,1,137.88,0,normal,0,nominal
2026-01-01 07:32:00,2,61.803,3.119,27.261,1,1,1270.233,1,132.569,0,normal,0,leak_progression
2026-01-01 07:32:00,3,62.623,1.949,28.79,1,1,1124.774,1,110.657,0,normal,0,nominal
2026-01-01 07:33:00,1,72.278,3.421,23.727,1,1,1413.477,1,138.553,0,normal,0,nominal
2026-01-01 07:33:00,2,62.085,3.368,27.562,1,1,1262.764,1,134.807,0,normal,0,leak_progression
2026-01-01 07:33:00,3,61.898,2.286,28.71,1,1,1117.713,1,114.26,0,normal,0,nominal
2026-01-01 07:34:00,1,71.654,3.615,24.04,1,1,1435.167,1,141.614,0,normal,0,nominal
2026-01-01 07:34:00,2,62.671,3.412,27.481,1,1,1260.826,1,134.809,0,normal,0,leak_progression
2026-01-01 07:34:00,3,62.12,2.145,28.924,1,1,1116.738,1,112.599,0,normal,0,nominal
2026-01-01 07:35:00,1,73.898,3.659,24.195,1,1,1441.86,1,142.37,0,normal,0,nominal
2026-01-01 07:35:00,2,62.459,2.985,27.295,1,1,1261.636,1,129.484,0,normal,0,leak_progression
2026-01-01 07:35:00,3,61.4,2.317,28.711,1,1,1120.78,1,114.732,0,normal,0,nominal
2026-01-01 07:36:00,1,72.453,3.528,24.08,1,1,1429.2,1,140.384,0,normal,0,nominal
2026-01-01 07:36:00,2,63.147,2.62,27.392,1,1,1272.597,1,125.621,0,normal,0,leak_progression
2026-01-01 07:36:00,3,61.118,2.405,28.609,1,1,1117.55,1,115.626,0,normal,0,nominal
2026-01-01 07:37:00,1,73.623,3.448,23.896,1,1,1428.045,1,139.417,0,normal,0,nominal
2026-01-01 07:37:00,2,64.329,2.688,27.112,1,1,1226.296,1,124.657,0,normal,0,leak_progression
2026-01-01 07:37:00,3,61.486,2.369,28.805,1,1,1116.895,1,115.19,0,normal,0,nominal
2026-01-01 07:38:00,1,74.501,3.666,24.039,1,1,1437.759,1,142.294,0,normal,0,nominal
2026-01-01 07:38:00,2,65.6,2.884,27.106,1,1,1249.994,1,127.854,0,normal,0,leak_progression
2026-01-01 07:38:00,3,61.2,2.612,29.265,1,1,1119.521,1,118.076,0,normal,0,nominal
2026-01-01 07:39:00,1,73.613,3.543,24.477,1,1,1432.433,1,140.673,0,normal,0,nominal
2026-01-01 07:39:00,2,63.352,3.163,26.992,1,1,1243.609,1,130.894,0,normal,0,leak_progression
2026-01-01 07:39:00,3,61.491,2.735,28.885,1,1,1140.944,1,120.314,0,normal,0,nominal
2026-01-01 07:40:00,1,72.806,3.889,24.307,1,1,1420.377,1,144.202,0,normal,0,nominal
2026-01-01 07:40:00,2,63.756,2.998,27.002,1,1,1252.198,1,129.274,0,normal,0,leak_progression
2026-01-01 07:40:00,3,60.644,2.734,29.281,1,1,1151.14,1,120.679,0,normal,0,nominal
2026-01-01 07:41:00,1,72.072,3.648,24.372,1,1,1416.797,1,141.293,0,normal,0,nominal
2026-01-01 07:41:00,2,64.187,2.613,26.829,1,1,1254.351,1,124.843,0,normal,0,leak_progression
2026-01-01 07:41:00,3,61.154,2.519,29.327,1,1,1136.405,1,117.65,0,normal,0,nominal
2026-01-01 07:42:00,1,73.776,3.703,24.028,1,1,1426.632,1,142.301,0,normal,0,nominal
2026-01-01 07:42:00,2,64.617,2.994,26.511,1,1,1246.493,1,129.015,0,normal,0,leak_progression
2026-01-01 07:42:00,3,59.105,2.215,28.97,1,1,1144.061,1,114.449,0,normal,0,nominal
2026-01-01 07:43:00,1,74.115,3.517,24.28,1,1,1427.883,1,140.207,0,normal,0,nominal
2026-01-01 07:43:00,2,65.786,3.012,26.418,1,1,1254.222,1,129.518,0,normal,0,leak_progression
2026-01-01 07:43:00,3,59.461,2.435,29.02,1,1,1131.671,1,116.509,0,normal,0,nominal
2026-01-01 07:44:00,1,73.828,3.593,23.905,1,1,1438.621,1,141.488,0,normal,0,nominal
2026-01-01 07:44:00,2,64.45,2.487,26.341,1,1,1252.433,1,123.284,0,normal,0,leak_progression
2026-01-01 07:44:00,3,58.655,2.418,29.106,1,1,1122.287,1,115.955,0,normal,0,nominal
2026-01-01 07:45:00,1,74.449,3.798,23.74,1,1,1454.296,1,144.443,0,normal,0,nominal
2026-01-01 07:45:00,2,64.817,2.965,26.909,1,1,1263.715,1,129.327,0,normal,0,leak_progression
2026-01-01 07:45:00,3,60.027,2.48,29.075,1,1,1111.409,1,116.257,0,normal,0,nominal
2026-01-01 07:46:00,1,75.007,3.501,23.868,1,1,1426.912,1,139.983,0,normal,0,nominal
2026-01-01 07:46:00,2,64.941,2.943,26.804,1,1,1244.117,1,128.325,0,normal,0,leak_progression
2026-01-01 07:46:00,3,60.67,2.333,28.88,1,1,1114.576,1,114.688,0,normal,0,nominal
2026-01-01 07:47:00,1,75.16,3.094,24.234,1,1,1410.784,1,134.691,0,normal,0,nominal
2026-01-01 07:47:00,2,64.319,3.056,26.809,1,1,1253.622,1,130.012,0,normal,0,leak_progression
2026-01-01 07:47:00,3,60.396,2.224,28.923,1,1,1115.752,1,113.476,0,normal,0,nominal
2026-01-01 07:48:00,1,74.05,3.556,24.263,1,1,1398.176,1,139.525,0,normal,0,nominal
2026-01-01 07:48:00,2,63.267,2.86,27.312,1,1,1243.324,1,127.321,0,normal,0,leak_progression
2026-01-01 07:48:00,3,62.633,2.484,28.975,1,1,1122.318,1,116.718,0,normal,0,nominal
2026-01-01 07:49:00,1,73.664,3.518,24.108,1,1,1401.511,1,139.218,0,normal,0,nominal
2026-01-01 07:49:00,2,64.248,3.193,27.054,1,1,1258.66,1,131.816,0,normal,0,leak_progression
2026-01-01 07:49:00,3,61.837,2.405,29.046,1,1,1122.407,1,115.814,0,normal,0,nominal
2026-01-01 07:50:00,1,73.636,3.541,23.866,1,1,1412.72,1,139.906,0,normal,0,nominal
2026-01-01 07:50:00,2,64.576,3.344,26.85,1,1,1239.995,1,132.87,0,normal,0,leak_progression
2026-01-01 07:50:00,3,61.281,2.408,28.955,1,1,1121.774,1,115.823,0,normal,0,nominal
2026-01-01 07:51:00,1,73.325,3.648,24.102,1,1,1433.783,1,141.94,0,normal,0,nominal
2026-01-01 07:51:00,2,64.375,3.32,26.825,1,1,1248.487,1,132.915,0,normal,0,leak_progression
2026-01-01 07:51:00,3,61.438,2.245,28.952,1,1,1125.937,1,114.102,0,normal,0,nominal
2026-01-01 07:52:00,1,73.002,3.899,24.008,1,1,1427.738,1,144.59,0,normal,0,nominal
2026-01-01 07:52:00,2,64.347,3.207,26.788,1,1,1250.343,1,131.664,0,normal,0,leak_progression
2026-01-01 07:52:00,3,60.289,2.542,28.911,1,1,1116.847,1,117.174,0,normal,0,nominal
2026-01-01 07:53:00,1,73.105,4.035,23.987,1,1,1403.464,1,145.237,0,normal,0,nominal
2026-01-01 07:53:00,2,64.829,3.143,26.889,1,1,1255.47,1,131.102,0,normal,0,leak_progression
2026-01-01 07:53:00,3,59.289,2.443,29.063,1,1,1113.966,1,115.93,0,normal,0,nominal
2026-01-01 07:54:00,1,72.951,3.698,24.057,1,1,1409.746,1,141.592,0,normal,0,nominal
2026-01-01 07:54:00,2,64.366,2.693,27.128,1,1,1260.251,1,125.999,0,normal,0,leak_progression
2026-01-01 07:54:00,3,60.233,2.388,29.077,1,1,1111.368,1,115.197,0,normal,0,nominal
2026-01-01 07:55:00,1,73.661,3.433,24.238,1,1,1437.898,1,139.619,0,normal,0,nominal
2026-01-01 07:55:00,2,64.977,2.862,26.612,1,1,1248.28,1,127.537,0,normal,0,leak_progression
2026-01-01 07:55:00,3,60.775,2.451,29.062,1,1,1104.924,1,115.675,0,normal,0,nominal
2026-01-01 07:56:00,1,74.455,3.738,24.015,1,1,1421.546,1,142.511,0,normal,0,nominal
2026-01-01 07:56:00,2,62.977,2.664,27.446,1,1,1279.265,1,126.391,0,normal,0,leak_progression
2026-01-01 07:56:00,3,60.918,2.688,29.067,1,1,1098.979,1,118.173,0,normal,0,nominal
2026-01-01 07:57:00,1,74.291,3.467,23.909,1,1,1409.906,1,138.942,0,normal,0,nominal
2026-01-01 07:57:00,2,62.163,2.973,27.113,1,1,1289.127,1,130.391,0,normal,0,leak_progression
2026-01-01 07:57:00,3,61.9,2.658,28.969,1,1,1112.756,1,118.355,0,normal,0,nominal
2026-01-01 07:58:00,1,74.492,3.572,23.896,1,1,1426.165,1,140.772,0,normal,0,nominal
2026-01-01 07:58:00,2,63.489,3.1,27.295,1,1,1284.226,1,131.692,0,normal,0,leak_progression
2026-01-01 07:58:00,3,61.848,2.389,28.607,1,1,1116.689,1,115.406,0,normal,0,nominal
2026-01-01 07:59:00,1,75.669,3.329,23.825,1,1,1426.322,1,137.987,0,normal,0,nominal
2026-01-01 07:59:00,2,64.517,3.097,27.091,1,1,1268.571,1,131.066,0,normal,0,leak_progression
2026-01-01 07:59:00,3,61.183,2.602,28.599,1,1,1114.344,1,117.766,0,normal,0,nominal
2026-01-01 06:00:00,1,74.576,3.109,23.722,1,1,1431.598,1,135.654,0,normal,0,nominal
2026-01-01 06:00:00,2,68.309,3.035,26.286,1,1,1237.386,1,127.42,0,normal,0,nominal
2026-01-01 06:00:00,3,63.926,2.358,28.568,1,1,1134.046,1,115.711,0,normal,0,nominal
2026-01-01 06:01:00,1,75.055,3.365,23.867,1,1,1437.233,1,138.807,0,normal,0,nominal
2026-01-01 06:01:00,2,68.428,2.885,26.0,1,1,1237.38,1,125.694,0,normal,0,nominal
2026-01-01 06:01:00,3,63.654,1.847,28.891,1,1,1114.802,1,109.108,0,normal,0,nominal
2026-01-01 06:02:00,1,74.409,3.445,23.965,1,1,1439.851,1,139.833,0,normal,0,nominal
2026-01-01 06:02:00,2,69.013,2.257,26.203,1,1,1227.637,1,118.109,0,normal,0,nominal
2026-01-01 06:02:00,3,60.139,1.902,28.982,1,1,1106.035,1,109.397,0,normal,0,nominal
2026-01-01 06:03:00,1,74.266,3.736,23.825,1,1,1446.149,1,143.417,0,normal,0,nominal
2026-01-01 06:03:00,2,69.099,2.66,26.172,1,1,1241.089,1,123.253,0,normal,0,nominal
2026-01-01 06:03:00,3,60.622,2.179,28.995,1,1,1084.83,1,111.788,0,normal,0,nominal
2026-01-01 06:04:00,1,73.337,3.636,23.212,1,1,1423.425,1,141.41,0,normal,0,nominal
2026-01-01 06:04:00,2,67.418,2.56,26.397,1,1,1256.229,1,122.675,0,normal,0,nominal
2026-01-01 06:04:00,3,61.309,2.198,28.872,1,1,1117.506,1,113.241,0,normal,0,nominal
2026-01-01 06:05:00,1,73.493,3.658,23.139,1,1,1425.343,1,141.735,0,normal,0,nominal
2026-01-01 06:05:00,2,67.215,3.137,26.132,1,1,1246.829,1,128.961,0,normal,0,nominal
2026-01-01 06:05:00,3,62.082,2.08,28.691,1,1,1106.311,1,111.459,0,normal,0,nominal
2026-01-01 06:06:00,1,73.172,3.795,23.204,1,1,1424.333,1,143.269,0,normal,0,nominal
2026-01-01 06:06:00,2,66.672,2.742,25.818,1,1,1256.89,1,124.8,0,normal,0,nominal
2026-01-01 06:06:00,3,60.67,2.072,28.613,1,1,1127.353,1,112.171,0,normal,0,nominal
2026-01-01 06:07:00,1,74.043,3.508,23.287,1,1,1416.584,1,139.671,0,normal,0,nominal
2026-01-01 06:07:00,2,66.586,2.238,26.123,1,1,1280.989,1,119.918,0,normal,0,nominal
2026-01-01 06:07:00,3,60.678,2.189,28.73,1,1,1123.65,1,113.367,0,normal,0,nominal
2026-01-01 06:08:00,1,73.975,4.171,23.335,1,1,1405.366,1,146.865,0,normal,0,nominal
2026-01-01 06:08:00,2,67.726,2.366,25.954,1,1,1257.324,1,120.489,0,normal,0,nominal
2026-01-01 06:08:00,3,62.858,2.119,28.632,1,1,1099.013,1,111.631,0,normal,0,nominal
2026-01-01 06:09:00,1,74.781,3.466,23.442,1,1,1404.13,1,138.715,0,normal,0,nominal
2026-01-01 06:09:00,2,67.05,2.488,25.428,1,1,1265.571,1,122.208,0,normal,0,nominal
2026-01-01 06:09:00,3,61.773,2.34,28.746,1,1,1118.154,1,114.904,0,normal,0,nominal
2026-01-01 06:10:00,1,73.827,3.519,23.406,1,1,1411.746,1,139.618,0,normal,0,nominal
2026-01-01 06:10:00,2,66.603,3.043,25.672,1,1,1274.184,1,128.909,0,normal,0,nominal
2026-01-01 06:10:00,3,62.523,2.255,28.508,1,1,1109.673,1,113.6,0,normal,0,nominal
2026-01-01 06:11:00,1,74.318,3.401,23.605,1,1,1430.292,1,138.96,0,normal,0,nominal
2026-01-01 06:11:00,2,65.861,3.121,26.087,1,1,1261.435,1,129.326,0,normal,0,nominal
2026-01-01 06:11:00,3,62.0,2.228,28.847,1,1,1120.071,1,113.687,0,normal,0,nominal
2026-01-01 06:12:00,1,74.437,3.111,23.535,1,1,1422.592,1,135.338,0,normal,0,nominal
2026-01-01 06:12:00,2,67.178,3.087,26.023,1,1,1265.13,1,129.078,0,normal,0,nominal
2026-01-01 06:12:00,3,60.047,2.463,28.657,1,1,1103.004,1,115.734,0,normal,0,nominal
2026-01-01 06:13:00,1,73.859,3.647,23.701,1,1,1405.155,1,140.833,0,normal,0,nominal
2026-01-01 06:13:00,2,67.032,2.748,26.274,1,1,1248.48,1,124.55,0,normal,0,nominal
2026-01-01 06:13:00,3,60.026,2.202,28.75,1,1,1129.872,1,113.755,0,normal,0,nominal
2026-01-01 06:14:00,1,75.669,3.295,23.64,1,1,1392.088,1,136.297,0,normal,0,nominal
2026-01-01 06:14:00,2,67.241,2.856,26.262,1,1,1248.864,1,125.798,0,normal,0,nominal
2026-01-01 06:14:00,3,61.097,2.219,28.901,1,1,1122.424,1,113.668,0,normal,0,nominal
2026-01-01 06:15:00,1,74.775,3.515,23.644,1,1,1415.957,1,139.728,0,normal,0,nominal
2026-01-01 06:15:00,2,67.711,2.458,26.102,1,1,1260.242,1,121.653,0,normal,0,nominal
2026-01-01 06:15:00,3,59.056,2.58,28.692,1,1,1116.652,1,117.603,0,normal,0,nominal
2026-01-01 06:16:00,1,75.781,3.437,23.674,1,1,1443.488,1,139.884,0,normal,0,nominal
2026-01-01 06:16:00,2,67.989,2.233,26.206,1,1,1265.571,1,119.275,0,normal,0,nominal
2026-01-01 06:16:00,3,58.286,2.641,28.452,1,1,1110.968,1,118.087,0,normal,0,nominal
2026-01-01 06:17:00,1,75.236,3.621,23.827,1,1,1433.923,1,141.628,0,normal,0,nominal
2026-01-01 06:17:00,2,67.794,2.788,26.175,1,1,1255.023,1,125.254,0,normal,0,nominal
2026-01-01 06:17:00,3,60.612,2.258,28.431,1,1,1108.948,1,113.607,0,normal,0,nominal
2026-01-01 06:18:00,1,76.131,3.532,23.666,1,1,1430.172,1,140.467,0,normal,0,nominal
2026-01-01 06:18:00,2,67.218,2.993,25.776,1,1,1242.133,1,127.119,0,normal,0,nominal
2026-01-01 06:18:00,3,61.114,2.4,28.504,1,1,1110.783,1,115.308,0,normal,0,nominal
2026-01-01 06:19:00,1,74.262,3.767,23.343,1,1,1417.541,1,142.687,0,normal,0,nominal
2026-01-01 06:19:00,2,67.736,2.721,25.906,1,1,1240.252,1,123.924,0,normal,0,nominal
2026-01-01 06:19:00,3,60.547,2.432,28.506,1,1,1109.12,1,115.61,0,normal,0,nominal
2026-01-01 06:20:00,1,72.808,3.749,23.566,1,1,1434.481,1,143.122,0,normal,0,nominal
2026-01-01 06:20:00,2,68.865,2.948,25.985,1,1,1230.957,1,126.179,0,normal,0,nominal
2026-01-01 06:20:00,3,61.1,2.038,28.525,1,1,1096.627,1,110.613,0,normal,0,nominal
2026-01-01 06:21:00,1,74.243,4.096,23.894,1,1,1438.042,1,147.254,0,normal,0,nominal
2026-01-01 06:21:00,2,68.812,3.01,26.213,1,1,1242.255,1,127.318,0,normal,0,nominal
2026-01-01 06:21:00,3,60.456,2.009,29.098,1,1,1093.41,1,110.157,0,normal,0,nominal
2026-01-01 06:22:00,1,74.161,3.483,23.673,1,1,1414.292,1,139.302,0,normal,0,nominal
2026-01-01 06:22:00,2,68.726,2.956,26.152,1,1,1258.785,1,127.333,0,normal,0,nominal
2026-01-01 06:22:00,3,60.172,2.118,29.173,1,1,1129.301,1,112.766,0,normal,0,nominal
2026-01-01 06:23:00,1,72.972,3.647,23.664,1,1,1446.228,1,142.397,0,normal,0,nominal
2026-01-01 06:23:00,2,68.172,2.494,26.126,1,1,1256.388,1,121.922,0,normal,0,nominal
2026-01-01 06:23:00,3,62.069,2.192,29.402,1,1,1102.411,1,112.602,0,normal,0,nominal
2026-01-01 06:24:00,1,74.733,3.711,24.046,1,1,1424.158,1,142.296,0,normal,0,nominal
2026-01-01 06:24:00,2,66.83,2.734,26.089,1,1,1243.347,1,124.186,0,normal,0,nominal
2026-01-01 06:24:00,3,60.551,2.145,29.207,1,1,1111.624,1,112.413,0,normal,0,nominal
2026-01-01 06:25:00,1,73.419,3.547,24.138,1,1,1410.52,1,139.895,0,normal,0,nominal
2026-01-01 06:25:00,2,67.028,2.449,26.167,1,1,1240.999,1,120.82,0,normal,0,nominal
2026-01-01 06:25:00,3,59.09,2.129,28.986,1,1,1117.995,1,112.462,0,normal,0,nominal
2026-01-01 06:26:00,1,74.564,3.634,23.967,1,1,1394.896,1,140.297,0,normal,0,nominal
2026-01-01 06:26:00,2,66.672,3.308,25.946,1,1,1251.032,1,131.077,0,normal,0,nominal
2026-01-01 06:26:00,3,59.708,2.417,28.709,1,1,1108.977,1,115.439,0,normal,0,nominal
2026-01-01 06:27:00,1,74.647,3.499,23.837,1,1,1401.847,1,139.007,0,normal,0,nominal
2026-01-01 06:27:00,2,67.213,3.215,25.754,1,1,1235.725,1,129.433,0,normal,0,nominal
2026-01-01 06:27:00,3,59.757,2.512,28.8,1,1,1119.051,1,116.913,0,normal,0,nominal
2026-01-01 06:28:00,1,75.084,3.497,23.927,1,1,1424.184,1,139.84,0,normal,0,nominal
2026-01-01 06:28:00,2,67.589,2.464,26.111,1,1,1233.516,1,120.704,0,normal,0,nominal
2026-01-01 06:28:00,3,59.426,2.731,28.77,1,1,1127.248,1,119.737,0,normal,0,nominal
2026-01-01 06:29:00,1,72.851,3.819,23.714,1,1,1400.941,1,142.653,0,normal,0,nominal
2026-01-01 06:29:00,2,67.442,2.608,26.224,1,1,1249.956,1,122.985,0,normal,0,nominal
2026-01-01 06:29:00,3,59.054,2.493,28.441,1,1,1120.001,1,116.73,0,normal,0,nominal
2026-01-01 06:30:00,1,72.928,3.803,23.896,1,1,1398.726,1,142.384,0,normal,0,nominal
2026-01-01 06:30:00,2,68.767,2.344,26.106,1,1,1255.366,1,120.165,0,normal,0,nominal
2026-01-01 06:30:00,3,60.7,2.265,28.6,1,1,1117.645,1,114.012,0,normal,0,nominal
2026-01-01 06:31:00,1,74.075,3.679,23.803,1,1,1401.421,1,141.058,0,normal,0,nominal
2026-01-01 06:31:00,2,68.518,2.529,26.05,1,1,1259.792,1,122.451,0,normal,0,nominal
2026-01-01 06:31:00,3,62.554,2.118,28.668,1,1,1112.213,1,112.117,0,normal,0,nominal
2026-01-01 06:32:00,1,73.076,3.487,23.657,1,1,1390.594,1,138.448,0,normal,0,nominal
2026-01-01 06:32:00,2,69.014,2.507,25.931,1,1,1246.495,1,121.693,0,normal,0,nominal
2026-01-01 06:32:00,3,61.5,2.171,28.676,1,1,1099.07,1,112.233,0,normal,0,nominal
2026-01-01 06:33:00,1,73.759,3.235,23.642,1,1,1390.278,1,135.532,0,normal,0,nominal
2026-01-01 06:33:00,2,66.884,2.499,25.798,1,1,1262.583,1,122.212,0,normal,0,nominal
2026-01-01 06:33:00,3,60.17,2.035,28.586,1,1,1099.645,1,110.693,0,normal,0,nominal
2026-01-01 06:34:00,1,73.544,3.185,23.547,1,1,1385.407,1,134.777,0,normal,0,nominal
2026-01-01 06:34:00,2,67.074,2.625,26.178,1,1,1252.817,1,123.293,0,normal,0,nominal
2026-01-01 06:34:00,3,61.272,2.128,28.958,1,1,1076.992,1,110.901,0,normal,0,nominal
2026-01-01 06:35:00,1,73.813,3.185,23.44,1,1,1424.756,1,136.273,0,normal,0,nominal
2026-01-01 06:35:00,2,67.123,2.569,26.443,1,1,1237.476,1,122.063,0,normal,0,nominal
2026-01-01 06:35:00,3,61.964,2.199,28.689,1,1,1093.959,1,112.365,0,normal,0,nominal
2026-01-01 06:36:00,1,74.427,3.602,23.508,1,1,1432.148,1,141.348,0,normal,0,nominal
2026-01-01 06:36:00,2,67.2,3.11,26.388,1,1,1235.432,1,128.206,0,normal,0,nominal
2026-01-01 06:36:00,3,62.151,2.195,28.649,1,1,1095.257,1,112.36,0,normal,0,nominal
2026-01-01 06:37:00,1,73.587,4.126,24.042,1,1,1426.517,1,147.16,0,normal,0,nominal
2026-01-01 06:37:00,2,66.977,3.505,26.434,1,1,1261.544,1,133.748,0,normal,0,nominal
2026-01-01 06:37:00,3,61.723,2.636,29.011,1,1,1105.528,1,117.82,0,normal,0,nominal
2026-01-01 06:38:00,1,75.366,3.851,23.747,1,1,1423.457,1,143.878,0,normal,0,nominal
2026-01-01 06:38:00,2,66.74,3.141,26.1,1,1,1256.793,1,129.38,0,normal,0,nominal
2026-01-01 06:38:00,3,61.257,2.642,28.691,1,1,1130.728,1,118.854,0,normal,0,nominal
2026-01-01 06:39:00,1,76.645,3.419,23.653,1,1,1423.092,1,138.895,0,normal,0,nominal
2026-01-01 06:39:00,2,65.682,2.849,26.372,1,1,1229.863,1,125.0,0,normal,0,nominal
2026-01-01 06:39:00,3,61.385,2.603,28.795,1,1,1114.091,1,117.771,0,normal,0,nominal
2026-01-01 06:40:00,1,75.253,3.686,23.144,1,1,1419.472,1,141.825,0,normal,0,nominal
2026-01-01 06:40:00,2,66.434,2.918,26.281,1,1,1243.888,1,126.328,0,normal,0,nominal
2026-01-01 06:40:00,3,60.453,2.533,28.588,1,1,1102.678,1,116.526,0,normal,0,nominal
2026-01-01 06:41:00,1,74.913,3.62,22.922,1,1,1416.669,1,140.962,0,normal,0,nominal
2026-01-01 06:41:00,2,67.112,2.934,26.22,1,1,1239.199,1,126.33,0,normal,0,nominal
2026-01-01 06:41:00,3,61.596,2.348,28.905,1,1,1103.862,1,114.444,0,normal,0,nominal
2026-01-01 06:42:00,1,76.029,3.73,23.038,1,1,1419.778,1,142.346,0,normal,0,nominal
2026-01-01 06:42:00,2,67.342,3.158,26.335,1,1,1228.456,1,128.495,0,normal,0,nominal
2026-01-01 06:42:00,3,61.176,2.334,28.886,1,1,1103.623,1,114.276,0,normal,0,nominal
2026-01-01 06:43:00,1,79.817,3.694,23.594,1,1,1420.722,1,141.965,0,normal,0,nominal
2026-01-01 06:43:00,2,66.15,3.001,26.378,1,1,1260.233,1,127.899,0,normal,0,nominal
2026-01-01 06:43:00,3,60.389,2.439,29.098,1,1,1104.283,1,115.512,0,normal,0,nominal
2026-01-01 06:44:00,1,76.387,4.038,23.646,1,1,1423.581,1,146.032,0,normal,0,nominal
2026-01-01 06:44:00,2,65.788,3.076,26.461,1,1,1239.237,1,127.965,0,normal,0,nominal
2026-01-01 06:44:00,3,61.045,2.481,28.875,1,1,1094.127,1,115.605,0,normal,0,nominal
2026-01-01 06:45:00,1,74.93,3.7,23.27,1,1,1407.242,1,141.53,0,normal,0,nominal
2026-01-01 06:45:00,2,67.09,3.051,26.053,1,1,1252.198,1,128.165,0,normal,0,nominal
2026-01-01 06:45:00,3,60.491,2.025,29.034,1,1,1110.51,1,110.99,0,normal,0,nominal
2026-01-01 06:46:00,1,75.069,4.122,23.308,1,1,1439.777,1,147.61,0,normal,0,nominal
2026-01-01 06:46:00,2,68.111,3.108,26.182,1,1,1257.559,1,129.026,0,normal,0,nominal
2026-01-01 06:46:00,3,60.046,2.221,29.03,1,1,1119.225,1,113.568,0,normal,0,nominal
2026-01-01 06:47:00,1,74.915,4.05,23.312,1,1,1425.739,1,146.253,0,normal,0,nominal
2026-01-01 06:47:00,2,67.906,3.336,26.397,1,1,1252.424,1,131.458,0,normal,0,nominal
2026-01-01 06:47:00,3,61.067,2.226,28.871,1,1,1120.992,1,113.692,0,normal,0,nominal
2026-01-01 06:48:00,1,73.209,3.694,23.248,1,1,1423.024,1,142.058,0,normal,0,nominal
2026-01-01 06:48:00,2,67.804,3.03,26.692,1,1,1248.514,1,127.791,0,normal,0,nominal
2026-01-01 06:48:00,3,62.429,2.508,28.894,1,1,1105.104,1,116.331,0,normal,0,nominal
2026-01-01 06:49:00,1,74.535,4.0,23.692,1,1,1424.815,1,145.644,0,normal,0,nominal
2026-01-01 06:49:00,2,67.593,3.099,26.697,1,1,1266.102,1,129.247,0,normal,0,nominal
2026-01-01 06:49:00,3,63.398,2.355,28.736,1,1,1117.297,1,115.036,0,normal,0,nominal
2026-01-01 06:50:00,1,75.383,3.805,23.47,1,1,1425.778,1,143.438,0,normal,0,nominal
2026-01-01 06:50:00,2,67.622,3.048,26.662,1,1,1264.85,1,128.621,0,normal,0,nominal
2026-01-01 06:50:00,3,62.951,2.3,28.854,1,1,1119.268,1,114.48,0,normal,0,nominal
2026-01-01 06:51:00,1,73.713,3.471,23.808,1,1,1415.342,1,139.198,0,normal,0,nominal
2026-01-01 06:51:00,2,67.197,3.072,26.589,1,1,1263.921,1,128.859,0,normal,0,nominal
2026-01-01 06:51:00,3,60.18,1.95,28.775,1,1,1127.378,1,110.763,0,normal,0,nominal
2026-01-01 06:52:00,1,72.452,3.481,23.707,1,1,1426.887,1,139.752,0,normal,0,nominal
2026-01-01 06:52:00,2,67.083,3.061,26.319,1,1,1271.551,1,129.016,0,normal,0,nominal
2026-01-01 06:52:00,3,60.024,2.452,29.009,1,1,1120.839,1,116.289,0,normal,0,nominal
2026-01-01 06:53:00,1,73.968,3.907,23.485,1,1,1423.797,1,144.53,0,normal,0,nominal
2026-01-01 06:53:00,2,66.725,3.182,26.355,1,1,1260.07,1,129.978,0,normal,0,nominal
2026-01-01 06:53:00,3,61.255,2.694,29.171,1,1,1110.778,1,118.69,0,normal,0,nominal
2026-01-01 06:54:00,1,73.745,3.89,23.622,1,1,1425.235,1,144.395,0,normal,0,nominal
2026-01-01 06:54:00,2,66.319,3.412,26.405,1,1,1259.873,1,132.611,0,normal,0,nominal
2026-01-01 06:54:00,3,60.577,2.406,28.9,1,1,1122.869,1,115.836,0,normal,0,nominal
2026-01-01 06:55:00,1,73.193,3.496,23.725,1,1,1421.058,1,139.699,0,normal,0,nominal
2026-01-01 06:55:00,2,65.823,3.034,26.427,1,1,1287.721,1,129.33,0,normal,0,nominal
2026-01-01 06:55:00,3,60.994,1.941,29.011,1,1,1131.815,1,110.833,0,normal,0,nominal
2026-01-01 06:56:00,1,72.786,3.716,23.686,1,1,1420.426,1,142.209,0,normal,0,nominal
2026-01-01 06:56:00,2,65.875,3.532,26.292,1,1,1259.194,1,133.968,0,normal,0,nominal
2026-01-01 06:56:00,3,60.533,2.173,28.88,1,1,1127.781,1,113.342,0,normal,0,nominal
2026-01-01 06:57:00,1,73.234,3.511,23.507,1,1,1420.17,1,139.838,0,normal,0,nominal
2026-01-01 06:57:00,2,66.948,3.473,26.228,1,1,1237.118,1,132.451,0,normal,0,nominal
2026-01-01 06:57:00,3,61.206,2.314,29.203,1,1,1134.87,1,115.24,0,normal,0,nominal
2026-01-01 06:58:00,1,73.221,3.631,23.791,1,1,1430.493,1,141.613,0,normal,0,nominal
2026-01-01 06:58:00,2,66.593,3.387,26.7,1,1,1243.051,1,131.681,0,normal,0,nominal
2026-01-01 06:58:00,3,62.615,2.338,29.147,1,1,1106.713,1,114.442,0,normal,0,nominal
2026-01-01 06:59:00,1,74.664,3.559,23.951,1,1,1422.009,1,140.465,0,normal,0,nominal
2026-01-01 06:59:00,2,66.293,3.551,26.543,1,1,1242.085,1,133.535,0,normal,0,nominal
2026-01-01 06:59:00,3,62.276,2.287,29.119,1,1,1122.786,1,114.471,0,normal,0,nominal
2026-01-01 07:00:00,1,73.812,3.905,23.994,1,1,1426.606,1,144.62,0,normal,0,nominal
2026-01-01 07:00:00,2,66.107,3.306,26.501,1,1,1250.178,1,131.02,0,normal,0,nominal
2026-01-01 07:00:00,3,60.814,2.34,29.245,1,1,1114.814,1,114.768,0,normal,0,nominal
2026-01-01 07:01:00,1,73.171,4.034,23.691,1,1,1418.947,1,145.813,0,normal,0,nominal
2026-01-01 07:01:00,2,67.068,3.535,26.319,1,1,1265.241,1,134.23,0,normal,0,nominal
2026-01-01 07:01:00,3,59.911,2.471,29.258,1,1,1112.116,1,116.181,0,normal,0,nominal
2026-01-01 07:02:00,1,73.048,4.096,23.694,1,1,1425.179,1,146.755,0,normal,0,nominal
2026-01-01 07:02:00,2,68.098,3.06,26.207,1,1,1253.319,1,128.315,0,normal,0,nominal
2026-01-01 07:02:00,3,60.519,2.27,29.059,1,1,1121.687,1,114.224,0,normal,0,nominal
2026-01-01 07:03:00,1,73.47,3.74,23.589,1,1,1454.382,1,143.781,0,normal,0,nominal
2026-01-01 07:03:00,2,67.778,2.568,26.288,1,1,1248.176,1,122.459,0,normal,0,nominal
2026-01-01 07:03:00,3,61.029,2.312,28.734,1,1,1113.823,1,114.409,0,normal,0,nominal
2026-01-01 07:04:00,1,72.732,4.008,23.674,1,1,1420.086,1,145.559,0,normal,0,nominal
2026-01-01 07:04:00,2,66.733,2.486,26.689,1,1,1237.131,1,121.095,0,normal,0,nominal
2026-01-01 07:04:00,3,61.792,2.272,28.595,1,1,1112.904,1,113.915,0,normal,0,nominal
2026-01-01 07:05:00,1,72.378,3.698,23.754,1,1,1424.565,1,142.156,0,normal,0,nominal
2026-01-01 07:05:00,2,63.316,2.743,26.483,1,1,1238.31,1,124.095,0,normal,0,nominal
2026-01-01 07:05:00,3,62.456,2.309,29.004,1,1,1127.113,1,114.889,0,normal,0,nominal
2026-01-01 07:06:00,1,74.327,3.801,23.953,1,1,1412.844,1,142.894,0,normal,0,nominal
2026-01-01 07:06:00,2,65.142,3.046,26.54,1,1,1256.894,1,128.288,0,normal,0,nominal
2026-01-01 07:06:00,3,61.445,2.342,29.116,1,1,1148.171,1,116.06,0,normal,0,nominal
2026-01-01 07:07:00,1,74.055,3.71,24.148,1,1,1404.74,1,141.54,0,normal,0,nominal
2026-01-01 07:07:00,2,65.641,3.006,26.335,1,1,1260.732,1,127.978,0,normal,0,nominal
2026-01-01 07:07:00,3,61.918,2.513,29.084,1,1,1135.347,1,117.54,0,normal,0,nominal
2026-01-01 07:08:00,1,73.727,3.688,24.22,1,1,1383.15,1,140.472,0,normal,0,nominal
2026-01-01 07:08:00,2,66.38,2.742,26.076,1,1,1262.597,1,125.014,0,normal,0,nominal
2026-01-01 07:08:00,3,62.94,2.447,29.274,1,1,1126.84,1,116.466,0,normal,0,nominal
2026-01-01 07:09:00,1,72.73,3.698,23.783,1,1,1422.758,1,142.089,0,normal,0,nominal
2026-01-01 07:09:00,2,66.944,3.031,26.009,1,1,1268.02,1,128.54,0,normal,0,nominal
2026-01-01 07:09:00,3,62.705,2.526,29.41,1,1,1117.388,1,117.013,0,normal,0,nominal
2026-01-01 07:10:00,1,73.202,3.295,23.991,1,1,1423.79,1,137.495,0,normal,0,nominal
2026-01-01 07:10:00,2,66.57,2.911,26.217,1,1,1245.123,1,126.29,0,normal,0,nominal
2026-01-01 07:10:00,3,61.578,2.772,29.544,1,1,1089.84,1,118.786,0,normal,0,nominal
2026-01-01 07:11:00,1,73.199,3.516,24.048,1,1,1411.157,1,139.553,0,normal,0,nominal
2026-01-01 07:11:00,2,66.526,3.584,26.409,1,1,1244.282,1,133.996,0,normal,0,nominal
2026-01-01 07:11:00,3,62.52,2.542,29.124,1,1,1126.298,1,117.535,0,normal,0,nominal
2026-01-01 07:12:00,1,73.202,3.919,24.411,1,1,1410.496,1,144.171,0,normal,0,nominal
2026-01-01 07:12:00,2,67.123,3.268,26.323,1,1,1271.351,1,131.716,0,normal,0,leak_progression
2026-01-01 07:12:00,3,62.038,2.183,29.281,1,1,1121.978,1,113.243,0,normal,0,nominal
2026-01-01 07:13:00,1,72.761,3.87,24.027,1,1,1398.895,1,143.159,0,normal,0,nominal
2026-01-01 07:13:00,2,66.797,3.134,26.435,1,1,1250.848,1,129.716,0,normal,0,leak_progression
2026-01-01 07:13:00,3,59.988,2.37,29.161,1,1,1117.71,1,115.226,0,normal,0,nominal
2026-01-01 07:14:00,1,72.638,3.919,23.738,1,1,1406.707,1,144.023,0,normal,0,nominal
2026-01-01 07:14:00,2,66.092,2.712,26.507,1,1,1273.982,1,126.015,0,normal,0,leak_progression
2026-01-01 07:14:00,3,60.981,2.383,29.121,1,1,1109.719,1,115.079,0,normal,0,nominal
2026-01-01 07:15:00,1,72.952,3.706,23.787,1,1,1440.246,1,142.843,0,normal,0,nominal
2026-01-01 07:15:00,2,65.702,2.736,26.61,1,1,1259.975,1,126.065,0,normal,0,leak_progression
2026-01-01 07:15:00,3,61.721,2.135,29.1,1,1,1106.561,1,112.102,0,normal,0,nominal
2026-01-01 07:16:00,1,74.284,4.025,23.864,1,1,1427.882,1,146.044,0,normal,0,nominal
2026-01-01 07:16:00,2,64.335,2.562,26.737,1,1,1255.072,1,124.145,0,normal,0,leak_progression
2026-01-01 07:16:00,3,59.483,2.282,28.952,1,1,1128.664,1,114.632,0,normal,0,nominal
2026-01-01 07:17:00,1,76.712,4.004,24.166,1,1,1438.556,1,146.209,0,normal,0,nominal
2026-01-01 07:17:00,2,64.346,2.807,26.994,1,1,1248.948,1,127.105,0,normal,0,leak_progression
2026-01-01 07:17:00,3,60.723,2.364,28.902,1,1,1113.31,1,114.993,0,normal,0,nominal
2026-01-01 07:18:00,1,75.878,3.864,23.939,1,1,1446.104,1,144.883,0,normal,0,nominal
2026-01-01 07:18:00,2,63.729,2.879,27.431,1,1,1257.534,1,128.586,0,normal,0,leak_progression
2026-01-01 07:18:00,3,60.418,2.292,28.721,1,1,1130.232,1,114.81,0,normal,0,nominal
2026-01-01 07:19:00,1,75.161,3.431,24.106,1,1,1415.255,1,138.738,0,normal,0,nominal
2026-01-01 07:19:00,2,64.33,3.58,27.327,1,1,1247.945,1,136.852,0,normal,0,leak_progression
2026-01-01 07:19:00,3,60.498,2.517,28.445,1,1,1129.54,1,117.373,0,normal,0,nominal
2026-01-01 07:20:00,1,73.312,3.343,24.322,1,1,1430.288,1,138.297,0,normal,0,nominal
2026-01-01 07:20:00,2,63.015,2.826,27.113,1,1,1242.463,1,128.021,0,normal,0,leak_progression
2026-01-01 07:20:00,3,60.92,2.554,28.731,1,1,1142.284,1,118.279,0,normal,0,nominal
2026-01-01 07:21:00,1,73.144,3.765,24.534,1,1,1423.588,1,142.897,0,normal,0,nominal
2026-01-01 07:21:00,2,62.336,3.059,27.04,1,1,1242.158,1,131.114,0,normal,0,leak_progression
2026-01-01 07:21:00,3,58.095,2.218,29.066,1,1,1126.938,1,113.83,0,normal,0,nominal
2026-01-01 07:22:00,1,74.401,3.733,24.004,1,1,1411.915,1,142.084,0,normal,0,nominal
2026-01-01 07:22:00,2,61.59,3.172,27.157,1,1,1253.336,1,133.224,0,normal,0,leak_progression
2026-01-01 07:22:00,3,61.241,1.8,29.067,1,1,1099.101,1,107.961,0,normal,0,nominal
2026-01-01 07:23:00,1,74.402,3.644,24.286,1,1,1407.715,1,140.901,0,normal,0,nominal
2026-01-01 07:23:00,2,61.605,2.789,27.439,1,1,1240.467,1,128.458,0,normal,1,leak_progression
2026-01-01 07:23:00,3,60.34,2.196,28.932,1,1,1113.946,1,113.089,0,normal,0,nominal
2026-01-01 07:24:00,1,75.296,3.888,24.246,1,1,1409.889,1,143.782,0,normal,0,nominal
2026-01-01 07:24:00,2,61.658,2.634,27.772,1,1,1272.264,1,128.104,0,normal,1,leak_progression
2026-01-01 07:24:00,3,61.492,2.152,28.872,1,1,1118.12,1,112.738,0,normal,0,nominal
2026-01-01 07:25:00,1,73.895,3.991,23.755,1,1,1418.864,1,145.319,0,normal,0,nominal
2026-01-01 07:25:00,2,61.046,2.849,27.164,1,1,1292.265,1,131.792,0,normal,1,leak_progression
2026-01-01 07:25:00,3,60.868,2.31,28.838,1,1,1103.615,1,113.999,0,normal,0,nominal
2026-01-01 07:26:00,1,76.289,3.551,23.804,1,1,1390.273,1,139.169,0,normal,0,nominal
2026-01-01 07:26:00,2,60.108,2.595,27.358,1,1,1263.53,1,127.923,0,normal,1,leak_progression
2026-01-01 07:26:00,3,60.962,2.218,28.634,1,1,1103.094,1,112.921,0,normal,0,nominal
2026-01-01 07:27:00,1,74.709,3.844,23.732,1,1,1415.989,1,143.512,0,normal,0,nominal
2026-01-01 07:27:00,2,58.696,2.216,27.313,1,1,1256.884,1,123.353,0,normal,1,leak_progression
2026-01-01 07:27:00,3,61.111,2.364,28.917,1,1,1093.63,1,114.246,0,normal,0,nominal
2026-01-01 07:28:00,1,74.617,3.7,23.87,1,1,1408.712,1,141.579,0,normal,0,nominal
2026-01-01 07:28:00,2,57.863,2.521,27.661,1,1,1235.071,1,126.56,0,warning,1,leak_progression
2026-01-01 07:28:00,3,60.439,2.511,29.51,1,1,1100.112,1,116.177,0,normal,0,nominal
2026-01-01 07:29:00,1,74.617,3.365,23.961,1,1,1421.873,1,138.228,0,normal,0,nominal
2026-01-01 07:29:00,2,58.546,2.117,27.977,1,1,1249.288,1,122.434,0,warning,1,leak_progression
2026-01-01 07:29:00,3,60.657,2.294,28.996,1,1,1110.707,1,114.087,0,normal,0,nominal
2026-01-01 07:30:00,1,73.993,3.693,24.108,1,1,1394.892,1,140.98,0,normal,0,nominal
2026-01-01 07:30:00,2,58.005,2.236,28.145,1,1,1251.59,1,123.989,0,warning,1,leak_progression
2026-01-01 07:30:00,3,60.854,2.542,28.877,1,1,1086.17,1,116.007,0,normal,0,nominal
2026-01-01 07:31:00,1,74.383,4.008,23.726,1,1,1386.916,1,144.295,0,normal,0,nominal
2026-01-01 07:31:00,2,57.005,2.123,28.14,1,1,1264.192,1,123.079,0,warning,1,leak_progression
2026-01-01 07:31:00,3,61.514,2.717,28.832,1,1,1084.346,1,117.955,0,normal,0,nominal
2026-01-01 07:32:00,1,75.708,4.189,23.804,1,1,1378.865,1,146.074,0,normal,0,nominal
2026-01-01 07:32:00,2,57.814,2.654,28.102,1,1,1250.008,1,129.074,0,warning,1,leak_progression
2026-01-01 07:32:00,3,61.713,2.765,29.044,1,1,1083.653,1,118.476,0,normal,0,nominal
2026-01-01 07:33:00,1,74.715,3.877,23.545,1,1,1402.164,1,143.362,0,normal,0,nominal
2026-01-01 07:33:00,2,58.015,2.243,28.037,1,1,1234.229,1,123.413,0,warning,1,leak_progression
2026-01-01 07:33:00,3,61.389,2.515,29.219,1,1,1090.313,1,115.852,0,normal,0,nominal
2026-01-01 07:34:00,1,74.393,3.785,23.7,1,1,1420.536,1,143.008,0,normal,0,nominal
2026-01-01 07:34:00,2,57.733,2.365,27.832,1,1,1250.102,1,125.521,0,warning,1,leak_progression
2026-01-01 07:34:00,3,61.505,2.187,29.143,1,1,1110.07,1,112.831,0,normal,0,nominal
2026-01-01 07:35:00,1,74.734,4.096,23.923,1,1,1438.049,1,147.247,0,normal,0,nominal
2026-01-01 07:35:00,2,59.839,2.266,27.869,1,1,1259.491,1,124.656,0,warning,1,leak_progression
2026-01-01 07:35:00,3,61.629,2.248,29.27,1,1,1125.38,1,114.121,0,normal,0,nominal
2026-01-01 07:36:00,1,74.385,4.117,23.611,1,1,1430.68,1,147.217,0,normal,0,nominal
2026-01-01 07:36:00,2,58.816,1.961,27.989,1,1,1277.058,1,121.569,0,warning,1,leak_progression
2026-01-01 07:36:00,3,60.237,2.446,29.536,1,1,1129.492,1,116.55,0,normal,0,nominal
2026-01-01 07:37:00,1,73.845,3.917,23.698,1,1,1436.374,1,145.125,0,normal,0,nominal
2026-01-01 07:37:00,2,58.742,2.165,27.859,1,1,1274.167,1,123.966,0,warning,1,leak_progression
2026-01-01 07:37:00,3,61.115,2.34,29.219,1,1,1134.25,1,115.511,0,normal,0,nominal
2026-01-01 07:38:00,1,74.613,3.586,23.666,1,1,1452.076,1,141.914,0,normal,0,nominal
2026-01-01 07:38:00,2,58.13,2.341,27.572,1,1,1272.039,1,126.061,0,warning,1,leak_progression
2026-01-01 07:38:00,3,62.675,2.295,29.166,1,1,1120.322,1,114.47,0,normal,0,nominal
2026-01-01 07:39:00,1,73.346,3.713,23.795,1,1,1429.143,1,142.512,0,normal,0,nominal
2026-01-01 07:39:00,2,57.447,2.555,27.847,1,1,1250.613,1,127.888,0,warning,1,leak_progression
2026-01-01 07:39:00,3,61.894,2.414,29.052,1,1,1111.302,1,115.491,0,normal,0,nominal
2026-01-01 07:40:00,1,74.651,3.754,24.012,1,1,1434.872,1,143.202,0,normal,0,nominal
2026-01-01 07:40:00,2,57.979,2.57,28.232,1,1,1267.026,1,128.69,0,warning,1,leak_progression
2026-01-01 07:40:00,3,62.447,2.633,28.888,1,1,1121.388,1,118.392,0,normal,0,nominal
2026-01-01 07:41:00,1,75.781,3.738,24.085,1,1,1442.537,1,143.309,0,normal,0,nominal
2026-01-01 07:41:00,2,58.939,2.294,28.218,1,1,1256.845,1,124.902,0,warning,1,leak_progression
2026-01-01 07:41:00,3,60.883,2.823,29.026,1,1,1116.922,1,120.403,0,normal,0,nominal
2026-01-01 07:42:00,1,74.665,3.781,24.057,1,1,1427.909,1,143.244,0,normal,0,nominal
2026-01-01 07:42:00,2,58.132,2.482,28.296,1,1,1285.764,1,128.314,0,warning,1,leak_progression
2026-01-01 07:42:00,3,61.857,2.611,28.948,1,1,1128.515,1,118.409,0,normal,0,nominal
2026-01-01 07:43:00,1,73.496,3.462,23.807,1,1,1425.727,1,139.496,0,normal,0,nominal
2026-01-01 07:43:00,2,57.013,2.866,28.032,1,1,1268.5,1,132.396,0,warning,1,leak_progression
2026-01-01 07:43:00,3,62.091,2.478,28.746,1,1,1124.081,1,116.71,0,normal,0,nominal
2026-01-01 07:44:00,1,74.134,3.317,23.771,1,1,1422.81,1,137.713,0,normal,0,nominal
2026-01-01 07:44:00,2,57.116,2.749,28.208,1,1,1265.29,1,130.834,0,warning,1,leak_progression
2026-01-01 07:44:00,3,60.246,2.247,28.74,1,1,1105.337,1,113.348,0,normal,0,nominal
2026-01-01 07:45:00,1,74.464,3.255,23.695,1,1,1394.514,1,135.927,0,normal,0,nominal
2026-01-01 07:45:00,2,58.084,2.636,28.332,1,1,1281.106,1,130.043,0,warning,1,leak_progression
2026-01-01 07:45:00,3,60.121,2.114,28.779,1,1,1107.463,1,111.893,0,normal,0,nominal
2026-01-01 07:46:00,1,73.558,3.209,23.73,1,1,1417.081,1,136.254,0,normal,0,nominal
2026-01-01 07:46:00,2,57.504,2.816,28.112,1,1,1276.27,1,132.076,0,warning,1,leak_progression
2026-01-01 07:46:00,3,59.218,2.613,29.025,1,1,1120.693,1,118.139,0,normal,0,nominal
2026-01-01 07:47:00,1,74.86,3.564,23.65,1,1,1426.499,1,140.689,0,normal,0,nominal
2026-01-01 07:47:00,2,59.035,2.506,27.984,1,1,1252.427,1,127.346,0,warning,1,leak_progression
2026-01-01 07:47:00,3,59.904,2.528,29.009,1,1,1132.915,1,117.617,0,normal,0,nominal
2026-01-01 07:48:00,1,75.19,3.794,23.85,1,1,1430.807,1,143.499,0,normal,0,nominal
2026-01-01 07:48:00,2,59.163,2.039,27.94,1,1,1257.326,1,121.779,0,warning,1,leak_progression
2026-01-01 07:48:00,3,60.186,2.823,28.519,1,1,1128.598,1,120.851,0,normal,0,nominal
2026-01-01 07:49:00,1,74.489,3.813,23.783,1,1,1401.532,1,142.61,0,normal,0,nominal
2026-01-01 07:49:00,2,59.598,2.199,28.326,1,1,1261.976,1,123.926,0,warning,1,leak_progression
2026-01-01 07:49:00,3,60.881,2.652,28.499,1,1,1144.267,1,119.479,0,normal,0,nominal
2026-01-01 07:50:00,1,80.037,3.754,23.889,1,1,1413.86,1,142.397,0,normal,0,nominal
2026-01-01 07:50:00,2,59.163,2.57,28.508,1,1,1246.493,1,127.906,0,warning,1,leak_progression
2026-01-01 07:50:00,3,61.052,2.295,28.599,1,1,1133.325,1,114.957,0,normal,0,nominal
2026-01-01 07:51:00,1,75.904,3.511,24.321,1,1,1384.975,1,138.507,0,normal,0,nominal
2026-01-01 07:51:00,2,58.84,2.744,28.603,1,1,1249.05,1,130.157,0,warning,1,leak_progression
2026-01-01 07:51:00,3,60.787,2.315,28.682,1,1,1131.74,1,115.125,0,normal,0,nominal
2026-01-01 07:52:00,1,74.157,3.661,24.053,1,1,1405.869,1,141.026,0,normal,0,nominal
2026-01-01 07:52:00,2,58.302,2.658,28.478,1,1,1248.078,1,129.051,0,warning,1,leak_progression
2026-01-01 07:52:00,3,61.272,2.278,29.178,1,1,1120.591,1,114.278,0,normal,0,nominal
2026-01-01 07:53:00,1,73.97,3.797,23.993,1,1,1412.953,1,142.863,0,normal,0,nominal
2026-01-01 07:53:00,2,59.653,2.828,28.144,1,1,1263.621,1,131.745,0,warning,1,leak_progression
2026-01-01 07:53:00,3,61.124,1.988,28.996,1,1,1104.642,1,110.341,0,normal,0,nominal
2026-01-01 07:54:00,1,73.526,3.897,23.955,1,1,1411.986,1,143.969,0,normal,0,nominal
2026-01-01 07:54:00,2,60.08,2.553,27.7,1,1,1245.958,1,127.675,0,warning,1,leak_progression
2026-01-01 07:54:00,3,60.249,2.513,29.144,1,1,1109.253,1,116.555,0,normal,0,nominal
2026-01-01 07:55:00,1,73.121,3.674,24.13,1,1,1421.111,1,141.758,0,normal,0,nominal
2026-01-01 07:55:00,2,59.374,2.832,28.153,1,1,1240.773,1,130.927,0,warning,1,leak_progression
2026-01-01 07:55:00,3,59.528,2.823,29.098,1,1,1103.15,1,119.887,0,normal,0,nominal
2026-01-01 07:56:00,1,73.358,3.928,24.38,1,1,1417.217,1,144.527,0,normal,0,nominal
2026-01-01 07:56:00,2,59.392,2.381,28.008,1,1,1238.797,1,125.29,0,warning,1,leak_progression
2026-01-01 07:56:00,3,59.48,2.483,28.67,1,1,1117.177,1,116.509,0,normal,0,nominal
2026-01-01 07:57:00,1,73.902,3.558,24.587,1,1,1410.201,1,140.001,0,normal,0,nominal
2026-01-01 07:57:00,2,57.196,2.109,28.062,1,1,1244.097,1,122.139,0,warning,1,leak_progression
2026-01-01 07:57:00,3,59.052,2.6,28.841,1,1,1096.437,1,117.069,0,normal,0,nominal
2026-01-01 07:58:00,1,74.268,3.342,24.499,1,1,1417.078,1,137.781,0,normal,0,nominal
2026-01-01 07:58:00,2,58.637,2.137,27.853,1,1,1247.311,1,122.606,0,warning,1,leak_progression
2026-01-01 07:58:00,3,57.869,2.477,28.71,1,1,1118.19,1,116.474,0,normal,0,nominal
2026-01-01 07:59:00,1,73.762,3.797,24.209,1,1,1419.569,1,143.107,0,normal,0,nominal
2026-01-01 07:59:00,2,59.449,2.094,27.771,1,1,1242.774,1,121.899,0,warning,1,leak_progression
2026-01-01 07:59:00,3,59.49,2.283,28.815,1,1,1131.867,1,114.769,0,normal,0,nominal
2026-01-01 06:00:00,1,74.499,3.496,23.461,1,1,1413.187,1,139.411,0,normal,0,nominal
2026-01-01 06:00:00,2,68.287,2.953,25.927,1,1,1227.132,1,126.087,0,normal,0,nominal
2026-01-01 06:00:00,3,59.923,2.198,28.596,1,1,1133.43,1,113.844,0,normal,0,nominal
2026-01-01 06:01:00,1,74.346,3.564,23.414,1,1,1420.02,1,140.446,0,normal,0,nominal
2026-01-01 06:01:00,2,67.651,3.071,26.285,1,1,1244.443,1,128.107,0,normal,0,nominal
2026-01-01 06:01:00,3,61.292,2.354,28.729,1,1,1114.306,1,114.92,0,normal,0,nominal
2026-01-01 06:02:00,1,74.539,3.593,23.394,1,1,1438.194,1,141.471,0,normal,0,nominal
2026-01-01 06:02:00,2,66.959,2.555,26.465,1,1,1207.657,1,120.775,0,normal,0,nominal
2026-01-01 06:02:00,3,62.47,2.38,28.664,1,1,1131.775,1,115.875,0,normal,0,nominal
2026-01-01 06:03:00,1,73.636,3.391,23.302,1,1,1431.698,1,138.906,0,normal,0,nominal
2026-01-01 06:03:00,2,66.407,2.734,26.476,1,1,1237.809,1,123.975,0,normal,0,nominal
2026-01-01 06:03:00,3,61.929,2.098,28.959,1,1,1124.833,1,112.37,0,normal,0,nominal
2026-01-01 06:04:00,1,74.304,3.766,23.221,1,1,1416.067,1,142.625,0,normal,0,nominal
2026-01-01 06:04:00,2,66.448,3.079,26.365,1,1,1234.746,1,127.834,0,normal,0,nominal
2026-01-01 06:04:00,3,61.565,1.753,29.03,1,1,1120.988,1,108.26,0,normal,0,nominal
2026-01-01 06:05:00,1,73.348,3.755,23.097,1,1,1406.591,1,142.133,0,normal,0,nominal
2026-01-01 06:05:00,2,66.954,3.151,26.21,1,1,1232.042,1,128.554,0,normal,0,nominal
2026-01-01 06:05:00,3,61.496,2.173,28.944,1,1,1119.277,1,113.02,0,normal,0,nominal
2026-01-01 06:06:00,1,73.325,3.635,23.284,1,1,1440.32,1,142.04,0,normal,0,nominal
2026-01-01 06:06:00,2,66.764,3.246,26.588,1,1,1242.968,1,130.064,0,normal,0,nominal
2026-01-01 06:06:00,3,62.379,2.175,28.984,1,1,1115.084,1,112.888,0,normal,0,nominal
2026-01-01 06:07:00,1,73.306,3.466,23.252,1,1,1419.907,1,139.316,0,normal,0,nominal
2026-01-01 06:07:00,2,65.593,3.037,26.183,1,1,1251.713,1,127.987,0,normal,0,nominal
2026-01-01 06:07:00,3,62.549,2.336,28.481,1,1,1104.889,1,114.352,0,normal,0,nominal
2026-01-01 06:08:00,1,73.653,3.374,23.151,1,1,1441.34,1,139.073,0,normal,0,nominal
2026-01-01 06:08:00,2,64.628,2.986,25.951,1,1,1268.514,1,128.04,0,normal,0,nominal
2026-01-01 06:08:00,3,62.408,2.277,28.231,1,1,1106.421,1,113.733,0,normal,0,nominal
2026-01-01 06:09:00,1,74.643,3.664,23.376,1,1,1429.205,1,141.944,0,normal,0,nominal
2026-01-01 06:09:00,2,66.36,2.721,25.869,1,1,1257.953,1,124.59,0,normal,0,nominal
2026-01-01 06:09:00,3,62.466,2.188,28.479,1,1,1118.047,1,113.149,0,normal,0,nominal
2026-01-01 06:10:00,1,73.188,3.288,23.197,1,1,1431.996,1,137.726,0,normal,0,nominal
2026-01-01 06:10:00,2,66.9,2.928,26.398,1,1,1257.887,1,126.968,0,normal,0,nominal
2026-01-01 06:10:00,3,61.105,2.126,28.59,1,1,1121.779,1,112.58,0,normal,0,nominal
2026-01-01 06:11:00,1,74.988,3.815,23.098,1,1,1444.505,1,144.266,0,normal,0,nominal
2026-01-01 06:11:00,2,66.018,2.648,26.152,1,1,1241.505,1,123.131,0,normal,0,nominal
2026-01-01 06:11:00,3,61.682,2.256,28.731,1,1,1112.516,1,113.723,0,normal,0,nominal
2026-01-01 06:12:00,1,74.893,3.551,23.013,1,1,1442.057,1,141.132,0,normal,0,nominal
2026-01-01 06:12:00,2,67.571,3.259,26.254,1,1,1271.763,1,131.306,0,normal,0,nominal
2026-01-01 06:12:00,3,62.816,2.02,28.898,1,1,1112.158,1,111.266,0,normal,0,leak_progression
2026-01-01 06:13:00,1,73.825,3.362,23.291,1,1,1419.301,1,138.091,0,normal,0,nominal
2026-01-01 06:13:00,2,67.372,3.321,26.197,1,1,1255.848,1,131.412,0,normal,0,nominal
2026-01-01 06:13:00,3,62.599,2.212,29.23,1,1,1118.801,1,114.017,0,normal,0,leak_progression
2026-01-01 06:14:00,1,73.32,3.604,23.707,1,1,1420.797,1,140.941,0,normal,0,nominal
2026-01-01 06:14:00,2,67.224,2.617,26.436,1,1,1269.214,1,123.824,0,normal,0,nominal
2026-01-01 06:14:00,3,61.291,2.34,29.484,1,1,1144.086,1,116.747,0,normal,0,leak_progression
2026-01-01 06:15:00,1,72.729,3.522,23.63,1,1,1440.183,1,140.734,0,normal,0,nominal
2026-01-01 06:15:00,2,67.496,3.045,26.316,1,1,1262.433,1,128.494,0,normal,0,nominal
2026-01-01 06:15:00,3,60.945,2.347,29.654,1,1,1124.662,1,116.38,0,normal,0,leak_progression
2026-01-01 06:16:00,1,74.743,3.782,23.688,1,1,1437.289,1,143.607,0,normal,0,nominal
2026-01-01 06:16:00,2,67.455,2.356,26.143,1,1,1258.76,1,120.43,0,normal,0,nominal
2026-01-01 06:16:00,3,59.089,2.242,29.328,1,1,1124.857,1,115.451,0,normal,0,leak_progression
2026-01-01 06:17:00,1,75.554,3.379,23.786,1,1,1411.277,1,137.987,0,normal,0,nominal
2026-01-01 06:17:00,2,68.245,2.77,26.631,1,1,1247.908,1,124.777,0,normal,0,nominal
2026-01-01 06:17:00,3,59.196,2.128,29.704,1,1,1133.285,1,114.721,0,normal,0,leak_progression
2026-01-01 06:18:00,1,75.688,3.625,23.912,1,1,1412.883,1,140.876,0,normal,0,nominal
2026-01-01 06:18:00,2,67.721,2.785,26.997,1,1,1241.984,1,124.725,0,normal,0,nominal
2026-01-01 06:18:00,3,59.204,2.034,29.793,1,1,1117.549,1,113.297,0,normal,0,leak_progression
2026-01-01 06:19:00,1,74.833,3.702,24.104,1,1,1416.698,1,141.904,0,normal,0,nominal
2026-01-01 06:19:00,2,66.429,2.903,26.891,1,1,1246.678,1,126.257,0,normal,0,nominal
2026-01-01 06:19:00,3,58.759,2.028,29.329,1,1,1115.608,1,113.423,0,normal,0,leak_progression
2026-01-01 06:20:00,1,74.838,3.898,23.763,1,1,1392.64,1,143.251,0,normal,0,nominal
2026-01-01 06:20:00,2,66.132,2.612,26.701,1,1,1229.111,1,122.242,0,normal,0,nominal
2026-01-01 06:20:00,3,59.02,2.077,29.63,1,1,1109.473,1,114.06,0,normal,0,leak_progression
2026-01-01 06:21:00,1,73.378,3.467,23.933,1,1,1390.433,1,138.206,0,normal,0,nominal
2026-01-01 06:21:00,2,66.93,3.022,26.686,1,1,1246.245,1,127.609,0,normal,0,nominal
2026-01-01 06:21:00,3,57.252,2.119,29.516,1,1,1102.509,1,114.573,0,normal,0,leak_progression
2026-01-01 06:22:00,1,72.961,3.676,24.077,1,1,1422.249,1,141.814,0,normal,0,nominal
2026-01-01 06:22:00,2,67.934,2.948,26.426,1,1,1251.719,1,126.969,0,normal,0,nominal
2026-01-01 06:22:00,3,56.185,1.903,30.031,1,1,1100.756,1,112.209,0,normal,0,leak_progression
2026-01-01 06:23:00,1,72.083,3.922,23.691,1,1,1428.382,1,144.88,0,normal,0,nominal
2026-01-01 06:23:00,2,68.083,2.765,26.475,1,1,1245.32,1,124.619,0,normal,0,nominal
2026-01-01 06:23:00,3,57.842,1.752,30.138,1,1,1113.726,1,111.153,0,normal,1,leak_progression
2026-01-01 06:24:00,1,73.071,3.718,23.949,1,1,1445.279,1,143.173,0,normal,0,nominal
2026-01-01 06:24:00,2,68.166,3.102,26.411,1,1,1250.729,1,128.7,0,normal,0,nominal
2026-01-01 06:24:00,3,55.545,2.07,30.279,1,1,1108.333,1,115.06,0,normal,1,leak_progression
2026-01-01 06:25:00,1,74.009,3.719,24.092,1,1,1426.938,1,142.487,0,normal,0,nominal
2026-01-01 06:25:00,2,67.907,2.984,26.49,1,1,1253.668,1,127.454,0,normal,0,nominal
2026-01-01 06:25:00,3,55.278,2.115,30.403,1,1,1099.285,1,115.547,0,normal,1,leak_progression
2026-01-01 06:26:00,1,73.963,3.976,24.189,1,1,1433.824,1,145.71,0,normal,0,nominal
2026-01-01 06:26:00,2,66.676,3.12,26.408,1,1,1259.176,1,129.229,0,normal,0,nominal
2026-01-01 06:26:00,3,56.042,2.25,30.007,1,1,1105.924,1,117.736,0,normal,1,leak_progression
2026-01-01 06:27:00,1,73.442,3.796,23.983,1,1,1434.071,1,143.648,0,normal,0,nominal
2026-01-01 06:27:00,2,68.39,3.009,26.251,1,1,1259.532,1,127.97,0,normal,0,nominal
2026-01-01 06:27:00,3,55.25,2.064,29.939,1,1,1107.138,1,115.806,0,normal,1,leak_progression
2026-01-01 06:28:00,1,73.633,3.721,24.05,1,1,1424.249,1,142.408,0,normal,0,nominal
2026-01-01 06:28:00,2,67.396,2.829,25.937,1,1,1258.393,1,125.856,0,normal,0,nominal
2026-01-01 06:28:00,3,54.118,1.915,30.112,1,1,1113.331,1,114.497,0,warning,1,leak_progression
2026-01-01 06:29:00,1,72.429,3.515,23.669,1,1,1415.964,1,139.733,0,normal,0,nominal
2026-01-01 06:29:00,2,66.911,2.742,25.767,1,1,1240.287,1,124.168,0,normal,0,nominal
2026-01-01 06:29:00,3,52.794,2.168,30.112,1,1,1102.825,1,117.498,0,warning,1,leak_progression
2026-01-01 06:30:00,1,72.992,3.638,23.793,1,1,1420.984,1,141.337,0,normal,0,nominal
2026-01-01 06:30:00,2,67.197,2.926,26.086,1,1,1256.083,1,126.879,0,normal,0,nominal
2026-01-01 06:30:00,3,51.22,1.806,30.198,1,1,1104.31,1,113.093,0,warning,1,leak_progression
2026-01-01 06:31:00,1,73.356,3.569,23.953,1,1,1416.452,1,140.366,0,normal,0,nominal
2026-01-01 06:31:00,2,65.773,3.121,26.335,1,1,1253.887,1,129.042,0,normal,0,nominal
2026-01-01 06:31:00,3,50.994,2.123,30.323,1,1,1116.92,1,117.471,0,warning,1,leak_progression
2026-01-01 06:32:00,1,73.523,3.874,24.216,1,1,1411.111,1,143.676,0,normal,0,nominal
2026-01-01 06:32:00,2,66.312,3.186,26.117,1,1,1247.855,1,129.559,0,normal,0,nominal
2026-01-01 06:32:00,3,51.13,1.906,30.308,1,1,1122.591,1,115.017,0,warning,1,leak_progression
2026-01-01 06:33:00,1,74.071,3.445,23.948,1,1,1421.973,1,139.147,0,normal,0,nominal
2026-01-01 06:33:00,2,67.043,2.814,26.038,1,1,1234.672,1,124.777,0,normal,0,nominal
2026-01-01 06:33:00,3,50.141,2.102,30.306,1,1,1133.199,1,117.834,0,warning,1,leak_progression
2026-01-01 06:34:00,1,72.97,3.688,23.724,1,1,1427.281,1,142.145,0,normal,0,nominal
2026-01-01 06:34:00,2,66.532,2.803,26.292,1,1,1238.709,1,124.804,0,normal,0,nominal
2026-01-01 06:34:00,3,50.756,1.961,29.989,1,1,1143.403,1,116.491,0,warning,1,leak_progression
2026-01-01 06:35:00,1,73.837,3.114,23.698,1,1,1403.845,1,134.655,0,normal,0,nominal
2026-01-01 06:35:00,2,67.215,2.56,26.361,1,1,1242.104,1,122.135,0,normal,0,nominal
2026-01-01 06:35:00,3,50.954,2.238,30.012,1,1,1109.844,1,118.629,0,warning,1,leak_progression
2026-01-01 06:36:00,1,72.947,3.332,23.5,1,1,1409.703,1,137.392,0,normal,0,nominal
2026-01-01 06:36:00,2,67.698,2.247,26.384,1,1,1258.568,1,119.163,0,normal,0,nominal
2026-01-01 06:36:00,3,52.163,2.368,29.966,1,1,1104.922,1,120.04,0,warning,1,leak_progression
2026-01-01 06:37:00,1,73.813,3.805,23.725,1,1,1431.496,1,143.651,0,normal,0,nominal
2026-01-01 06:37:00,2,65.966,2.678,26.446,1,1,1261.222,1,124.219,0,normal,0,nominal
2026-01-01 06:37:00,3,52.297,2.108,30.123,1,1,1126.122,1,117.647,0,warning,1,leak_progression
2026-01-01 06:38:00,1,74.956,3.804,23.815,1,1,1410.807,1,142.852,0,normal,0,nominal
2026-01-01 06:38:00,2,66.683,2.716,26.516,1,1,1251.546,1,124.294,0,normal,0,nominal
2026-01-01 06:38:00,3,53.046,1.906,30.334,1,1,1117.761,1,114.829,0,warning,1,leak_progression
2026-01-01 06:39:00,1,74.156,3.772,24.108,1,1,1404.318,1,142.244,0,normal,0,nominal
2026-01-01 06:39:00,2,66.785,2.697,26.126,1,1,1240.568,1,123.657,0,normal,0,nominal
2026-01-01 06:39:00,3,53.322,2.07,30.338,1,1,1116.156,1,116.792,0,warning,1,leak_progression
2026-01-01 06:40:00,1,74.068,3.623,23.761,1,1,1418.46,1,141.07,0,normal,0,nominal
2026-01-01 06:40:00,2,67.142,2.861,26.262,1,1,1242.008,1,125.598,0,normal,0,nominal
2026-01-01 06:40:00,3,53.131,1.78,30.168,1,1,1129.995,1,113.745,0,warning,1,leak_progression
2026-01-01 06:41:00,1,74.872,3.887,23.749,1,1,1430.183,1,144.546,0,normal,0,nominal
2026-01-01 06:41:00,2,67.566,2.876,26.633,1,1,1233.686,1,125.452,0,normal,0,nominal
2026-01-01 06:41:00,3,51.841,1.941,30.416,1,1,1109.63,1,114.951,0,warning,1,leak_progression
2026-01-01 06:42:00,1,77.249,3.706,23.79,1,1,1407.299,1,141.595,0,normal,0,nominal
2026-01-01 06:42:00,2,67.804,3.18,26.716,1,1,1242.511,1,129.286,0,normal,0,nominal
2026-01-01 06:42:00,3,50.286,2.101,30.48,1,1,1115.266,1,117.142,0,warning,1,leak_progression
2026-01-01 06:43:00,1,75.49,3.744,23.446,1,1,1408.969,1,142.102,0,normal,0,nominal
2026-01-01 06:43:00,2,66.811,2.771,26.706,1,1,1259.466,1,125.221,0,normal,0,nominal
2026-01-01 06:43:00,3,51.327,2.11,30.761,1,1,1133.718,1,117.951,0,warning,1,leak_progression
2026-01-01 06:44:00,1,75.889,3.397,23.687,1,1,1409.356,1,138.121,0,normal,0,nominal
2026-01-01 06:44:00,2,66.021,2.767,26.585,1,1,1232.125,1,124.143,0,normal,0,nominal
2026-01-01 06:44:00,3,51.243,2.124,30.337,1,1,1103.814,1,116.989,0,warning,1,leak_progression
2026-01-01 06:45:00,1,74.539,3.245,23.788,1,1,1413.659,1,136.537,0,normal,0,nominal
2026-01-01 06:45:00,2,66.34,3.057,26.517,1,1,1244.278,1,127.94,0,normal,0,nominal
2026-01-01 06:45:00,3,52.353,1.905,30.141,1,1,1120.547,1,114.924,0,warning,1,leak_progression
2026-01-01 06:46:00,1,74.648,3.121,23.796,1,1,1424.588,1,135.523,0,normal,0,nominal
2026-01-01 06:46:00,2,66.685,2.933,26.637,1,1,1244.541,1,126.524,0,normal,0,nominal
2026-01-01 06:46:00,3,52.317,2.2,30.304,1,1,1105.485,1,117.988,0,warning,1,leak_progression
2026-01-01 06:47:00,1,74.364,3.6,23.603,1,1,1418.915,1,140.818,0,normal,0,nominal
2026-01-01 06:47:00,2,66.917,2.623,26.528,1,1,1240.87,1,122.818,0,normal,0,nominal
2026-01-01 06:47:00,3,52.672,1.954,30.177,1,1,1118.549,1,115.449,0,warning,1,leak_progression
2026-01-01 06:48:00,1,73.981,3.538,23.643,1,1,1438.44,1,140.853,0,normal,0,nominal
2026-01-01 06:48:00,2,66.824,2.372,26.182,1,1,1246.098,1,120.131,0,normal,0,nominal
2026-01-01 06:48:00,3,52.455,2.036,30.516,1,1,1119.258,1,116.491,0,warning,1,leak_progression
2026-01-01 06:49:00,1,73.147,3.64,23.933,1,1,1440.659,1,142.106,0,normal,0,nominal
2026-01-01 06:49:00,2,67.117,2.673,26.6,1,1,1247.547,1,123.651,0,normal,0,nominal
2026-01-01 06:49:00,3,50.535,2.023,30.245,1,1,1117.11,1,116.247,0,warning,1,leak_progression
2026-01-01 06:50:00,1,71.894,3.728,24.073,1,1,1428.425,1,142.649,0,normal,0,nominal
2026-01-01 06:50:00,2,66.475,2.863,26.491,1,1,1251.148,1,125.972,0,normal,0,nominal
2026-01-01 06:50:00,3,50.884,1.84,30.384,1,1,1132.631,1,114.582,0,warning,1,leak_progression
2026-01-01 06:51:00,1,73.285,3.69,24.229,1,1,1409.978,1,141.515,0,normal,0,nominal
2026-01-01 06:51:00,2,66.324,3.063,26.749,1,1,1243.618,1,127.983,0,normal,0,nominal
2026-01-01 06:51:00,3,51.834,2.003,30.625,1,1,1129.732,1,116.482,0,warning,1,leak_progression
2026-01-01 06:52:00,1,73.117,3.851,24.291,1,1,1448.203,1,144.813,0,normal,0,nominal
2026-01-01 06:52:00,2,65.584,3.917,26.755,1,1,1276.063,1,139.031,0,normal,0,nominal
2026-01-01 06:52:00,3,52.837,1.945,30.518,1,1,1120.877,1,115.432,0,warning,1,leak_progression
2026-01-01 06:53:00,1,74.203,4.071,24.178,1,1,1433.176,1,146.78,0,normal,0,nominal
2026-01-01 06:53:00,2,66.134,3.532,26.6,1,1,1279.374,1,134.729,0,normal,0,nominal
2026-01-01 06:53:00,3,51.775,2.126,30.603,1,1,1118.723,1,117.586,0,warning,1,leak_progression
2026-01-01 06:54:00,1,74.587,4.061,24.142,1,1,1424.563,1,146.333,0,normal,0,nominal
2026-01-01 06:54:00,2,66.127,3.075,26.868,1,1,1277.369,1,129.403,0,normal,0,nominal
2026-01-01 06:54:00,3,52.66,1.887,30.636,1,1,1125.648,1,114.895,0,warning,1,leak_progression
2026-01-01 06:55:00,1,74.344,3.797,23.736,1,1,1435.481,1,143.714,0,normal,0,nominal
2026-01-01 06:55:00,2,66.767,2.668,26.712,1,1,1250.187,1,123.693,0,normal,0,nominal
2026-01-01 06:55:00,3,51.621,2.001,30.354,1,1,1117.13,1,115.979,0,warning,1,leak_progression
2026-01-01 06:56:00,1,73.977,3.656,24.035,1,1,1415.22,1,141.317,0,normal,0,nominal
2026-01-01 06:56:00,2,66.319,2.708,26.62,1,1,1255.361,1,124.343,0,normal,0,nominal
2026-01-01 06:56:00,3,53.063,2.079,30.434,1,1,1128.277,1,117.362,0,warning,1,leak_progression
2026-01-01 06:57:00,1,74.436,3.671,24.063,1,1,1436.739,1,142.313,0,normal,0,nominal
2026-01-01 06:57:00,2,66.672,2.347,26.385,1,1,1242.651,1,119.709,0,normal,0,nominal
2026-01-01 06:57:00,3,52.686,2.252,30.554,1,1,1137.373,1,119.849,0,warning,1,leak_progression
2026-01-01 06:58:00,1,74.616,3.852,24.059,1,1,1439.459,1,144.496,0,normal,0,nominal
2026-01-01 06:58:00,2,66.433,3.062,26.409,1,1,1228.304,1,127.385,0,normal,0,nominal
2026-01-01 06:58:00,3,52.578,2.251,30.71,1,1,1125.368,1,119.371,0,warning,1,leak_progression
2026-01-01 06:59:00,1,75.151,3.785,24.265,1,1,1425.968,1,143.212,0,normal,0,nominal
2026-01-01 06:59:00,2,66.458,3.26,26.08,1,1,1243.723,1,130.253,0,normal,0,nominal
2026-01-01 06:59:00,3,51.743,2.047,30.643,1,1,1104.407,1,116.06,0,warning,1,leak_progression
2026-01-01 07:00:00,1,74.023,3.867,24.008,1,1,1441.585,1,144.756,0,normal,0,nominal
2026-01-01 07:00:00,2,69.924,3.373,26.313,1,1,1244.363,1,131.581,0,normal,0,nominal
2026-01-01 07:00:00,3,50.641,2.17,30.724,1,1,1086.782,1,116.905,0,warning,1,leak_progression
2026-01-01 07:01:00,1,72.122,3.76,23.974,1,1,1447.609,1,143.751,0,normal,0,nominal
2026-01-01 07:01:00,2,68.718,3.32,26.242,1,1,1223.713,1,130.181,0,normal,0,nominal
2026-01-01 07:01:00,3,51.639,2.015,31.115,1,1,1082.062,1,114.819,0,warning,1,leak_progression
2026-01-01 07:02:00,1,74.365,3.867,23.971,1,1,1436.541,1,144.555,0,normal,0,nominal
2026-01-01 07:02:00,2,67.345,2.94,26.429,1,1,1220.368,1,125.684,0,normal,0,nominal
2026-01-01 07:02:00,3,52.843,1.761,31.075,1,1,1113.173,1,112.522,0,warning,1,leak_progression
2026-01-01 07:03:00,1,73.742,3.644,23.54,1,1,1443.462,1,142.258,0,normal,0,nominal
2026-01-01 07:03:00,2,67.613,2.699,26.313,1,1,1248.288,1,123.978,0,normal,0,nominal
2026-01-01 07:03:00,3,52.761,1.853,30.704,1,1,1103.778,1,112.932,0,normal,1,leak_progression
2026-01-01 07:04:00,1,73.706,3.845,23.408,1,1,1429.131,1,144.019,0,normal,0,nominal
2026-01-01 07:04:00,2,66.928,2.873,26.629,1,1,1233.766,1,125.425,0,normal,0,nominal
2026-01-01 07:04:00,3,53.025,2.308,30.581,1,1,1107.004,1,118.231,0,normal,1,leak_progression
2026-01-01 07:05:00,1,73.663,3.823,23.739,1,1,1416.765,1,143.306,0,normal,0,nominal
2026-01-01 07:05:00,2,65.554,3.3,26.759,1,1,1225.994,1,130.036,0,normal,0,nominal
2026-01-01 07:05:00,3,51.868,2.145,30.203,1,1,1117.904,1,116.29,0,normal,1,leak_progression
2026-01-01 07:06:00,1,71.995,3.699,23.958,1,1,1426.502,1,142.244,0,normal,0,nominal
2026-01-01 07:06:00,2,66.768,2.996,26.507,1,1,1212.382,1,126.03,0,normal,0,nominal
2026-01-01 07:06:00,3,53.319,2.054,30.087,1,1,1111.482,1,114.586,0,normal,1,leak_progression
2026-01-01 07:07:00,1,72.608,3.819,24.105,1,1,1410.171,1,143.0,0,normal,0,nominal
2026-01-01 07:07:00,2,67.293,2.821,26.524,1,1,1237.477,1,124.968,0,normal,0,nominal
2026-01-01 07:07:00,3,54.015,2.361,30.02,1,1,1116.256,1,118.077,0,normal,0,leak_progression
2026-01-01 07:08:00,1,73.255,4.034,23.758,1,1,1415.787,1,145.691,0,normal,0,nominal
2026-01-01 07:08:00,2,67.073,2.927,26.349,1,1,1260.216,1,127.052,0,normal,0,nominal
2026-01-01 07:08:00,3,55.342,2.421,29.828,1,1,1117.335,1,118.449,0,normal,0,leak_progression
2026-01-01 07:09:00,1,72.244,3.863,23.901,1,1,1410.498,1,143.522,0,normal,0,nominal
2026-01-01 07:09:00,2,68.139,2.71,26.316,1,1,1256.887,1,124.424,0,normal,0,nominal
2026-01-01 07:09:00,3,56.313,2.134,29.794,1,1,1115.583,1,114.605,0,normal,0,leak_progression
2026-01-01 07:10:00,1,73.135,3.926,23.932,1,1,1436.203,1,145.22,0,normal,0,nominal
2026-01-01 07:10:00,2,68.418,2.938,26.443,1,1,1258.02,1,127.094,0,normal,0,nominal
2026-01-01 07:10:00,3,58.111,2.175,30.071,1,1,1125.748,1,115.101,0,normal,0,leak_progression
2026-01-01 07:11:00,1,72.786,3.943,23.906,1,1,1426.93,1,145.066,0,normal,0,nominal
2026-01-01 07:11:00,2,66.236,2.308,26.687,1,1,1258.224,1,119.853,0,normal,0,nominal
2026-01-01 07:11:00,3,58.392,1.991,29.809,1,1,1106.656,1,111.926,0,normal,0,leak_progression
2026-01-01 07:12:00,1,73.86,3.296,23.696,1,1,1412.32,1,137.07,0,normal,0,nominal
2026-01-01 07:12:00,2,67.143,2.115,26.527,1,1,1251.502,1,117.379,0,normal,0,nominal
2026-01-01 07:12:00,3,58.279,2.483,29.678,1,1,1121.839,1,118.283,0,normal,0,leak_progression
2026-01-01 07:13:00,1,72.778,3.316,24.196,1,1,1415.574,1,137.423,0,normal,0,nominal
2026-01-01 07:13:00,2,67.554,2.386,26.283,1,1,1249.847,1,120.431,0,normal,0,nominal
2026-01-01 07:13:00,3,59.522,2.191,29.473,1,1,1120.297,1,114.791,0,normal,0,leak_progression
2026-01-01 07:14:00,1,74.547,3.486,24.106,1,1,1418.162,1,139.484,0,normal,0,nominal
2026-01-01 07:14:00,2,66.112,2.763,26.41,1,1,1245.18,1,124.593,0,normal,0,nominal
2026-01-01 07:14:00,3,58.398,2.159,29.796,1,1,1106.198,1,113.878,0,normal,0,leak_progression
2026-01-01 07:15:00,1,74.98,3.898,23.902,1,1,1412.802,1,144.016,0,normal,0,nominal
2026-01-01 07:15:00,2,66.526,2.769,26.333,1,1,1234.813,1,124.262,0,normal,0,nominal
2026-01-01 07:15:00,3,57.477,2.449,29.424,1,1,1102.597,1,117.152,0,normal,0,leak_progression
2026-01-01 07:16:00,1,75.144,4.298,24.115,1,1,1421.871,1,148.957,0,normal,0,nominal
2026-01-01 07:16:00,2,65.565,2.858,26.33,1,1,1254.553,1,126.041,0,normal,0,nominal
2026-01-01 07:16:00,3,57.902,2.087,29.544,1,1,1103.931,1,112.957,0,normal,0,leak_progression
2026-01-01 07:17:00,1,74.679,3.658,23.882,1,1,1432.925,1,142.021,0,normal,0,nominal
2026-01-01 07:17:00,2,66.226,2.897,26.535,1,1,1268.92,1,127.039,0,normal,0,nominal
2026-01-01 07:17:00,3,58.793,1.661,29.432,1,1,1126.165,1,108.802,0,normal,0,leak_progression
2026-01-01 07:18:00,1,73.492,3.674,23.623,1,1,1428.353,1,142.032,0,normal,0,nominal
2026-01-01 07:18:00,2,66.368,2.788,26.542,1,1,1277.727,1,126.114,0,normal,0,nominal
2026-01-01 07:18:00,3,58.925,1.763,29.043,1,1,1132.773,1,110.248,0,normal,0,leak_progression
2026-01-01 07:19:00,1,74.96,3.639,23.819,1,1,1418.356,1,141.247,0,normal,0,nominal
2026-01-01 07:19:00,2,68.354,2.743,26.051,1,1,1262.696,1,125.025,0,normal,0,nominal
2026-01-01 07:19:00,3,57.959,1.766,29.31,1,1,1110.824,1,109.446,0,normal,0,leak_progression
2026-01-01 07:20:00,1,74.362,3.642,23.598,1,1,1438.648,1,142.056,0,normal,0,nominal
2026-01-01 07:20:00,2,66.269,2.724,26.407,1,1,1286.906,1,125.725,0,normal,0,nominal
2026-01-01 07:20:00,3,58.259,2.142,29.453,1,1,1110.453,1,113.841,0,normal,0,leak_progression
2026-01-01 07:21:00,1,74.988,3.627,23.592,1,1,1425.085,1,141.361,0,normal,0,nominal
2026-01-01 07:21:00,2,66.779,3.092,26.578,1,1,1296.383,1,130.321,0,normal,0,nominal
2026-01-01 07:21:00,3,58.492,1.956,29.469,1,1,1118.86,1,111.976,0,normal,0,leak_progression
2026-01-01 07:22:00,1,74.817,3.604,23.465,1,1,1410.973,1,140.557,0,normal,0,nominal
2026-01-01 07:22:00,2,66.97,2.84,26.575,1,1,1277.112,1,126.69,0,normal,0,nominal
2026-01-01 07:22:00,3,57.727,2.252,28.861,1,1,1086.946,1,114.24,0,normal,0,leak_progression
2026-01-01 07:23:00,1,74.84,3.876,23.383,1,1,1433.121,1,144.53,0,normal,0,nominal
2026-01-01 07:23:00,2,67.881,2.844,26.517,1,1,1242.68,1,125.431,0,normal,0,nominal
2026-01-01 07:23:00,3,58.116,2.325,28.831,1,1,1103.064,1,115.715,0,normal,0,leak_progression
2026-01-01 07:24:00,1,75.423,4.011,23.333,1,1,1442.358,1,146.431,0,normal,0,nominal
2026-01-01 07:24:00,2,66.792,2.917,26.594,1,1,1231.494,1,125.843,0,normal,0,nominal
2026-01-01 07:24:00,3,57.63,2.556,28.681,1,1,1101.462,1,118.357,0,normal,0,leak_progression
2026-01-01 07:25:00,1,75.781,3.846,23.549,1,1,1425.968,1,143.912,0,normal,0,nominal
2026-01-01 07:25:00,2,66.565,3.079,26.565,1,1,1246.394,1,128.274,0,normal,0,nominal
2026-01-01 07:25:00,3,58.05,2.573,28.842,1,1,1100.536,1,118.532,0,normal,0,leak_progression
2026-01-01 07:26:00,1,75.165,4.026,23.726,1,1,1412.185,1,145.459,0,normal,0,nominal
2026-01-01 07:26:00,2,66.998,3.206,26.394,1,1,1247.265,1,129.76,0,normal,0,nominal
2026-01-01 07:26:00,3,57.327,2.576,29.125,1,1,1107.618,1,118.828,0,normal,0,leak_progression
2026-01-01 07:27:00,1,74.373,3.897,23.825,1,1,1420.118,1,144.284,0,normal,0,nominal
2026-01-01 07:27:00,2,67.439,3.149,26.413,1,1,1247.688,1,129.128,0,normal,0,nominal
2026-01-01 07:27:00,3,56.682,2.45,29.142,1,1,1111.118,1,117.479,0,normal,0,leak_progression
2026-01-01 07:28:00,1,75.404,3.641,24.003,1,1,1441.531,1,142.144,0,normal,0,nominal
2026-01-01 07:28:00,2,66.149,3.124,26.233,1,1,1240.336,1,128.562,0,normal,0,nominal
2026-01-01 07:28:00,3,57.235,2.727,29.277,1,1,1107.548,1,120.604,0,normal,0,leak_progression
2026-01-01 07:29:00,1,74.551,3.973,23.965,1,1,1434.741,1,145.71,0,normal,0,nominal
2026-01-01 07:29:00,2,65.952,2.842,26.429,1,1,1257.618,1,125.972,0,normal,0,nominal
2026-01-01 07:29:00,3,59.429,2.577,29.488,1,1,1113.954,1,119.079,0,normal,0,leak_progression
2026-01-01 07:30:00,1,73.24,4.222,23.802,1,1,1415.069,1,147.824,0,normal,0,nominal
2026-01-01 07:30:00,2,67.798,2.922,26.223,1,1,1249.645,1,126.594,0,normal,0,nominal
2026-01-01 07:30:00,3,60.116,2.634,29.529,1,1,1110.961,1,119.64,0,normal,0,leak_progression
2026-01-01 07:31:00,1,74.35,3.912,23.881,1,1,1398.715,1,143.644,0,normal,0,nominal
2026-01-01 07:31:00,2,68.17,2.695,26.354,1,1,1275.039,1,124.948,0,normal,0,nominal
2026-01-01 07:31:00,3,57.401,2.563,29.4,1,1,1100.648,1,118.41,0,normal,0,leak_progression
2026-01-01 07:32:00,1,75.26,3.881,23.801,1,1,1398.76,1,143.285,0,normal,0,nominal
2026-01-01 07:32:00,2,67.974,2.629,26.064,1,1,1261.048,1,123.649,0,normal,0,nominal
2026-01-01 07:32:00,3,55.929,2.558,29.001,1,1,1129.834,1,119.462,0,normal,0,leak_progression
2026-01-01 07:33:00,1,74.799,3.656,23.746,1,1,1401.601,1,140.803,0,normal,0,nominal
2026-01-01 07:33:00,2,67.544,3.0,26.479,1,1,1269.108,1,128.228,0,normal,0,nominal
2026-01-01 07:33:00,3,52.811,2.259,28.982,1,1,1121.863,1,115.646,0,normal,0,leak_progression
2026-01-01 07:34:00,1,74.75,4.047,24.026,1,1,1416.068,1,145.848,0,normal,0,nominal
2026-01-01 07:34:00,2,66.635,2.561,26.759,1,1,1267.835,1,123.134,0,normal,0,nominal
2026-01-01 07:34:00,3,54.331,2.206,29.339,1,1,1128.543,1,115.289,0,normal,0,leak_progression
2026-01-01 07:35:00,1,75.048,4.09,24.105,1,1,1442.696,1,147.362,0,normal,0,nominal
2026-01-01 07:35:00,2,66.896,2.646,26.734,1,1,1249.331,1,123.398,0,normal,0,nominal
2026-01-01 07:35:00,3,55.498,2.503,29.792,1,1,1114.24,1,118.226,0,normal,0,leak_progression
2026-01-01 07:36:00,1,73.893,4.128,24.149,1,1,1437.527,1,147.594,0,normal,0,nominal
2026-01-01 07:36:00,2,67.12,2.744,26.699,1,1,1247.719,1,124.47,0,normal,0,nominal
2026-01-01 07:36:00,3,57.112,2.522,29.891,1,1,1095.495,1,117.741,0,normal,0,leak_progression
2026-01-01 07:37:00,1,73.134,3.954,24.101,1,1,1415.831,1,144.767,0,normal,0,nominal
2026-01-01 07:37:00,2,66.682,2.822,26.794,1,1,1242.302,1,125.166,0,normal,0,nominal
2026-01-01 07:37:00,3,55.368,2.328,29.793,1,1,1128.552,1,116.713,0,normal,0,leak_progression
2026-01-01 07:38:00,1,72.588,3.555,24.182,1,1,1410.208,1,139.967,0,normal,0,nominal
2026-01-01 07:38:00,2,66.515,3.157,26.481,1,1,1254.653,1,129.48,0,normal,0,nominal
2026-01-01 07:38:00,3,57.247,2.233,29.695,1,1,1116.495,1,115.138,0,normal,0,leak_progression
2026-01-01 07:39:00,1,72.179,3.458,24.322,1,1,1425.607,1,139.444,0,normal,0,nominal
2026-01-01 07:39:00,2,66.766,2.532,26.546,1,1,1267.003,1,122.759,0,normal,0,nominal
2026-01-01 07:39:00,3,58.399,2.306,29.461,1,1,1102.536,1,115.465,0,normal,0,leak_progression
2026-01-01 07:40:00,1,71.665,4.123,24.277,1,1,1403.537,1,146.252,0,normal,0,nominal
2026-01-01 07:40:00,2,65.761,2.542,26.746,1,1,1267.958,1,122.914,0,normal,0,nominal
2026-01-01 07:40:00,3,59.139,2.319,29.734,1,1,1105.658,1,115.742,0,normal,0,leak_progression
2026-01-01 07:41:00,1,72.668,3.796,24.096,1,1,1419.023,1,143.073,0,normal,0,nominal
2026-01-01 07:41:00,2,65.829,2.303,26.5,1,1,1262.397,1,119.957,0,normal,0,nominal
2026-01-01 07:41:00,3,58.641,2.227,29.491,1,1,1107.794,1,114.736,0,normal,0,leak_progression
2026-01-01 07:42:00,1,75.139,3.685,23.986,1,1,1437.658,1,142.503,0,normal,0,nominal
2026-01-01 07:42:00,2,65.745,2.715,26.585,1,1,1250.267,1,124.229,0,normal,0,nominal
2026-01-01 07:42:00,3,58.888,2.271,29.33,1,1,1134.406,1,116.268,0,normal,0,leak_progression
2026-01-01 07:43:00,1,75.546,3.6,24.018,1,1,1435.138,1,141.44,0,normal,0,nominal
2026-01-01 07:43:00,2,65.712,2.539,26.734,1,1,1242.984,1,121.929,0,normal,0,nominal
2026-01-01 07:43:00,3,59.202,2.111,29.143,1,1,1124.094,1,114.002,0,normal,0,leak_progression
2026-01-01 07:44:00,1,75.268,3.451,23.864,1,1,1442.379,1,139.998,0,normal,0,nominal
2026-01-01 07:44:00,2,65.113,2.941,26.388,1,1,1247.904,1,126.746,0,normal,0,nominal
2026-01-01 07:44:00,3,58.23,2.263,29.186,1,1,1123.939,1,115.774,0,normal,0,leak_progression
2026-01-01 07:45:00,1,74.33,3.576,23.686,1,1,1422.536,1,140.685,0,normal,0,nominal
2026-01-01 07:45:00,2,65.802,2.785,26.333,1,1,1255.471,1,125.235,0,normal,0,nominal
2026-01-01 07:45:00,3,62.351,2.188,29.328,1,1,1110.148,1,114.376,0,normal,0,leak_progression
2026-01-01 07:46:00,1,75.161,3.644,23.835,1,1,1418.073,1,141.291,0,normal,0,nominal
2026-01-01 07:46:00,2,65.843,2.097,26.689,1,1,1250.194,1,117.125,0,normal,0,nominal
2026-01-01 07:46:00,3,60.485,2.286,29.176,1,1,1114.37,1,115.68,0,normal,0,leak_progression
2026-01-01 07:47:00,1,75.591,3.498,23.577,1,1,1429.666,1,140.05,0,normal,0,nominal
2026-01-01 07:47:00,2,66.538,2.614,26.588,1,1,1264.618,1,123.622,0,normal,0,nominal
2026-01-01 07:47:00,3,59.817,2.168,29.094,1,1,1125.203,1,114.707,0,normal,0,leak_progression
2026-01-01 07:48:00,1,75.162,3.46,23.83,1,1,1427.978,1,139.557,0,normal,0,nominal
2026-01-01 07:48:00,2,67.282,2.745,26.819,1,1,1254.201,1,124.731,0,normal,0,nominal
2026-01-01 07:48:00,3,60.041,2.361,29.269,1,1,1126.666,1,117.033,0,normal,0,leak_progression
2026-01-01 07:49:00,1,75.252,3.552,23.657,1,1,1439.124,1,141.031,0,normal,0,nominal
2026-01-01 07:49:00,2,67.848,3.161,26.444,1,1,1253.611,1,129.491,0,normal,0,nominal
2026-01-01 07:49:00,3,57.997,2.207,29.188,1,1,1129.499,1,115.336,0,normal,0,leak_progression
2026-01-01 07:50:00,1,73.228,3.806,23.813,1,1,1443.283,1,144.118,0,normal,0,nominal
2026-01-01 07:50:00,2,67.907,3.136,26.445,1,1,1261.068,1,129.49,0,normal,0,nominal
2026-01-01 07:50:00,3,57.606,2.305,29.119,1,1,1109.871,1,115.741,0,normal,0,leak_progression
2026-01-01 07:51:00,1,73.388,3.926,23.892,1,1,1412.458,1,144.326,0,normal,0,nominal
2026-01-01 07:51:00,2,66.534,3.04,26.629,1,1,1271.896,1,128.789,0,normal,0,nominal
2026-01-01 07:51:00,3,57.099,2.283,29.035,1,1,1102.406,1,115.192,0,normal,0,leak_progression
2026-01-01 07:52:00,1,74.509,3.926,24.044,1,1,1431.415,1,145.04,0,normal,0,nominal
2026-01-01 07:52:00,2,65.382,2.852,26.333,1,1,1259.271,1,126.151,0,normal,0,nominal
2026-01-01 07:52:00,3,57.831,2.249,28.991,1,1,1121.833,1,115.53,0,normal,0,leak_progression
2026-01-01 07:53:00,1,74.321,4.264,24.718,1,1,1434.844,1,149.057,0,normal,0,nominal
2026-01-01 07:53:00,2,66.576,3.174,26.275,1,1,1258.919,1,129.836,0,normal,0,nominal
2026-01-01 07:53:00,3,56.688,2.116,29.285,1,1,1109.114,1,113.486,0,normal,0,leak_progression
2026-01-01 07:54:00,1,75.114,3.926,24.607,1,1,1414.901,1,144.415,0,normal,0,nominal
2026-01-01 07:54:00,2,67.381,2.938,26.28,1,1,1257.175,1,127.06,0,normal,0,nominal
2026-01-01 07:54:00,3,57.23,2.441,29.041,1,1,1109.649,1,117.328,0,normal,0,leak_progression
2026-01-01 07:55:00,1,73.263,3.768,24.328,1,1,1424.847,1,142.979,0,normal,0,nominal
2026-01-01 07:55:00,2,67.111,3.06,26.21,1,1,1241.596,1,127.871,0,normal,0,nominal
2026-01-01 07:55:00,3,57.268,2.435,29.206,1,1,1136.326,1,118.271,0,normal,0,leak_progression
2026-01-01 07:56:00,1,72.212,3.677,24.683,1,1,1436.104,1,142.354,0,normal,0,nominal
2026-01-01 07:56:00,2,67.399,2.571,26.354,1,1,1231.205,1,121.853,0,normal,0,nominal
2026-01-01 07:56:00,3,57.687,2.19,29.208,1,1,1123.668,1,114.914,0,normal,0,leak_progression
2026-01-01 07:57:00,1,72.51,3.862,24.278,1,1,1437.302,1,144.526,0,normal,0,nominal
2026-01-01 07:57:00,2,67.458,3.027,26.528,1,1,1220.936,1,126.706,0,normal,0,nominal
2026-01-01 07:57:00,3,56.712,2.271,29.326,1,1,1122.113,1,115.797,0,normal,0,leak_progression
2026-01-01 07:58:00,1,74.338,3.697,24.475,1,1,1444.164,1,142.892,0,normal,0,nominal
2026-01-01 07:58:00,2,67.161,3.145,26.669,1,1,1250.514,1,129.191,0,normal,0,nominal
2026-01-01 07:58:00,3,58.304,2.146,29.297,1,1,1100.512,1,113.516,0,normal,0,leak_progression
2026-01-01 07:59:00,1,73.246,3.496,24.411,1,1,1443.312,1,140.555,0,normal,0,nominal
2026-01-01 07:59:00,2,66.136,2.798,26.381,1,1,1278.292,1,126.252,0,normal,0,nominal
2026-01-01 07:59:00,3,57.203,2.298,29.11,1,1,1127.268,1,116.316,0,normal,0,leak_progression
2026-01-01 06:00:00,1,75.677,3.419,23.857,1,1,1423.298,1,138.901,0,normal,0,nominal
2026-01-01 06:00:00,2,66.946,2.681,26.07,1,1,1259.652,1,124.198,0,normal,0,nominal
2026-01-01 06:00:00,3,61.662,2.241,29.046,1,1,1065.96,1,111.775,0,normal,0,nominal
2026-01-01 06:01:00,1,75.11,3.036,23.792,1,1,1438.943,1,135.096,0,normal,0,nominal
2026-01-01 06:01:00,2,66.018,2.337,25.903,1,1,1269.862,1,120.627,0,normal,0,nominal
2026-01-01 06:01:00,3,62.372,2.742,28.89,1,1,1107.103,1,119.102,0,normal,0,nominal
2026-01-01 06:02:00,1,74.217,3.177,23.849,1,1,1443.198,1,136.873,0,normal,0,nominal
2026-01-01 06:02:00,2,65.984,2.716,25.985,1,1,1253.215,1,124.351,0,normal,0,nominal
2026-01-01 06:02:00,3,61.145,2.331,28.736,1,1,1103.402,1,114.234,0,normal,0,nominal
2026-01-01 06:03:00,1,74.113,3.324,23.526,1,1,1424.308,1,137.855,0,normal,0,nominal
2026-01-01 06:03:00,2,66.288,2.669,26.31,1,1,1251.519,1,123.754,0,normal,0,nominal
2026-01-01 06:03:00,3,61.184,2.258,28.833,1,1,1121.731,1,114.089,0,normal,0,nominal
2026-01-01 06:04:00,1,73.493,3.396,23.612,1,1,1411.903,1,138.205,0,normal,0,nominal
2026-01-01 06:04:00,2,66.42,2.142,26.349,1,1,1244.776,1,117.43,0,normal,0,nominal
2026-01-01 06:04:00,3,61.785,2.336,28.787,1,1,1112.526,1,114.637,0,normal,0,nominal
2026-01-01 06:05:00,1,75.125,3.37,23.505,1,1,1422.4,1,138.307,0,normal,0,nominal
2026-01-01 06:05:00,2,66.523,2.6,26.328,1,1,1263.099,1,123.397,0,normal,0,nominal
2026-01-01 06:05:00,3,61.926,2.039,29.194,1,1,1110.633,1,111.149,0,normal,0,nominal
2026-01-01 06:06:00,1,74.348,3.414,23.596,1,1,1426.817,1,138.983,0,normal,0,nominal
2026-01-01 06:06:00,2,67.22,2.523,26.604,1,1,1246.132,1,121.862,0,normal,0,nominal
2026-01-01 06:06:00,3,60.115,2.253,29.013,1,1,1125.29,1,114.174,0,normal,0,nominal
2026-01-01 06:07:00,1,73.443,3.407,23.419,1,1,1421.239,1,138.687,0,normal,0,nominal
2026-01-01 06:07:00,2,66.477,2.947,26.459,1,1,1256.974,1,127.159,0,normal,0,nominal
2026-01-01 06:07:00,3,59.771,2.336,29.001,1,1,1093.172,1,113.904,0,normal,0,nominal
2026-01-01 06:08:00,1,73.474,3.791,23.324,1,1,1427.759,1,143.346,0,normal,0,nominal
2026-01-01 06:08:00,2,66.204,2.596,26.164,1,1,1253.815,1,122.995,0,normal,0,nominal
2026-01-01 06:08:00,3,61.667,2.143,29.036,1,1,1088.379,1,111.502,0,normal,0,nominal
2026-01-01 06:09:00,1,73.58,3.674,23.192,1,1,1433.652,1,142.232,0,normal,0,nominal
2026-01-01 06:09:00,2,66.799,2.773,26.37,1,1,1262.543,1,125.364,0,normal,0,nominal
2026-01-01 06:09:00,3,62.427,2.598,28.753,1,1,1089.649,1,116.787,0,normal,0,nominal
2026-01-01 06:10:00,1,74.516,3.596,23.755,1,1,1421.655,1,140.877,0,normal,0,nominal
2026-01-01 06:10:00,2,65.936,2.801,25.864,1,1,1264.695,1,125.768,0,normal,0,nominal
2026-01-01 06:10:00,3,63.809,2.708,28.768,1,1,1087.547,1,117.972,0,normal,0,nominal
2026-01-01 06:11:00,1,75.105,3.444,23.508,1,1,1419.251,1,139.032,0,normal,0,nominal
2026-01-01 06:11:00,2,65.286,2.622,25.887,1,1,1250.791,1,123.181,0,normal,0,nominal
2026-01-01 06:11:00,3,62.033,2.411,28.894,1,1,1109.965,1,115.406,0,normal,0,nominal
2026-01-01 06:12:00,1,75.163,3.608,23.445,1,1,1402.329,1,140.277,0,normal,0,nominal
2026-01-01 06:12:00,2,66.811,3.041,25.893,1,1,1246.561,1,127.835,0,normal,0,nominal
2026-01-01 06:12:00,3,60.353,2.348,28.863,1,1,1118.328,1,115.0,0,normal,0,nominal
2026-01-01 06:13:00,1,74.894,3.533,23.529,1,1,1410.579,1,139.732,0,normal,0,nominal
2026-01-01 06:13:00,2,66.236,3.197,25.73,1,1,1247.993,1,129.69,0,normal,0,nominal
2026-01-01 06:13:00,3,59.609,2.206,28.851,1,1,1133.608,1,113.945,0,normal,0,nominal
2026-01-01 06:14:00,1,74.048,3.392,23.506,1,1,1413.722,1,138.226,0,normal,0,nominal
2026-01-01 06:14:00,2,66.209,3.157,25.966,1,1,1259.47,1,129.661,0,normal,0,nominal
2026-01-01 06:14:00,3,59.993,2.11,28.849,1,1,1114.613,1,112.115,0,normal,0,nominal
2026-01-01 06:15:00,1,74.46,3.32,23.955,1,1,1440.962,1,138.441,0,normal,0,nominal
2026-01-01 06:15:00,2,66.784,3.21,25.798,1,1,1249.142,1,129.879,0,normal,0,nominal
2026-01-01 06:15:00,3,60.707,2.151,28.798,1,1,1099.056,1,112.002,0,normal,0,nominal
2026-01-01 06:16:00,1,73.948,3.704,24.13,1,1,1426.586,1,142.311,0,normal,0,nominal
2026-01-01 06:16:00,2,66.352,2.639,26.035,1,1,1291.037,1,124.904,0,normal,0,nominal
2026-01-01 06:16:00,3,60.348,2.249,29.13,1,1,1095.994,1,113.014,0,normal,0,nominal
2026-01-01 06:17:00,1,74.134,3.663,24.148,1,1,1420.44,1,141.604,0,normal,0,nominal
2026-01-01 06:17:00,2,66.867,2.967,26.349,1,1,1279.462,1,128.235,0,normal,0,nominal
2026-01-01 06:17:00,3,60.464,2.223,29.042,1,1,1083.835,1,112.253,0,normal,0,nominal
2026-01-01 06:18:00,1,73.641,3.944,24.214,1,1,1406.885,1,144.322,0,normal,0,nominal
2026-01-01 06:18:00,2,66.906,2.622,26.507,1,1,1257.303,1,123.435,0,normal,0,nominal
2026-01-01 06:18:00,3,61.494,1.996,29.283,1,1,1094.69,1,110.047,0,normal,0,nominal
2026-01-01 06:19:00,1,73.274,3.444,24.25,1,1,1406.274,1,138.541,0,normal,0,nominal
2026-01-01 06:19:00,2,65.993,3.208,26.325,1,1,1250.68,1,129.912,0,normal,0,nominal
2026-01-01 06:19:00,3,62.117,2.152,29.178,1,1,1093.727,1,111.81,0,normal,0,nominal
2026-01-01 06:20:00,1,74.35,3.81,24.198,1,1,1423.965,1,143.429,0,normal,0,nominal
2026-01-01 06:20:00,2,65.428,3.163,25.915,1,1,1238.685,1,128.942,0,normal,0,nominal
2026-01-01 06:20:00,3,63.317,2.458,29.088,1,1,1109.988,1,115.95,0,normal,0,nominal
2026-01-01 06:21:00,1,74.212,3.724,24.343,1,1,1436.8,1,142.922,0,normal,0,nominal
2026-01-01 06:21:00,2,66.399,3.3,26.433,1,1,1246.774,1,130.83,0,normal,0,nominal
2026-01-01 06:21:00,3,61.235,2.464,28.894,1,1,1113.127,1,116.139,0,normal,0,nominal
2026-01-01 06:22:00,1,73.787,3.939,24.16,1,1,1436.162,1,145.368,0,normal,0,nominal
2026-01-01 06:22:00,2,67.671,2.82,26.547,1,1,1258.414,1,125.75,0,normal,0,nominal
2026-01-01 06:22:00,3,60.441,2.536,28.735,1,1,1114.851,1,117.032,0,normal,0,nominal
2026-01-01 06:23:00,1,73.615,3.635,23.806,1,1,1445.59,1,142.231,0,normal,0,nominal
2026-01-01 06:23:00,2,67.66,3.49,26.271,1,1,1243.956,1,132.9,0,normal,0,nominal
2026-01-01 06:23:00,3,60.626,2.277,28.866,1,1,1126.878,1,114.506,0,normal,0,nominal
2026-01-01 06:24:00,1,73.133,3.522,23.998,1,1,1423.957,1,140.116,0,normal,0,nominal
2026-01-01 06:24:00,2,67.857,3.117,25.838,1,1,1268.276,1,129.545,0,normal,0,nominal
2026-01-01 06:24:00,3,60.124,2.165,28.91,1,1,1114.084,1,112.738,0,normal,0,nominal
2026-01-01 06:25:00,1,73.91,3.991,24.183,1,1,1418.67,1,145.308,0,normal,0,nominal
2026-01-01 06:25:00,2,68.518,2.927,25.938,1,1,1262.781,1,127.144,0,normal,0,nominal
2026-01-01 06:25:00,3,60.419,2.362,28.778,1,1,1118.991,1,115.188,0,normal,0,nominal
2026-01-01 06:26:00,1,74.399,3.703,24.413,1,1,1415.115,1,141.86,0,normal,0,nominal
2026-01-01 06:26:00,2,68.421,3.328,25.995,1,1,1245.774,1,131.112,0,normal,0,nominal
2026-01-01 06:26:00,3,58.977,2.32,28.83,1,1,1114.014,1,114.514,0,normal,0,nominal
2026-01-01 06:27:00,1,74.595,3.557,24.143,1,1,1430.229,1,140.748,0,normal,0,nominal
2026-01-01 06:27:00,2,69.057,2.897,26.106,1,1,1248.925,1,126.276,0,normal,0,nominal
2026-01-01 06:27:00,3,61.16,2.224,28.855,1,1,1095.439,1,112.708,0,normal,0,nominal
2026-01-01 06:28:00,1,73.178,3.426,24.164,1,1,1425.021,1,139.048,0,normal,0,nominal
2026-01-01 06:28:00,2,68.611,2.003,26.409,1,1,1252.049,1,116.116,0,normal,0,nominal
2026-01-01 06:28:00,3,61.292,1.865,29.205,1,1,1118.104,1,109.433,0,normal,0,nominal
2026-01-01 06:29:00,1,73.219,3.423,24.052,1,1,1414.36,1,138.607,0,normal,0,nominal
2026-01-01 06:29:00,2,69.005,2.023,26.463,1,1,1250.085,1,116.268,0,normal,0,nominal
2026-01-01 06:29:00,3,61.246,2.007,29.176,1,1,1115.629,1,110.971,0,normal,0,nominal
2026-01-01 06:30:00,1,74.192,3.483,23.95,1,1,1432.531,1,139.99,0,normal,0,nominal
2026-01-01 06:30:00,2,68.861,2.531,26.299,1,1,1250.144,1,122.108,0,normal,0,nominal
2026-01-01 06:30:00,3,61.624,1.876,28.812,1,1,1104.008,1,109.027,0,normal,0,nominal
2026-01-01 06:31:00,1,73.801,3.624,24.073,1,1,1434.54,1,141.691,0,normal,0,nominal
2026-01-01 06:31:00,2,68.368,2.802,26.712,1,1,1245.618,1,125.054,0,normal,0,nominal
2026-01-01 06:31:00,3,60.625,1.856,28.987,1,1,1110.911,1,109.059,0,normal,0,nominal
2026-01-01 06:32:00,1,74.512,3.591,24.048,1,1,1436.101,1,141.366,0,normal,0,nominal
2026-01-01 06:32:00,2,67.889,2.648,26.173,1,1,1246.021,1,123.299,0,normal,0,nominal
2026-01-01 06:32:00,3,61.898,2.162,28.661,1,1,1111.433,1,112.596,0,normal,0,nominal
2026-01-01 06:33:00,1,73.923,3.437,23.638,1,1,1407.679,1,138.517,0,normal,0,nominal
2026-01-01 06:33:00,2,67.082,2.336,26.228,1,1,1247.079,1,119.755,0,normal,0,nominal
2026-01-01 06:33:00,3,61.418,2.195,28.792,1,1,1124.857,1,113.484,0,normal,0,nominal
2026-01-01 06:34:00,1,72.351,3.423,23.326,1,1,1421.589,1,138.886,0,normal,0,nominal
2026-01-01 06:34:00,2,66.928,2.356,26.338,1,1,1272.433,1,120.942,0,normal,0,nominal
2026-01-01 06:34:00,3,61.666,1.918,28.701,1,1,1133.852,1,110.643,0,normal,0,nominal
2026-01-01 06:35:00,1,73.583,3.557,23.287,1,1,1413.893,1,140.129,0,normal,0,nominal
2026-01-01 06:35:00,2,66.088,1.85,26.168,1,1,1255.504,1,114.479,0,normal,0,nominal
2026-01-01 06:35:00,3,61.295,2.034,29.136,1,1,1115.767,1,111.285,0,normal,0,nominal
2026-01-01 06:36:00,1,74.865,4.071,23.431,1,1,1428.707,1,146.604,0,normal,0,nominal
2026-01-01 06:36:00,2,66.114,2.156,26.182,1,1,1281.667,1,118.997,0,normal,0,nominal
2026-01-01 06:36:00,3,61.165,2.12,29.156,1,1,1133.261,1,113.224,0,normal,0,leak_progression
2026-01-01 06:37:00,1,73.549,4.217,23.782,1,1,1435.11,1,148.533,0,normal,0,nominal
2026-01-01 06:37:00,2,66.507,2.467,26.189,1,1,1268.132,1,122.056,0,normal,0,nominal
2026-01-01 06:37:00,3,61.296,2.181,28.939,1,1,1123.432,1,113.837,0,normal,0,leak_progression
2026-01-01 06:38:00,1,75.157,3.759,23.97,1,1,1440.415,1,143.47,0,normal,0,nominal
2026-01-01 06:38:00,2,66.324,2.717,25.96,1,1,1262.975,1,124.734,0,normal,0,nominal
2026-01-01 06:38:00,3,61.254,2.25,28.938,1,1,1096.94,1,113.915,0,normal,0,leak_progression
2026-01-01 06:39:00,1,73.355,3.306,23.717,1,1,1437.507,1,138.146,0,normal,0,nominal
2026-01-01 06:39:00,2,62.962,2.428,25.98,1,1,1257.745,1,121.213,0,normal,0,nominal
2026-01-01 06:39:00,3,60.924,2.319,29.126,1,1,1112.281,1,115.586,0,normal,0,leak_progression
2026-01-01 06:40:00,1,72.952,3.226,23.707,1,1,1424.264,1,136.723,0,normal,0,nominal
2026-01-01 06:40:00,2,64.415,2.788,26.323,1,1,1264.976,1,125.629,0,normal,0,nominal
2026-01-01 06:40:00,3,58.509,2.679,29.415,1,1,1113.934,1,120.154,0,normal,0,leak_progression
2026-01-01 06:41:00,1,73.456,3.426,23.799,1,1,1414.545,1,138.653,0,normal,0,nominal
2026-01-01 06:41:00,2,66.128,3.014,26.317,1,1,1261.54,1,128.095,0,normal,0,nominal
2026-01-01 06:41:00,3,59.023,2.647,29.5,1,1,1122.35,1,120.413,0,normal,0,leak_progression
2026-01-01 06:42:00,1,74.314,3.76,23.44,1,1,1428.93,1,143.041,0,normal,0,nominal
2026-01-01 06:42:00,2,66.383,3.049,26.147,1,1,1268.918,1,128.786,0,normal,0,nominal
2026-01-01 06:42:00,3,59.266,2.864,28.908,1,1,1104.139,1,122.578,0,normal,0,leak_progression
2026-01-01 06:43:00,1,72.616,3.58,23.72,1,1,1431.027,1,141.047,0,normal,0,nominal
2026-01-01 06:43:00,2,66.811,2.814,26.328,1,1,1236.608,1,124.848,0,normal,0,nominal
2026-01-01 06:43:00,3,61.002,2.463,28.991,1,1,1110.968,1,118.408,0,normal,0,leak_progression
2026-01-01 06:44:00,1,74.021,3.408,23.542,1,1,1436.362,1,139.273,0,normal,0,nominal
2026-01-01 06:44:00,2,66.712,2.894,26.358,1,1,1223.953,1,125.292,0,normal,0,nominal
2026-01-01 06:44:00,3,58.655,2.203,28.961,1,1,1123.428,1,116.081,0,normal,0,leak_progression
2026-01-01 06:45:00,1,73.741,2.983,23.937,1,1,1401.849,1,133.069,0,normal,0,nominal
2026-01-01 06:45:00,2,67.134,2.958,26.536,1,1,1249.423,1,126.991,0,normal,0,nominal
2026-01-01 06:45:00,3,58.901,2.263,28.991,1,1,1127.044,1,117.223,0,normal,0,leak_progression
2026-01-01 06:46:00,1,72.744,3.563,23.57,1,1,1397.5,1,139.58,0,normal,0,nominal
2026-01-01 06:46:00,2,67.106,3.295,26.769,1,1,1241.171,1,130.562,0,normal,0,nominal
2026-01-01 06:46:00,3,56.821,2.3,29.532,1,1,1134.284,1,118.236,0,normal,0,leak_progression
2026-01-01 06:47:00,1,73.356,3.526,23.424,1,1,1394.625,1,139.044,0,normal,0,nominal
2026-01-01 06:47:00,2,66.489,2.888,26.602,1,1,1234.729,1,125.635,0,normal,0,nominal
2026-01-01 06:47:00,3,54.578,2.014,29.581,1,1,1126.881,1,114.813,0,normal,1,leak_progression
2026-01-01 06:48:00,1,73.581,3.608,23.665,1,1,1414.739,1,140.75,0,normal,0,nominal
2026-01-01 06:48:00,2,67.671,2.624,26.456,1,1,1237.607,1,122.709,0,normal,0,nominal
2026-01-01 06:48:00,3,53.778,2.009,29.911,1,1,1119.77,1,114.759,0,normal,1,leak_progression
2026-01-01 06:49:00,1,74.345,3.518,23.95,1,1,1415.886,1,139.764,0,normal,0,nominal
2026-01-01 06:49:00,2,66.742,2.794,26.474,1,1,1264.748,1,125.694,0,normal,0,nominal
2026-01-01 06:49:00,3,53.53,2.189,29.95,1,1,1112.252,1,116.942,0,normal,1,leak_progression
2026-01-01 06:50:00,1,74.99,3.434,23.764,1,1,1419.969,1,138.945,0,normal,0,nominal
2026-01-01 06:50:00,2,66.922,3.128,26.514,1,1,1231.917,1,128.28,0,normal,0,nominal
2026-01-01 06:50:00,3,52.131,2.122,29.979,1,1,1084.485,1,115.358,0,normal,1,leak_progression
2026-01-01 06:51:00,1,74.832,3.701,23.993,1,1,1417.73,1,141.931,0,normal,0,nominal
2026-01-01 06:51:00,2,67.662,3.153,26.057,1,1,1256.116,1,129.495,0,normal,0,nominal
2026-01-01 06:51:00,3,52.325,2.199,30.234,1,1,1105.108,1,117.376,0,normal,1,leak_progression
2026-01-01 06:52:00,1,74.903,4.184,23.625,1,1,1415.619,1,147.409,0,normal,0,nominal
2026-01-01 06:52:00,2,67.356,2.912,26.022,1,1,1240.854,1,126.136,0,normal,0,nominal
2026-01-01 06:52:00,3,53.2,2.044,30.321,1,1,1123.643,1,116.466,0,warning,1,leak_progression
2026-01-01 06:53:00,1,74.236,3.985,23.903,1,1,1415.577,1,145.122,0,normal,0,nominal
2026-01-01 06:53:00,2,67.069,2.457,26.161,1,1,1259.474,1,121.619,0,normal,0,nominal
2026-01-01 06:53:00,3,50.671,1.832,30.012,1,1,1107.671,1,113.54,0,warning,1,leak_progression
2026-01-01 06:54:00,1,74.967,3.971,23.969,1,1,1420.459,1,145.148,0,normal,0,nominal
2026-01-01 06:54:00,2,67.265,2.983,26.496,1,1,1239.966,1,126.924,0,normal,0,nominal
2026-01-01 06:54:00,3,51.85,1.959,30.247,1,1,1119.205,1,115.54,0,warning,1,leak_progression
2026-01-01 06:55:00,1,73.062,3.978,24.083,1,1,1433.365,1,145.716,0,normal,0,nominal
2026-01-01 06:55:00,2,67.742,3.255,26.813,1,1,1243.214,1,130.171,0,normal,0,nominal
2026-01-01 06:55:00,3,52.215,2.069,30.148,1,1,1107.268,1,116.443,0,warning,1,leak_progression
2026-01-01 06:56:00,1,72.202,3.656,24.124,1,1,1415.445,1,141.33,0,normal,0,nominal
2026-01-01 06:56:00,2,66.979,3.056,26.75,1,1,1247.253,1,128.036,0,normal,0,nominal
2026-01-01 06:56:00,3,51.938,2.142,30.292,1,1,1109.797,1,117.435,0,warning,1,leak_progression
2026-01-01 06:57:00,1,73.51,3.744,23.982,1,1,1413.527,1,142.273,0,normal,0,nominal
2026-01-01 06:57:00,2,66.766,3.167,26.515,1,1,1269.459,1,130.159,0,normal,0,nominal
2026-01-01 06:57:00,3,52.846,2.099,30.421,1,1,1094.713,1,116.335,0,warning,1,leak_progression
2026-01-01 06:58:00,1,73.087,4.078,23.703,1,1,1411.438,1,146.034,0,normal,0,nominal
2026-01-01 06:58:00,2,66.488,3.281,26.753,1,1,1256.043,1,130.96,0,normal,0,nominal
2026-01-01 06:58:00,3,51.37,2.126,30.525,1,1,1098.406,1,116.806,0,warning,1,leak_progression
2026-01-01 06:59:00,1,74.764,3.545,23.435,1,1,1421.315,1,140.283,0,normal,0,nominal
2026-01-01 06:59:00,2,66.667,2.541,26.547,1,1,1273.171,1,123.107,0,normal,0,nominal
2026-01-01 06:59:00,3,53.491,1.808,30.464,1,1,1107.903,1,113.245,0,warning,1,leak_progression
2026-01-01 07:00:00,1,74.59,3.918,23.818,1,1,1408.843,1,144.097,0,normal,0,nominal
2026-01-01 07:00:00,2,66.028,2.377,26.608,1,1,1278.267,1,121.415,0,normal,0,nominal
2026-01-01 07:00:00,3,52.67,1.783,30.356,1,1,1108.579,1,112.974,0,warning,1,leak_progression
2026-01-01 07:01:00,1,74.087,3.996,23.848,1,1,1413.383,1,145.159,0,normal,0,nominal
2026-01-01 07:01:00,2,66.833,2.574,26.432,1,1,1285.879,1,123.965,0,normal,0,nominal
2026-01-01 07:01:00,3,53.479,1.794,30.41,1,1,1098.158,1,112.704,0,warning,1,leak_progression
2026-01-01 07:02:00,1,74.344,4.07,23.628,1,1,1422.493,1,146.364,0,normal,0,nominal
2026-01-01 07:02:00,2,67.447,2.814,26.217,1,1,1266.204,1,125.974,0,normal,0,nominal
2026-01-01 07:02:00,3,52.84,2.021,30.179,1,1,1111.798,1,116.027,0,warning,1,leak_progression
2026-01-01 07:03:00,1,74.21,4.205,23.657,1,1,1417.94,1,147.739,0,normal,0,nominal
2026-01-01 07:03:00,2,67.687,2.49,26.607,1,1,1248.1,1,121.568,0,normal,0,nominal
2026-01-01 07:03:00,3,53.454,2.231,30.109,1,1,1118.85,1,118.878,0,warning,1,leak_progression
2026-01-01 07:04:00,1,70.961,3.341,23.753,1,1,1423.313,1,138.012,0,normal,0,nominal
2026-01-01 07:04:00,2,67.568,2.778,26.324,1,1,1241.834,1,124.638,0,normal,0,nominal
2026-01-01 07:04:00,3,53.559,2.371,30.514,1,1,1112.017,1,120.347,0,warning,1,leak_progression
2026-01-01 07:05:00,1,73.487,3.327,23.202,1,1,1431.983,1,138.176,0,normal,0,nominal
2026-01-01 07:05:00,2,66.976,2.791,26.554,1,1,1232.335,1,124.431,0,normal,0,nominal
2026-01-01 07:05:00,3,53.678,2.198,30.734,1,1,1126.368,1,118.766,0,warning,1,leak_progression
2026-01-01 07:06:00,1,73.026,3.624,23.18,1,1,1442.215,1,141.98,0,normal,0,nominal
2026-01-01 07:06:00,2,66.279,3.145,26.162,1,1,1243.215,1,128.908,0,normal,0,nominal
2026-01-01 07:06:00,3,52.857,2.183,30.793,1,1,1123.484,1,118.472,0,warning,1,leak_progression
2026-01-01 07:07:00,1,73.67,3.539,23.17,1,1,1421.678,1,140.223,0,normal,0,nominal
2026-01-01 07:07:00,2,66.751,2.792,26.06,1,1,1229.827,1,124.338,0,normal,0,nominal
2026-01-01 07:07:00,3,51.529,2.358,30.915,1,1,1108.322,1,120.051,0,warning,1,leak_progression
2026-01-01 07:08:00,1,74.56,3.57,23.467,1,1,1427.956,1,140.814,0,normal,0,nominal
2026-01-01 07:08:00,2,66.702,3.106,26.014,1,1,1252.697,1,128.825,0,normal,0,nominal
2026-01-01 07:08:00,3,51.468,2.371,30.545,1,1,1117.568,1,120.557,0,warning,1,leak_progression
2026-01-01 07:09:00,1,73.616,3.651,23.446,1,1,1433.379,1,141.96,0,normal,0,nominal
2026-01-01 07:09:00,2,66.614,3.59,25.91,1,1,1246.464,1,134.154,0,normal,0,nominal
2026-01-01 07:09:00,3,51.767,2.27,30.735,1,1,1130.669,1,119.806,0,warning,1,leak_progression
2026-01-01 07:10:00,1,74.869,3.558,23.597,1,1,1428.138,1,140.692,0,normal,0,nominal
2026-01-01 07:10:00,2,66.917,3.448,25.573,1,1,1263.262,1,133.161,0,normal,0,nominal
2026-01-01 07:10:00,3,52.474,2.335,30.669,1,1,1117.946,1,120.125,0,warning,1,leak_progression
2026-01-01 07:11:00,1,73.641,3.377,23.455,1,1,1431.316,1,138.729,0,normal,0,nominal
2026-01-01 07:11:00,2,66.283,2.652,25.931,1,1,1260.87,1,123.912,0,normal,0,nominal
2026-01-01 07:11:00,3,51.58,2.338,30.554,1,1,1115.267,1,120.059,0,warning,1,leak_progression
2026-01-01 07:12:00,1,73.868,3.402,23.701,1,1,1442.902,1,139.454,0,normal,0,nominal
2026-01-01 07:12:00,2,65.783,2.858,25.649,1,1,1241.825,1,125.558,0,normal,0,nominal
2026-01-01 07:12:00,3,52.324,2.204,30.137,1,1,1120.846,1,118.627,0,warning,1,leak_progression
2026-01-01 07:13:00,1,73.815,3.43,24.064,1,1,1431.517,1,139.34,0,normal,0,nominal
2026-01-01 07:13:00,2,67.024,2.801,26.212,1,1,1257.892,1,125.506,0,normal,0,nominal
2026-01-01 07:13:00,3,51.593,2.103,30.349,1,1,1112.976,1,117.082,0,warning,1,leak_progression
2026-01-01 07:14:00,1,74.614,3.705,24.135,1,1,1412.002,1,141.763,0,normal,0,nominal
2026-01-01 07:14:00,2,66.629,2.828,26.513,1,1,1271.901,1,126.353,0,normal,0,nominal
2026-01-01 07:14:00,3,53.693,2.146,30.505,1,1,1120.688,1,117.901,0,warning,1,leak_progression
2026-01-01 07:15:00,1,75.087,3.542,24.13,1,1,1413.264,1,139.939,0,normal,0,nominal
2026-01-01 07:15:00,2,66.198,2.745,26.305,1,1,1265.029,1,125.143,0,normal,0,nominal
2026-01-01 07:15:00,3,52.855,2.37,30.552,1,1,1110.486,1,120.277,0,warning,1,leak_progression
2026-01-01 07:16:00,1,73.939,3.694,24.306,1,1,1413.295,1,141.689,0,normal,0,nominal
2026-01-01 07:16:00,2,66.37,2.921,26.681,1,1,1254.937,1,126.778,0,normal,0,nominal
2026-01-01 07:16:00,3,53.91,2.031,30.448,1,1,1107.852,1,116.002,0,warning,1,leak_progression
2026-01-01 07:17:00,1,74.318,3.844,24.294,1,1,1426.163,1,143.904,0,normal,0,nominal
2026-01-01 07:17:00,2,66.596,3.072,26.714,1,1,1275.79,1,129.313,0,normal,0,nominal
2026-01-01 07:17:00,3,53.299,2.017,30.223,1,1,1100.025,1,115.53,0,warning,1,leak_progression
2026-01-01 07:18:00,1,74.145,3.445,24.408,1,1,1424.534,1,139.248,0,normal,0,nominal
2026-01-01 07:18:00,2,66.888,3.554,26.698,1,1,1263.116,1,134.374,0,normal,0,nominal
2026-01-01 07:18:00,3,53.2,2.012,30.363,1,1,1124.505,1,116.397,0,warning,1,leak_progression
2026-01-01 07:19:00,1,73.828,3.687,24.328,1,1,1430.736,1,142.268,0,normal,0,nominal
2026-01-01 07:19:00,2,66.38,2.916,26.333,1,1,1263.556,1,127.049,0,normal,0,nominal
2026-01-01 07:19:00,3,52.171,1.903,30.468,1,1,1108.889,1,114.464,0,warning,1,leak_progression
2026-01-01 07:20:00,1,73.908,3.418,24.235,1,1,1434.936,1,139.338,0,normal,0,nominal
2026-01-01 07:20:00,2,66.807,2.961,26.413,1,1,1262.968,1,127.548,0,normal,0,nominal
2026-01-01 07:20:00,3,51.635,1.913,30.536,1,1,1105.252,1,114.446,0,warning,1,leak_progression
2026-01-01 07:21:00,1,73.642,3.433,24.051,1,1,1445.373,1,139.9,0,normal,0,nominal
2026-01-01 07:21:00,2,66.082,3.285,26.432,1,1,1266.211,1,131.394,0,normal,0,nominal
2026-01-01 07:21:00,3,51.318,1.93,30.944,1,1,1106.985,1,114.722,0,warning,1,leak_progression
2026-01-01 07:22:00,1,73.65,3.377,23.936,1,1,1426.674,1,138.544,0,normal,0,nominal
2026-01-01 07:22:00,2,67.085,2.697,26.264,1,1,1261.4,1,124.446,0,normal,0,nominal
2026-01-01 07:22:00,3,53.303,2.37,30.386,1,1,1101.347,1,119.928,0,warning,1,leak_progression
2026-01-01 07:23:00,1,73.28,3.382,24.014,1,1,1420.319,1,138.369,0,normal,0,nominal
2026-01-01 07:23:00,2,66.901,3.567,26.269,1,1,1239.477,1,133.622,0,normal,0,nominal
2026-01-01 07:23:00,3,53.134,2.237,30.259,1,1,1117.363,1,118.901,0,warning,1,leak_progression
2026-01-01 07:24:00,1,72.996,3.524,24.16,1,1,1413.668,1,139.75,0,normal,0,nominal
2026-01-01 07:24:00,2,67.638,3.264,26.301,1,1,1225.744,1,129.617,0,normal,0,nominal
2026-01-01 07:24:00,3,53.864,2.301,30.251,1,1,1117.221,1,119.678,0,warning,1,leak_progression
2026-01-01 07:25:00,1,72.79,3.478,23.975,1,1,1410.159,1,139.081,0,normal,0,nominal
2026-01-01 07:25:00,2,67.761,3.585,25.856,1,1,1224.392,1,133.259,0,normal,0,nominal
2026-01-01 07:25:00,3,53.466,2.043,30.183,1,1,1125.742,1,116.828,0,warning,1,leak_progression
2026-01-01 07:26:00,1,73.192,3.917,24.042,1,1,1427.841,1,144.8,0,normal,0,nominal
2026-01-01 07:26:00,2,67.67,3.35,26.329,1,1,1250.155,1,131.534,0,normal,0,nominal
2026-01-01 07:26:00,3,53.931,2.108,30.008,1,1,1129.559,1,117.404,0,warning,1,leak_progression
2026-01-01 07:27:00,1,74.308,3.641,23.999,1,1,1434.577,1,141.889,0,normal,0,nominal
2026-01-01 07:27:00,2,67.959,2.931,26.034,1,1,1251.66,1,126.769,0,normal,0,nominal
2026-01-01 07:27:00,3,54.349,2.16,29.912,1,1,1123.746,1,117.445,0,normal,1,leak_progression
2026-01-01 07:28:00,1,73.068,3.678,23.851,1,1,1448.105,1,142.825,0,normal,0,nominal
2026-01-01 07:28:00,2,67.227,2.737,26.051,1,1,1249.204,1,124.444,0,normal,0,nominal
2026-01-01 07:28:00,3,54.86,2.065,30.069,1,1,1119.68,1,115.754,0,normal,1,leak_progression
2026-01-01 07:29:00,1,76.656,3.763,24.016,1,1,1437.33,1,143.392,0,normal,0,nominal
2026-01-01 07:29:00,2,67.533,2.426,26.039,1,1,1234.861,1,120.319,0,normal,0,nominal
2026-01-01 07:29:00,3,54.267,2.388,29.954,1,1,1125.598,1,119.518,0,normal,1,leak_progression
2026-01-01 07:30:00,1,75.217,3.775,24.072,1,1,1444.905,1,143.824,0,normal,0,nominal
2026-01-01 07:30:00,2,68.279,2.388,25.939,1,1,1244.472,1,120.257,0,normal,0,nominal
2026-01-01 07:30:00,3,54.111,1.961,30.106,1,1,1130.597,1,114.189,0,normal,1,leak_progression
2026-01-01 07:31:00,1,75.247,3.174,23.818,1,1,1432.68,1,136.448,0,normal,0,nominal
2026-01-01 07:31:00,2,66.54,2.889,26.263,1,1,1221.783,1,125.152,0,normal,0,nominal
2026-01-01 07:31:00,3,55.254,2.289,29.823,1,1,1117.708,1,117.266,0,normal,0,leak_progression
2026-01-01 07:32:00,1,75.332,3.385,23.845,1,1,1420.376,1,138.398,0,normal,0,nominal
2026-01-01 07:32:00,2,66.777,3.147,26.331,1,1,1230.896,1,128.466,0,normal,0,nominal
2026-01-01 07:32:00,3,56.063,1.991,29.803,1,1,1133.397,1,113.942,0,normal,0,leak_progression
2026-01-01 07:33:00,1,74.199,3.516,23.863,1,1,1446.822,1,140.916,0,normal,0,nominal
2026-01-01 07:33:00,2,65.934,2.82,26.152,1,1,1200.102,1,123.531,0,normal,0,nominal
2026-01-01 07:33:00,3,55.992,2.365,29.856,1,1,1138.991,1,118.222,0,normal,0,leak_progression
2026-01-01 07:34:00,1,74.864,3.703,23.89,1,1,1408.448,1,141.608,0,normal,0,nominal
2026-01-01 07:34:00,2,66.958,3.41,26.291,1,1,1214.338,1,130.859,0,normal,0,nominal
2026-01-01 07:34:00,3,57.814,2.14,29.603,1,1,1109.274,1,114.067,0,normal,0,leak_progression
2026-01-01 07:35:00,1,73.911,3.682,23.766,1,1,1428.096,1,142.108,0,normal,0,nominal
2026-01-01 07:35:00,2,66.946,3.334,26.367,1,1,1239.742,1,130.95,0,normal,0,nominal
2026-01-01 07:35:00,3,57.236,2.245,29.507,1,1,1106.355,1,114.898,0,normal,0,leak_progression
2026-01-01 07:36:00,1,72.386,3.775,23.604,1,1,1424.917,1,143.055,0,normal,0,nominal
2026-01-01 07:36:00,2,67.037,2.605,26.562,1,1,1254.199,1,123.119,0,normal,0,nominal
2026-01-01 07:36:00,3,58.303,1.88,29.041,1,1,1122.169,1,111.219,0,normal,0,leak_progression
2026-01-01 07:37:00,1,73.308,3.574,23.821,1,1,1428.942,1,140.9,0,normal,0,nominal
2026-01-01 07:37:00,2,67.142,2.65,26.767,1,1,1250.468,1,123.493,0,normal,0,nominal
2026-01-01 07:37:00,3,57.576,1.867,29.327,1,1,1122.487,1,111.08,0,normal,0,leak_progression
2026-01-01 07:38:00,1,72.386,3.24,23.575,1,1,1411.208,1,136.386,0,normal,0,nominal
2026-01-01 07:38:00,2,67.438,2.75,26.438,1,1,1255.283,1,124.822,0,normal,0,nominal
2026-01-01 07:38:00,3,57.336,2.3,29.148,1,1,1125.927,1,116.29,0,normal,0,leak_progression
2026-01-01 07:39:00,1,73.407,3.541,23.68,1,1,1389.793,1,139.039,0,normal,0,nominal
2026-01-01 07:39:00,2,68.585,3.031,26.167,1,1,1264.81,1,128.424,0,normal,0,nominal
2026-01-01 07:39:00,3,57.584,2.256,29.33,1,1,1125.7,1,115.764,0,normal,0,leak_progression
2026-01-01 07:40:00,1,74.584,3.57,23.842,1,1,1420.443,1,140.535,0,normal,0,nominal
2026-01-01 07:40:00,2,67.365,2.497,26.295,1,1,1259.608,1,122.085,0,normal,0,nominal
2026-01-01 07:40:00,3,57.477,2.169,29.399,1,1,1118.262,1,114.458,0,normal,0,leak_progression
2026-01-01 07:41:00,1,75.233,3.537,23.562,1,1,1429.807,1,140.506,0,normal,0,nominal
2026-01-01 07:41:00,2,67.279,2.809,26.263,1,1,1246.898,1,125.181,0,normal,0,nominal
2026-01-01 07:41:00,3,57.46,2.459,29.735,1,1,1104.144,1,117.325,0,normal,0,leak_progression
2026-01-01 07:42:00,1,75.169,3.739,23.633,1,1,1409.242,1,142.045,0,normal,0,nominal
2026-01-01 07:42:00,2,65.894,2.796,26.471,1,1,1249.39,1,125.131,0,normal,0,nominal
2026-01-01 07:42:00,3,53.722,1.857,29.542,1,1,1102.111,1,110.183,0,normal,0,leak_progression
2026-01-01 07:43:00,1,74.251,3.757,23.547,1,1,1423.143,1,142.785,0,normal,0,nominal
2026-01-01 07:43:00,2,66.701,2.904,25.967,1,1,1240.198,1,126.026,0,normal,0,nominal
2026-01-01 07:43:00,3,55.494,2.061,29.039,1,1,1100.571,1,112.517,0,normal,0,leak_progression
2026-01-01 07:44:00,1,73.865,3.831,23.585,1,1,1432.052,1,143.973,0,normal,0,nominal
2026-01-01 07:44:00,2,66.681,2.715,26.121,1,1,1239.826,1,123.842,0,normal,0,nominal
2026-01-01 07:44:00,3,55.8,2.011,29.066,1,1,1107.082,1,112.176,0,normal,0,leak_progression
2026-01-01 07:45:00,1,73.828,3.68,23.961,1,1,1429.038,1,142.128,0,normal,0,nominal
2026-01-01 07:45:00,2,66.248,3.154,26.253,1,1,1243.353,1,129.018,0,normal,0,nominal
2026-01-01 07:45:00,3,56.644,2.292,29.093,1,1,1121.456,1,116.024,0,normal,0,leak_progression
2026-01-01 07:46:00,1,73.901,3.835,23.781,1,1,1408.869,1,143.141,0,normal,0,nominal
2026-01-01 07:46:00,2,66.546,2.928,26.494,1,1,1266.013,1,127.284,0,normal,0,nominal
2026-01-01 07:46:00,3,58.24,2.408,28.988,1,1,1120.074,1,117.328,0,normal,0,leak_progression
2026-01-01 07:47:00,1,74.584,3.755,24.276,1,1,1420.274,1,142.654,0,normal,0,nominal
2026-01-01 07:47:00,2,66.576,2.838,26.271,1,1,1262.0,1,126.097,0,normal,0,nominal
2026-01-01 07:47:00,3,57.734,2.332,28.884,1,1,1122.937,1,116.551,0,normal,0,leak_progression
2026-01-01 07:48:00,1,73.685,4.034,24.251,1,1,1413.324,1,145.602,0,normal,0,nominal
2026-01-01 07:48:00,2,65.681,3.176,26.271,1,1,1243.29,1,129.264,0,normal,0,nominal
2026-01-01 07:48:00,3,56.75,2.476,28.993,1,1,1114.578,1,117.917,0,normal,0,leak_progression
2026-01-01 07:49:00,1,72.848,3.726,24.492,1,1,1421.206,1,142.355,0,normal,0,nominal
2026-01-01 07:49:00,2,65.614,2.807,26.52,1,1,1228.359,1,124.463,0,normal,0,nominal
2026-01-01 07:49:00,3,58.053,2.38,29.206,1,1,1116.414,1,116.861,0,normal,0,leak_progression
2026-01-01 07:50:00,1,72.101,3.436,24.478,1,1,1424.224,1,139.135,0,normal,0,nominal
2026-01-01 07:50:00,2,66.113,2.444,26.351,1,1,1226.128,1,120.198,0,normal,0,nominal
2026-01-01 07:50:00,3,58.584,2.515,28.906,1,1,1126.478,1,118.833,0,normal,0,leak_progression
2026-01-01 07:51:00,1,72.64,3.912,24.46,1,1,1454.512,1,145.763,0,normal,0,nominal
2026-01-01 07:51:00,2,66.714,2.5,26.441,1,1,1248.666,1,121.698,0,normal,0,nominal
2026-01-01 07:51:00,3,57.542,2.366,29.242,1,1,1125.567,1,117.054,0,normal,0,leak_progression
2026-01-01 07:52:00,1,73.339,4.096,24.588,1,1,1447.996,1,147.626,0,normal,0,nominal
2026-01-01 07:52:00,2,66.727,2.671,26.448,1,1,1252.488,1,123.81,0,normal,0,nominal
2026-01-01 07:52:00,3,56.813,2.208,29.388,1,1,1093.919,1,113.992,0,normal,0,leak_progression
2026-01-01 07:53:00,1,72.76,4.072,23.968,1,1,1434.479,1,146.84,0,normal,0,nominal
2026-01-01 07:53:00,2,69.584,2.55,26.338,1,1,1260.5,1,122.728,0,normal,0,nominal
2026-01-01 07:53:00,3,57.735,1.994,28.989,1,1,1121.887,1,112.538,0,normal,0,leak_progression
2026-01-01 07:54:00,1,74.17,4.124,23.646,1,1,1425.163,1,147.086,0,normal,0,nominal
2026-01-01 07:54:00,2,68.055,2.252,26.488,1,1,1240.265,1,118.523,0,normal,0,nominal
2026-01-01 07:54:00,3,57.47,1.937,28.989,1,1,1132.576,1,112.281,0,normal,0,leak_progression
2026-01-01 07:55:00,1,74.637,4.383,23.878,1,1,1429.524,1,150.222,0,normal,0,nominal
2026-01-01 07:55:00,2,68.108,2.266,26.485,1,1,1257.115,1,119.332,0,normal,0,nominal
2026-01-01 07:55:00,3,57.762,2.048,29.134,1,1,1113.625,1,112.864,0,normal,0,leak_progression
2026-01-01 07:56:00,1,74.55,3.997,24.101,1,1,1439.414,1,146.162,0,normal,0,nominal
2026-01-01 07:56:00,2,68.027,3.0,26.647,1,1,1265.268,1,128.085,0,normal,0,nominal
2026-01-01 07:56:00,3,59.489,2.277,29.15,1,1,1100.106,1,115.031,0,normal,0,leak_progression
2026-01-01 07:57:00,1,75.472,4.123,23.736,1,1,1430.319,1,147.262,0,normal,0,nominal
2026-01-01 07:57:00,2,67.961,2.576,26.77,1,1,1257.987,1,122.924,0,normal,0,nominal
2026-01-01 07:57:00,3,58.793,2.016,29.11,1,1,1105.346,1,112.173,0,normal,0,leak_progression
2026-01-01 07:58:00,1,75.331,3.636,24.182,1,1,1442.904,1,142.142,0,normal,0,nominal
2026-01-01 07:58:00,2,66.424,2.356,26.336,1,1,1274.256,1,121.012,0,normal,0,nominal
2026-01-01 07:58:00,3,57.716,2.138,29.216,1,1,1121.964,1,114.231,0,normal,0,leak_progression
2026-01-01 07:59:00,1,74.741,3.8,23.806,1,1,1425.027,1,143.353,0,normal,0,nominal
2026-01-01 07:59:00,2,65.351,2.836,26.93,1,1,1262.011,1,126.075,0,normal,0,nominal
2026-01-01 07:59:00,3,59.383,2.232,29.073,1,1,1124.911,1,115.445,0,normal,0,leak_progression
2026-01-01 06:00:00,1,73.427,3.583,23.955,1,1,1391.529,1,139.581,0,normal,0,nominal
2026-01-01 06:00:00,2,67.082,3.234,26.293,1,1,1254.237,1,130.351,0,normal,0,nominal
2026-01-01 06:00:00,3,61.943,2.286,28.627,1,1,1079.329,1,112.807,0,normal,0,nominal
2026-01-01 06:01:00,1,73.705,3.696,23.618,1,1,1409.022,1,141.551,0,normal,0,nominal
2026-01-01 06:01:00,2,66.804,3.561,26.358,1,1,1256.485,1,134.197,0,normal,0,nominal
2026-01-01 06:01:00,3,61.628,2.144,28.868,1,1,1091.851,1,111.642,0,normal,0,nominal
2026-01-01 06:02:00,1,72.677,3.857,23.472,1,1,1413.367,1,143.564,0,normal,0,nominal
2026-01-01 06:02:00,2,66.761,2.928,26.177,1,1,1253.724,1,126.809,0,normal,0,nominal
2026-01-01 06:02:00,3,60.869,2.033,28.848,1,1,1116.881,1,111.319,0,normal,0,nominal
2026-01-01 06:03:00,1,73.375,3.769,23.542,1,1,1397.466,1,141.947,0,normal,0,nominal
2026-01-01 06:03:00,2,66.487,2.706,26.314,1,1,1237.152,1,123.63,0,normal,0,nominal
2026-01-01 06:03:00,3,61.308,2.428,28.866,1,1,1123.124,1,116.105,0,normal,0,nominal
2026-01-01 06:04:00,1,73.233,3.559,23.132,1,1,1420.041,1,140.394,0,normal,0,nominal
2026-01-01 06:04:00,2,67.746,2.58,26.024,1,1,1227.545,1,121.819,0,normal,0,nominal
2026-01-01 06:04:00,3,61.26,2.499,28.512,1,1,1109.519,1,116.402,0,normal,0,nominal
2026-01-01 06:05:00,1,73.111,3.69,23.13,1,1,1430.998,1,142.311,0,normal,0,nominal
2026-01-01 06:05:00,2,66.811,2.845,25.971,1,1,1242.423,1,125.428,0,normal,0,nominal
2026-01-01 06:05:00,3,61.189,2.321,28.393,1,1,1114.536,1,114.539,0,normal,0,nominal
2026-01-01 06:06:00,1,72.743,3.549,23.441,1,1,1419.723,1,140.261,0,normal,0,nominal
2026-01-01 06:06:00,2,65.868,2.782,25.987,1,1,1228.933,1,124.19,0,normal,0,nominal
2026-01-01 06:06:00,3,60.588,2.25,28.356,1,1,1100.61,1,113.197,0,normal,0,nominal
2026-01-01 06:07:00,1,73.341,3.697,23.783,1,1,1429.1,1,142.327,0,normal,0,nominal
2026-01-01 06:07:00,2,67.805,2.862,25.99,1,1,1243.577,1,125.672,0,normal,0,nominal
2026-01-01 06:07:00,3,61.46,2.469,28.486,1,1,1114.019,1,116.229,0,normal,0,nominal
2026-01-01 06:08:00,1,73.806,3.91,23.499,1,1,1422.375,1,144.514,0,normal,0,nominal
2026-01-01 06:08:00,2,68.906,2.756,25.788,1,1,1244.478,1,124.485,0,normal,0,nominal
2026-01-01 06:08:00,3,60.352,2.417,28.532,1,1,1110.829,1,115.509,0,normal,0,nominal
2026-01-01 06:09:00,1,74.388,3.943,23.536,1,1,1418.494,1,144.743,0,normal,0,nominal
2026-01-01 06:09:00,2,66.729,2.935,26.012,1,1,1252.554,1,126.851,0,normal,0,nominal
2026-01-01 06:09:00,3,59.872,2.417,28.558,1,1,1108.444,1,115.413,0,normal,0,nominal
2026-01-01 06:10:00,1,74.472,3.986,23.507,1,1,1432.167,1,145.76,0,normal,0,nominal
2026-01-01 06:10:00,2,67.671,2.988,26.13,1,1,1239.236,1,126.948,0,normal,0,nominal
2026-01-01 06:10:00,3,61.125,2.332,28.63,1,1,1104.742,1,114.293,0,normal,0,nominal
2026-01-01 06:11:00,1,74.423,3.654,23.116,1,1,1426.885,1,141.747,0,normal,0,nominal
2026-01-01 06:11:00,2,67.094,3.351,26.234,1,1,1254.448,1,131.705,0,normal,0,nominal
2026-01-01 06:11:00,3,59.847,1.807,28.733,1,1,1087.676,1,107.613,0,normal,0,nominal
2026-01-01 06:12:00,1,74.547,3.736,23.257,1,1,1419.015,1,142.387,0,normal,0,nominal
2026-01-01 06:12:00,2,67.846,3.054,26.222,1,1,1241.385,1,127.799,0,normal,0,nominal
2026-01-01 06:12:00,3,60.434,1.865,28.469,1,1,1106.11,1,108.984,0,normal,0,nominal
2026-01-01 06:13:00,1,73.755,3.413,23.129,1,1,1434.316,1,139.253,0,normal,0,nominal
2026-01-01 06:13:00,2,68.02,2.886,26.208,1,1,1233.949,1,125.575,0,normal,0,nominal
2026-01-01 06:13:00,3,60.938,2.246,28.32,1,1,1114.038,1,113.661,0,normal,0,nominal
2026-01-01 06:14:00,1,74.552,3.569,23.213,1,1,1414.205,1,140.282,0,normal,0,nominal
2026-01-01 06:14:00,2,67.866,2.812,25.924,1,1,1261.85,1,125.793,0,normal,0,nominal
2026-01-01 06:14:00,3,59.352,2.192,28.771,1,1,1128.959,1,113.607,0,normal,0,nominal
2026-01-01 06:15:00,1,73.375,3.685,23.036,1,1,1410.63,1,141.487,0,normal,0,nominal
2026-01-01 06:15:00,2,67.106,2.702,25.956,1,1,1254.065,1,124.223,0,normal,0,nominal
2026-01-01 06:15:00,3,59.106,2.23,28.571,1,1,1107.67,1,113.241,0,normal,0,nominal
2026-01-01 06:16:00,1,73.495,3.642,23.154,1,1,1423.557,1,141.481,0,normal,0,nominal
2026-01-01 06:16:00,2,67.543,2.894,26.06,1,1,1289.125,1,127.766,0,normal,0,nominal
2026-01-01 06:16:00,3,60.144,2.318,28.612,1,1,1105.091,1,114.154,0,normal,0,nominal
2026-01-01 06:17:00,1,74.093,4.189,23.418,1,1,1416.349,1,147.495,0,normal,0,nominal
2026-01-01 06:17:00,2,67.96,3.001,26.297,1,1,1280.5,1,128.673,0,normal,0,nominal
2026-01-01 06:17:00,3,61.113,2.458,28.402,1,1,1139.268,1,117.059,0,normal,0,nominal
2026-01-01 06:18:00,1,74.225,3.715,23.434,1,1,1428.093,1,142.494,0,normal,0,nominal
2026-01-01 06:18:00,2,67.477,2.823,26.42,1,1,1264.924,1,126.027,0,normal,0,nominal
2026-01-01 06:18:00,3,61.733,2.318,28.615,1,1,1115.356,1,114.538,0,normal,0,nominal
2026-01-01 06:19:00,1,71.895,3.542,23.718,1,1,1403.0,1,139.548,0,normal,0,nominal
2026-01-01 06:19:00,2,66.976,3.208,26.215,1,1,1252.778,1,130.0,0,normal,0,nominal
2026-01-01 06:19:00,3,61.254,2.209,28.853,1,1,1123.417,1,113.596,0,normal,0,nominal
2026-01-01 06:20:00,1,72.13,3.392,23.485,1,1,1419.577,1,138.452,0,normal,0,nominal
2026-01-01 06:20:00,2,67.457,3.257,26.459,1,1,1250.103,1,130.464,0,normal,0,nominal
2026-01-01 06:20:00,3,63.064,2.034,29.229,1,1,1114.699,1,111.255,0,normal,0,nominal
2026-01-01 06:21:00,1,72.673,3.557,23.225,1,1,1418.09,1,140.288,0,normal,0,nominal
2026-01-01 06:21:00,2,65.837,3.25,26.37,1,1,1256.758,1,130.628,0,normal,0,nominal
2026-01-01 06:21:00,3,62.285,2.302,29.391,1,1,1110.231,1,114.165,0,normal,0,nominal
2026-01-01 06:22:00,1,73.922,3.34,23.428,1,1,1426.49,1,138.122,0,normal,0,nominal
2026-01-01 06:22:00,2,65.759,3.431,26.55,1,1,1276.699,1,133.477,0,normal,0,nominal
2026-01-01 06:22:00,3,60.819,1.998,29.376,1,1,1125.442,1,111.241,0,normal,0,nominal
2026-01-01 06:23:00,1,73.262,3.5,23.637,1,1,1429.865,1,140.084,0,normal,0,nominal
2026-01-01 06:23:00,2,66.345,3.219,26.603,1,1,1252.919,1,130.13,0,normal,0,nominal
2026-01-01 06:23:00,3,60.434,2.277,29.392,1,1,1108.608,1,113.809,0,normal,0,nominal
2026-01-01 06:24:00,1,72.309,3.623,23.944,1,1,1429.225,1,141.478,0,normal,0,nominal
2026-01-01 06:24:00,2,66.134,2.544,26.43,1,1,1251.78,1,122.32,0,normal,0,nominal
2026-01-01 06:24:00,3,60.112,2.08,29.074,1,1,1101.968,1,111.297,0,normal,0,nominal
2026-01-01 06:25:00,1,72.429,3.47,24.169,1,1,1427.763,1,139.662,0,normal,0,nominal
2026-01-01 06:25:00,2,67.161,2.643,26.414,1,1,1254.792,1,123.575,0,normal,0,nominal
2026-01-01 06:25:00,3,60.628,2.296,28.828,1,1,1139.921,1,115.224,0,normal,0,nominal
2026-01-01 06:26:00,1,72.457,3.677,24.063,1,1,1420.567,1,141.767,0,normal,0,nominal
2026-01-01 06:26:00,2,65.981,2.524,26.55,1,1,1249.288,1,121.997,0,normal,0,nominal
2026-01-01 06:26:00,3,62.408,2.279,29.022,1,1,1112.662,1,113.985,0,normal,0,nominal
2026-01-01 06:27:00,1,73.074,3.545,23.811,1,1,1430.704,1,140.633,0,normal,0,nominal
2026-01-01 06:27:00,2,66.026,2.567,26.562,1,1,1239.703,1,122.134,0,normal,0,nominal
2026-01-01 06:27:00,3,60.745,2.406,29.168,1,1,1119.845,1,115.726,0,normal,0,nominal
2026-01-01 06:28:00,1,73.695,3.562,23.641,1,1,1446.587,1,141.43,0,normal,0,nominal
2026-01-01 06:28:00,2,64.59,2.856,26.399,1,1,1239.728,1,125.457,0,normal,0,nominal
2026-01-01 06:28:00,3,60.8,2.396,28.882,1,1,1122.558,1,115.708,0,normal,0,nominal
2026-01-01 06:29:00,1,73.337,3.858,23.747,1,1,1424.542,1,144.004,0,normal,0,nominal
2026-01-01 06:29:00,2,66.885,2.742,25.979,1,1,1243.301,1,124.277,0,normal,0,nominal
2026-01-01 06:29:00,3,60.267,2.478,28.91,1,1,1100.082,1,115.803,0,normal,0,nominal
2026-01-01 06:30:00,1,72.332,3.889,23.564,1,1,1427.368,1,144.465,0,normal,0,nominal
2026-01-01 06:30:00,2,66.575,3.47,26.038,1,1,1223.201,1,131.89,0,normal,0,nominal
2026-01-01 06:30:00,3,60.156,2.561,28.638,1,1,1092.85,1,116.476,0,normal,0,nominal
2026-01-01 06:31:00,1,72.542,3.324,23.641,1,1,1428.819,1,138.023,0,normal,0,nominal
2026-01-01 06:31:00,2,66.901,3.197,26.342,1,1,1219.487,1,128.606,0,normal,0,nominal
2026-01-01 06:31:00,3,59.211,2.271,28.842,1,1,1106.044,1,113.65,0,normal,0,nominal
2026-01-01 06:32:00,1,72.074,3.496,24.193,1,1,1442.562,1,140.52,0,normal,0,nominal
2026-01-01 06:32:00,2,66.878,3.457,26.671,1,1,1235.079,1,132.193,0,normal,0,nominal
2026-01-01 06:32:00,3,60.083,2.266,28.773,1,1,1106.35,1,113.596,0,normal,0,nominal
2026-01-01 06:33:00,1,73.217,3.475,24.421,1,1,1439.956,1,140.182,0,normal,0,nominal
2026-01-01 06:33:00,2,66.767,2.846,26.851,1,1,1244.424,1,125.514,0,normal,0,nominal
2026-01-01 06:33:00,3,60.196,2.014,28.393,1,1,1099.436,1,110.442,0,normal,0,nominal
2026-01-01 06:34:00,1,76.799,3.679,24.224,1,1,1438.022,1,142.452,0,normal,0,nominal
2026-01-01 06:34:00,2,65.645,3.03,26.687,1,1,1251.827,1,127.913,0,normal,0,nominal
2026-01-01 06:34:00,3,59.658,1.971,28.91,1,1,1098.256,1,109.902,0,normal,0,nominal
2026-01-01 06:35:00,1,74.099,3.434,24.15,1,1,1429.633,1,139.314,0,normal,0,nominal
2026-01-01 06:35:00,2,66.706,3.187,26.244,1,1,1246.784,1,129.528,0,normal,0,nominal
2026-01-01 06:35:00,3,60.141,2.4,29.035,1,1,1102.084,1,114.977,0,normal,0,nominal
2026-01-01 06:36:00,1,74.526,3.477,24.181,1,1,1402.576,1,138.781,0,normal,0,nominal
2026-01-01 06:36:00,2,66.276,3.258,25.902,1,1,1241.349,1,130.14,0,normal,0,nominal
2026-01-01 06:36:00,3,60.865,2.239,29.067,1,1,1100.389,1,113.066,0,normal,0,nominal
2026-01-01 06:37:00,1,74.057,3.632,23.765,1,1,1400.998,1,140.505,0,normal,0,nominal
2026-01-01 06:37:00,2,65.843,3.336,26.193,1,1,1240.343,1,130.996,0,normal,0,nominal
2026-01-01 06:37:00,3,60.553,2.287,29.195,1,1,1089.682,1,113.207,0,normal,0,nominal
2026-01-01 06:38:00,1,73.809,3.432,23.862,1,1,1413.455,1,138.685,0,normal,0,nominal
2026-01-01 06:38:00,2,66.147,2.724,25.857,1,1,1242.839,1,124.058,0,normal,0,nominal
2026-01-01 06:38:00,3,61.638,2.35,29.004,1,1,1115.642,1,114.921,0,normal,0,nominal
2026-01-01 06:39:00,1,74.715,3.858,23.749,1,1,1429.0,1,144.173,0,normal,0,nominal
2026-01-01 06:39:00,2,66.513,2.827,25.999,1,1,1250.802,1,125.541,0,normal,0,nominal
2026-01-01 06:39:00,3,61.801,2.196,28.805,1,1,1095.308,1,112.371,0,normal,0,nominal
2026-01-01 06:40:00,1,74.182,3.79,23.638,1,1,1410.251,1,142.674,0,normal,0,nominal
2026-01-01 06:40:00,2,66.319,2.638,26.163,1,1,1243.785,1,123.096,0,normal,0,nominal
2026-01-01 06:40:00,3,61.845,2.373,28.694,1,1,1109.649,1,114.951,0,normal,0,nominal
2026-01-01 06:41:00,1,73.907,3.842,23.81,1,1,1415.58,1,143.476,0,normal,0,nominal
2026-01-01 06:41:00,2,66.568,2.622,26.4,1,1,1255.249,1,123.354,0,normal,0,nominal
2026-01-01 06:41:00,3,61.239,2.394,28.433,1,1,1105.155,1,115.032,0,normal,0,nominal
2026-01-01 06:42:00,1,74.158,3.656,23.77,1,1,1436.965,1,142.145,0,normal,0,nominal
2026-01-01 06:42:00,2,66.697,2.751,26.675,1,1,1254.512,1,124.81,0,normal,0,nominal
2026-01-01 06:42:00,3,62.301,2.34,28.638,1,1,1102.12,1,114.285,0,normal,0,nominal
2026-01-01 06:43:00,1,74.453,3.375,23.526,1,1,1408.213,1,137.825,0,normal,0,nominal
2026-01-01 06:43:00,2,68.181,2.303,26.31,1,1,1226.529,1,118.596,0,normal,0,nominal
2026-01-01 06:43:00,3,60.392,1.758,28.722,1,1,1100.05,1,107.513,0,normal,0,nominal
2026-01-01 06:44:00,1,73.198,3.372,23.619,1,1,1423.968,1,138.391,0,normal,0,nominal
2026-01-01 06:44:00,2,67.614,2.313,25.9,1,1,1235.312,1,119.043,0,normal,0,nominal
2026-01-01 06:44:00,3,61.721,2.104,28.697,1,1,1098.954,1,111.458,0,normal,0,nominal
2026-01-01 06:45:00,1,74.335,3.582,23.589,1,1,1415.109,1,140.467,0,normal,0,nominal
2026-01-01 06:45:00,2,66.561,3.002,25.793,1,1,1231.683,1,126.828,0,normal,0,nominal
2026-01-01 06:45:00,3,59.464,2.094,28.64,1,1,1107.471,1,111.668,0,normal,0,nominal
2026-01-01 06:46:00,1,73.034,3.779,23.872,1,1,1420.231,1,142.922,0,normal,0,nominal
2026-01-01 06:46:00,2,66.541,3.214,26.089,1,1,1267.998,1,130.646,0,normal,0,nominal
2026-01-01 06:46:00,3,59.004,2.193,28.723,1,1,1082.325,1,111.844,0,normal,0,nominal
2026-01-01 06:47:00,1,73.275,4.129,23.793,1,1,1433.726,1,147.467,0,normal,0,nominal
2026-01-01 06:47:00,2,66.663,3.091,26.013,1,1,1256.385,1,128.79,0,normal,0,nominal
2026-01-01 06:47:00,3,59.936,2.451,28.682,1,1,1113.553,1,116.007,0,normal,0,nominal
2026-01-01 06:48:00,1,74.384,4.098,23.782,1,1,1402.965,1,145.943,0,normal,0,nominal
2026-01-01 06:48:00,2,67.08,2.885,26.082,1,1,1267.502,1,126.846,0,normal,0,nominal
2026-01-01 06:48:00,3,60.978,2.495,28.594,1,1,1125.315,1,116.959,0,normal,0,nominal
2026-01-01 06:49:00,1,73.535,4.051,24.179,1,1,1396.916,1,145.167,0,normal,0,nominal
2026-01-01 06:49:00,2,66.908,2.976,26.448,1,1,1257.807,1,127.516,0,normal,0,nominal
2026-01-01 06:49:00,3,59.981,2.444,28.719,1,1,1118.944,1,116.123,0,normal,0,nominal
2026-01-01 06:50:00,1,74.403,3.843,24.097,1,1,1386.645,1,142.391,0,normal,0,nominal
2026-01-01 06:50:00,2,66.745,2.776,26.204,1,1,1265.556,1,125.518,0,normal,0,nominal
2026-01-01 06:50:00,3,60.17,2.545,28.571,1,1,1128.042,1,117.633,0,normal,0,nominal
2026-01-01 06:51:00,1,74.571,3.787,24.143,1,1,1412.025,1,142.707,0,normal,0,nominal
2026-01-01 06:51:00,2,66.821,2.84,26.308,1,1,1252.094,1,125.736,0,normal,0,nominal
2026-01-01 06:51:00,3,60.298,2.371,28.735,1,1,1122.441,1,115.424,0,normal,0,nominal
2026-01-01 06:52:00,1,74.925,3.861,24.439,1,1,1407.041,1,143.368,0,normal,0,nominal
2026-01-01 06:52:00,2,66.643,2.966,26.153,1,1,1241.917,1,126.801,0,normal,0,nominal
2026-01-01 06:52:00,3,59.601,2.163,28.545,1,1,1123.634,1,113.071,0,normal,0,nominal
2026-01-01 06:53:00,1,74.758,3.849,23.933,1,1,1408.77,1,143.295,0,normal,0,nominal
2026-01-01 06:53:00,2,67.35,2.715,25.765,1,1,1267.378,1,124.878,0,normal,0,nominal
2026-01-01 06:53:00,3,59.255,2.161,28.566,1,1,1116.142,1,112.766,0,normal,0,nominal
2026-01-01 06:54:00,1,75.522,3.506,23.815,1,1,1422.427,1,139.874,0,normal,0,nominal
2026-01-01 06:54:00,2,66.71,2.458,26.298,1,1,1269.116,1,121.998,0,normal,0,nominal
2026-01-01 06:54:00,3,61.101,1.978,28.451,1,1,1122.858,1,110.921,0,normal,0,nominal
2026-01-01 06:55:00,1,76.305,3.791,24.075,1,1,1422.463,1,143.148,0,normal,0,nominal
2026-01-01 06:55:00,2,67.942,2.48,26.066,1,1,1257.833,1,121.812,0,normal,0,nominal
2026-01-01 06:55:00,3,58.749,2.264,28.376,1,1,1143.068,1,114.976,0,normal,0,nominal
2026-01-01 06:56:00,1,74.003,3.553,23.666,1,1,1409.114,1,139.906,0,normal,0,nominal
2026-01-01 06:56:00,2,66.937,3.177,26.113,1,1,1258.272,1,129.849,0,normal,0,nominal
2026-01-01 06:56:00,3,58.148,2.129,28.506,1,1,1140.584,1,113.322,0,normal,0,nominal
2026-01-01 06:57:00,1,73.697,3.449,23.552,1,1,1405.794,1,138.587,0,normal,0,nominal
2026-01-01 06:57:00,2,67.356,2.533,26.522,1,1,1238.003,1,121.678,0,normal,0,nominal
2026-01-01 06:57:00,3,58.598,2.482,28.562,1,1,1126.508,1,116.848,0,normal,0,nominal
2026-01-01 06:58:00,1,73.569,3.323,23.751,1,1,1393.508,1,136.669,0,normal,0,nominal
2026-01-01 06:58:00,2,67.419,3.29,26.391,1,1,1242.91,1,130.565,0,normal,0,nominal
2026-01-01 06:58:00,3,59.615,2.39,28.923,1,1,1119.057,1,115.515,0,normal,0,nominal
2026-01-01 06:59:00,1,74.151,3.16,23.824,1,1,1396.195,1,134.895,0,normal,0,nominal
2026-01-01 06:59:00,2,67.659,3.136,26.909,1,1,1255.485,1,129.268,0,normal,0,nominal
2026-01-01 06:59:00,3,59.643,2.534,28.94,1,1,1138.785,1,117.917,0,normal,0,nominal
2026-01-01 07:00:00,1,73.667,3.356,23.86,1,1,1425.541,1,138.264,0,normal,0,nominal
2026-01-01 07:00:00,2,68.032,3.277,26.919,1,1,1265.808,1,131.287,0,normal,0,nominal
2026-01-01 07:00:00,3,61.486,2.386,28.962,1,1,1131.087,1,115.915,0,normal,0,nominal
2026-01-01 07:01:00,1,73.817,3.686,23.993,1,1,1421.952,1,141.923,0,normal,0,nominal
2026-01-01 07:01:00,2,68.372,2.59,26.996,1,1,1248.697,1,122.739,0,normal,0,nominal
2026-01-01 07:01:00,3,60.577,2.15,28.473,1,1,1130.416,1,113.178,0,normal,0,nominal
2026-01-01 07:02:00,1,73.553,3.595,24.134,1,1,1440.039,1,141.559,0,normal,0,nominal
2026-01-01 07:02:00,2,68.409,2.711,26.6,1,1,1244.207,1,123.958,0,normal,0,nominal
2026-01-01 07:02:00,3,59.882,2.155,28.808,1,1,1134.597,1,113.398,0,normal,0,nominal
2026-01-01 07:03:00,1,73.13,3.96,23.851,1,1,1435.704,1,145.602,0,normal,0,nominal
2026-01-01 07:03:00,2,68.315,2.955,26.324,1,1,1252.417,1,127.07,0,normal,0,nominal
2026-01-01 07:03:00,3,61.867,2.14,28.706,1,1,1127.866,1,112.965,0,normal,0,nominal
2026-01-01 07:04:00,1,72.27,3.849,23.649,1,1,1432.445,1,144.199,0,normal,0,nominal
2026-01-01 07:04:00,2,67.164,3.151,25.864,1,1,1259.99,1,129.618,0,normal,0,nominal
2026-01-01 07:04:00,3,60.461,2.449,28.819,1,1,1133.609,1,116.745,0,normal,0,nominal
2026-01-01 07:05:00,1,72.721,3.854,23.865,1,1,1423.127,1,143.902,0,normal,0,nominal
2026-01-01 07:05:00,2,66.597,2.987,25.853,1,1,1262.96,1,127.848,0,normal,0,nominal
2026-01-01 07:05:00,3,60.815,2.41,29.028,1,1,1109.496,1,115.379,0,normal,0,nominal
2026-01-01 07:06:00,1,73.029,3.883,23.916,1,1,1418.667,1,144.063,0,normal,0,nominal
2026-01-01 07:06:00,2,66.792,2.837,25.869,1,1,1249.496,1,125.605,0,normal,0,nominal
2026-01-01 07:06:00,3,61.342,2.606,28.944,1,1,1123.375,1,118.159,0,normal,0,nominal
2026-01-01 07:07:00,1,72.588,3.609,24.165,1,1,1409.79,1,140.577,0,normal,0,nominal
2026-01-01 07:07:00,2,66.513,3.178,26.25,1,1,1254.124,1,129.706,0,normal,0,nominal
2026-01-01 07:07:00,3,60.933,2.399,28.966,1,1,1114.156,1,115.421,0,normal,0,nominal
2026-01-01 07:08:00,1,72.858,3.775,23.74,1,1,1377.619,1,141.258,0,normal,0,nominal
2026-01-01 07:08:00,2,66.416,2.341,26.278,1,1,1251.573,1,119.982,0,normal,0,nominal
2026-01-01 07:08:00,3,59.704,2.541,29.207,1,1,1101.741,1,116.586,0,normal,0,nominal
2026-01-01 07:09:00,1,72.044,4.301,23.897,1,1,1402.908,1,148.275,0,normal,0,nominal
2026-01-01 07:09:00,2,66.429,2.247,26.443,1,1,1256.662,1,119.088,0,normal,0,nominal
2026-01-01 07:09:00,3,61.012,2.204,28.902,1,1,1109.737,1,113.021,0,normal,0,nominal
2026-01-01 07:10:00,1,72.746,4.14,24.267,1,1,1424.291,1,147.233,0,normal,0,nominal
2026-01-01 07:10:00,2,66.48,2.475,26.344,1,1,1255.499,1,121.675,0,normal,0,nominal
2026-01-01 07:10:00,3,62.642,2.493,29.22,1,1,1134.798,1,117.289,0,normal,0,nominal
2026-01-01 07:11:00,1,73.299,3.933,24.192,1,1,1440.494,1,145.472,0,normal,0,nominal
2026-01-01 07:11:00,2,66.971,2.997,26.347,1,1,1241.521,1,127.14,0,normal,0,nominal
2026-01-01 07:11:00,3,62.096,2.211,29.05,1,1,1119.433,1,113.462,0,normal,0,nominal
2026-01-01 07:12:00,1,74.043,3.913,23.929,1,1,1440.431,1,145.236,0,normal,0,nominal
2026-01-01 07:12:00,2,66.682,3.297,26.366,1,1,1238.51,1,130.479,0,normal,0,nominal
2026-01-01 07:12:00,3,61.205,2.229,29.069,1,1,1119.542,1,113.962,0,normal,0,leak_progression
2026-01-01 07:13:00,1,72.395,3.864,24.184,1,1,1429.49,1,144.251,0,normal,0,nominal
2026-01-01 07:13:00,2,65.939,2.616,26.35,1,1,1225.008,1,122.134,0,normal,0,nominal
2026-01-01 07:13:00,3,59.889,2.306,29.109,1,1,1117.278,1,115.053,0,normal,0,leak_progression
2026-01-01 07:14:00,1,73.84,4.214,24.21,1,1,1447.729,1,148.977,0,normal,0,nominal
2026-01-01 07:14:00,2,66.027,2.828,26.287,1,1,1245.276,1,125.347,0,normal,0,nominal
2026-01-01 07:14:00,3,58.724,2.637,29.33,1,1,1099.918,1,118.528,0,normal,0,leak_progression
2026-01-01 07:15:00,1,73.026,4.012,24.116,1,1,1446.653,1,146.612,0,normal,0,nominal
2026-01-01 07:15:00,2,66.495,3.054,26.398,1,1,1261.661,1,128.569,0,normal,0,nominal
2026-01-01 07:15:00,3,58.748,2.317,29.483,1,1,1098.818,1,115.048,0,normal,0,leak_progression
2026-01-01 07:16:00,1,74.117,3.348,24.5,1,1,1426.103,1,138.198,0,normal,0,nominal
2026-01-01 07:16:00,2,67.109,2.787,26.296,1,1,1253.649,1,125.19,0,normal,0,nominal
2026-01-01 07:16:00,3,57.47,2.678,29.443,1,1,1121.236,1,120.422,0,normal,0,leak_progression
2026-01-01 07:17:00,1,72.77,3.592,24.504,1,1,1434.17,1,141.305,0,normal,0,nominal
2026-01-01 07:17:00,2,67.527,3.019,26.383,1,1,1245.614,1,127.556,0,normal,0,nominal
2026-01-01 07:17:00,3,57.559,2.247,29.589,1,1,1131.576,1,116.057,0,normal,0,leak_progression
2026-01-01 07:18:00,1,73.72,3.697,24.599,1,1,1422.951,1,142.092,0,normal,0,nominal
2026-01-01 07:18:00,2,67.117,3.101,26.321,1,1,1251.114,1,128.707,0,normal,0,nominal
2026-01-01 07:18:00,3,57.673,2.113,29.328,1,1,1104.266,1,113.717,0,normal,0,leak_progression
2026-01-01 07:19:00,1,73.224,3.547,24.18,1,1,1433.744,1,140.775,0,normal,0,nominal
2026-01-01 07:19:00,2,67.496,3.077,26.151,1,1,1235.041,1,127.817,0,normal,0,nominal
2026-01-01 07:19:00,3,54.735,2.147,29.441,1,1,1116.84,1,114.883,0,normal,0,leak_progression
2026-01-01 07:20:00,1,73.56,3.44,24.34,1,1,1433.313,1,139.52,0,normal,0,nominal
2026-01-01 07:20:00,2,66.914,3.428,26.264,1,1,1249.66,1,132.412,0,normal,0,nominal
2026-01-01 07:20:00,3,55.335,2.199,29.638,1,1,1106.008,1,115.374,0,normal,0,leak_progression
2026-01-01 07:21:00,1,73.769,3.592,24.078,1,1,1417.961,1,140.695,0,normal,0,nominal
2026-01-01 07:21:00,2,65.693,3.226,26.677,1,1,1228.928,1,129.293,0,normal,0,nominal
2026-01-01 07:21:00,3,53.798,2.727,29.439,1,1,1114.352,1,122.291,0,normal,0,leak_progression
2026-01-01 07:22:00,1,73.618,3.577,24.191,1,1,1418.821,1,140.549,0,normal,0,nominal
2026-01-01 07:22:00,2,64.783,2.791,26.796,1,1,1240.784,1,124.744,0,normal,0,nominal
2026-01-01 07:22:00,3,56.373,2.343,29.584,1,1,1116.217,1,118.063,0,normal,0,leak_progression
2026-01-01 07:23:00,1,75.812,3.268,23.599,1,1,1413.926,1,136.811,0,normal,0,nominal
2026-01-01 07:23:00,2,66.096,2.847,26.731,1,1,1258.358,1,126.062,0,normal,0,nominal
2026-01-01 07:23:00,3,54.919,2.133,29.738,1,1,1128.696,1,116.316,0,normal,1,leak_progression
2026-01-01 07:24:00,1,76.137,3.777,23.928,1,1,1419.073,1,142.863,0,normal,0,nominal
2026-01-01 07:24:00,2,66.731,2.708,26.207,1,1,1247.857,1,124.063,0,normal,0,nominal
2026-01-01 07:24:00,3,55.131,2.153,29.702,1,1,1145.449,1,117.475,0,normal,1,leak_progression
2026-01-01 07:25:00,1,76.222,3.47,23.988,1,1,1407.494,1,138.893,0,normal,0,nominal
2026-01-01 07:25:00,2,66.887,2.519,26.101,1,1,1258.723,1,122.304,0,normal,0,nominal
2026-01-01 07:25:00,3,52.947,2.246,29.682,1,1,1135.819,1,118.528,0,normal,1,leak_progression
2026-01-01 07:26:00,1,74.312,3.393,23.844,1,1,1412.518,1,138.195,0,normal,0,nominal
2026-01-01 07:26:00,2,67.643,2.51,26.333,1,1,1264.83,1,122.431,0,normal,0,nominal
2026-01-01 07:26:00,3,52.25,1.792,29.881,1,1,1107.82,1,112.231,0,normal,1,leak_progression
2026-01-01 07:27:00,1,73.814,3.253,23.744,1,1,1419.466,1,136.85,0,normal,0,nominal
2026-01-01 07:27:00,2,67.799,3.258,26.668,1,1,1253.389,1,130.601,0,normal,0,nominal
2026-01-01 07:27:00,3,53.055,1.98,30.069,1,1,1093.55,1,114.26,0,normal,1,leak_progression
2026-01-01 07:28:00,1,72.291,3.514,23.683,1,1,1432.559,1,140.347,0,normal,0,nominal
2026-01-01 07:28:00,2,68.168,3.025,26.35,1,1,1252.809,1,127.895,0,normal,0,nominal
2026-01-01 07:28:00,3,52.455,2.014,30.291,1,1,1129.203,1,116.315,0,warning,1,leak_progression
2026-01-01 07:29:00,1,73.28,3.656,23.511,1,1,1452.383,1,142.74,0,normal,0,nominal
2026-01-01 07:29:00,2,67.628,2.76,26.29,1,1,1261.801,1,125.189,0,normal,0,nominal
2026-01-01 07:29:00,3,52.442,2.151,30.544,1,1,1130.977,1,118.357,0,warning,1,leak_progression
2026-01-01 07:30:00,1,71.466,3.558,23.847,1,1,1431.15,1,140.802,0,normal,0,nominal
2026-01-01 07:30:00,2,68.865,2.459,26.296,1,1,1251.899,1,121.349,0,normal,0,nominal
2026-01-01 07:30:00,3,51.037,2.027,30.472,1,1,1131.046,1,116.827,0,warning,1,leak_progression
2026-01-01 07:31:00,1,72.278,3.346,23.567,1,1,1410.745,1,137.584,0,normal,0,nominal
2026-01-01 07:31:00,2,69.03,2.613,26.298,1,1,1246.97,1,122.937,0,normal,0,nominal
2026-01-01 07:31:00,3,51.335,2.033,30.721,1,1,1124.135,1,116.647,0,warning,1,leak_progression
2026-01-01 07:32:00,1,71.452,3.72,24.017,1,1,1422.865,1,142.35,0,normal,0,nominal
2026-01-01 07:32:00,2,67.919,2.871,26.136,1,1,1269.43,1,126.75,0,normal,0,nominal
2026-01-01 07:32:00,3,50.842,1.778,30.539,1,1,1119.394,1,113.318,0,warning,1,leak_progression
2026-01-01 07:33:00,1,72.113,3.586,24.138,1,1,1427.577,1,140.989,0,normal,0,nominal
2026-01-01 07:33:00,2,70.257,3.023,25.88,1,1,1256.211,1,128.003,0,normal,0,nominal
2026-01-01 07:33:00,3,51.833,2.102,30.554,1,1,1128.256,1,117.644,0,warning,1,leak_progression
2026-01-01 07:34:00,1,72.937,3.525,24.104,1,1,1426.015,1,140.225,0,normal,0,nominal
2026-01-01 07:34:00,2,69.367,3.088,25.933,1,1,1239.555,1,128.12,0,normal,0,nominal
2026-01-01 07:34:00,3,52.951,2.311,31.012,1,1,1119.521,1,119.887,0,warning,1,leak_progression
2026-01-01 07:35:00,1,73.35,3.677,23.924,1,1,1441.134,1,142.548,0,normal,0,nominal
2026-01-01 07:35:00,2,68.255,3.003,25.995,1,1,1259.384,1,127.892,0,normal,0,nominal
2026-01-01 07:35:00,3,52.393,2.096,31.067,1,1,1103.528,1,116.634,0,warning,1,leak_progression
2026-01-01 07:36:00,1,74.464,3.743,23.462,1,1,1454.533,1,143.816,0,normal,0,nominal
2026-01-01 07:36:00,2,67.463,3.329,26.086,1,1,1253.163,1,131.406,0,normal,0,nominal
2026-01-01 07:36:00,3,51.431,2.125,30.839,1,1,1105.366,1,117.065,0,warning,1,leak_progression
2026-01-01 07:37:00,1,73.814,3.94,23.377,1,1,1440.467,1,145.543,0,normal,0,nominal
2026-01-01 07:37:00,2,67.937,3.271,25.986,1,1,1259.25,1,130.963,0,normal,0,nominal
2026-01-01 07:37:00,3,53.312,2.3,30.753,1,1,1112.639,1,119.499,0,warning,1,leak_progression
2026-01-01 07:38:00,1,73.836,3.907,23.509,1,1,1441.551,1,145.211,0,normal,0,nominal
2026-01-01 07:38:00,2,66.444,2.833,26.014,1,1,1243.125,1,125.316,0,normal,0,nominal
2026-01-01 07:38:00,3,54.128,2.017,30.969,1,1,1116.419,1,116.153,0,warning,1,leak_progression
2026-01-01 07:39:00,1,73.167,4.039,23.696,1,1,1426.499,1,146.16,0,normal,0,nominal
2026-01-01 07:39:00,2,66.544,2.553,26.393,1,1,1252.157,1,122.442,0,normal,0,nominal
2026-01-01 07:39:00,3,53.312,1.959,31.124,1,1,1117.322,1,115.464,0,warning,1,leak_progression
2026-01-01 07:40:00,1,73.087,3.601,23.894,1,1,1419.185,1,140.835,0,normal,0,nominal
2026-01-01 07:40:00,2,66.385,3.489,26.288,1,1,1236.165,1,132.593,0,normal,0,nominal
2026-01-01 07:40:00,3,54.347,1.957,30.785,1,1,1101.941,1,114.862,0,warning,1,leak_progression
2026-01-01 07:41:00,1,72.599,3.84,24.095,1,1,1424.356,1,143.786,0,normal,0,nominal
2026-01-01 07:41:00,2,66.205,3.221,26.365,1,1,1246.526,1,129.906,0,normal,0,nominal
2026-01-01 07:41:00,3,51.727,1.65,30.635,1,1,1115.775,1,111.597,0,warning,1,leak_progression
2026-01-01 07:42:00,1,73.477,4.224,24.236,1,1,1411.557,1,147.718,0,normal,0,nominal
2026-01-01 07:42:00,2,66.199,3.209,26.48,1,1,1254.771,1,130.081,0,normal,0,nominal
2026-01-01 07:42:00,3,50.238,1.509,30.489,1,1,1118.044,1,109.951,0,warning,1,leak_progression
2026-01-01 07:43:00,1,72.505,3.978,24.312,1,1,1415.302,1,145.033,0,normal,0,nominal
2026-01-01 07:43:00,2,66.721,2.749,26.071,1,1,1260.496,1,125.012,0,normal,0,nominal
2026-01-01 07:43:00,3,49.23,1.812,30.617,1,1,1127.847,1,114.058,0,warning,1,leak_progression
2026-01-01 07:44:00,1,72.886,4.148,24.297,1,1,1435.014,1,147.737,0,normal,0,nominal
2026-01-01 07:44:00,2,67.302,2.702,26.089,1,1,1262.237,1,124.534,0,normal,0,nominal
2026-01-01 07:44:00,3,49.554,1.829,30.411,1,1,1154.684,1,115.292,0,warning,1,leak_progression
2026-01-01 07:45:00,1,70.445,4.033,24.366,1,1,1428.133,1,146.148,0,normal,0,nominal
2026-01-01 07:45:00,2,67.649,2.671,26.115,1,1,1268.83,1,124.428,0,normal,0,nominal
2026-01-01 07:45:00,3,50.536,1.968,30.505,1,1,1134.996,1,116.257,0,warning,1,leak_progression
2026-01-01 07:46:00,1,72.158,3.795,24.263,1,1,1444.878,1,144.049,0,normal,0,nominal
2026-01-01 07:46:00,2,66.337,3.317,26.356,1,1,1240.767,1,130.79,0,normal,0,nominal
2026-01-01 07:46:00,3,51.584,2.054,30.522,1,1,1131.009,1,117.164,0,warning,1,leak_progression
2026-01-01 07:47:00,1,72.674,3.801,24.356,1,1,1419.997,1,143.166,0,normal,0,nominal
2026-01-01 07:47:00,2,66.261,2.926,26.089,1,1,1259.173,1,126.992,0,normal,0,nominal
2026-01-01 07:47:00,3,51.457,2.129,30.425,1,1,1132.809,1,118.15,0,warning,1,leak_progression
2026-01-01 07:48:00,1,71.386,4.152,24.189,1,1,1416.389,1,147.075,0,normal,0,nominal
2026-01-01 07:48:00,2,66.975,2.765,26.561,1,1,1255.213,1,124.995,0,normal,0,nominal
2026-01-01 07:48:00,3,51.552,2.287,30.328,1,1,1097.892,1,118.777,0,warning,1,leak_progression
2026-01-01 07:49:00,1,72.488,3.736,24.169,1,1,1421.697,1,142.487,0,normal,0,nominal
2026-01-01 07:49:00,2,66.732,2.82,26.494,1,1,1244.267,1,125.209,0,normal,0,nominal
2026-01-01 07:49:00,3,51.661,2.104,30.643,1,1,1098.975,1,116.564,0,warning,1,leak_progression
2026-01-01 07:50:00,1,72.192,4.175,24.007,1,1,1392.308,1,146.421,0,normal,0,nominal
2026-01-01 07:50:00,2,66.862,3.403,26.578,1,1,1258.254,1,132.447,0,normal,0,nominal
2026-01-01 07:50:00,3,53.335,2.172,30.472,1,1,1125.832,1,118.42,0,warning,1,leak_progression
2026-01-01 07:51:00,1,72.755,3.431,24.37,1,1,1379.584,1,137.381,0,normal,0,nominal
2026-01-01 07:51:00,2,64.337,2.882,26.612,1,1,1286.58,1,127.534,0,normal,0,nominal
2026-01-01 07:51:00,3,52.615,2.125,30.642,1,1,1117.873,1,117.538,0,warning,1,leak_progression
2026-01-01 07:52:00,1,76.047,3.955,24.297,1,1,1399.29,1,144.15,0,normal,0,nominal
2026-01-01 07:52:00,2,65.162,3.198,26.385,1,1,1282.55,1,131.017,0,normal,0,nominal
2026-01-01 07:52:00,3,52.846,2.201,30.659,1,1,1102.292,1,117.878,0,warning,1,leak_progression
2026-01-01 07:53:00,1,74.402,4.065,24.188,1,1,1437.191,1,146.863,0,normal,0,nominal
2026-01-01 07:53:00,2,66.405,3.405,26.508,1,1,1264.721,1,132.718,0,normal,0,nominal
2026-01-01 07:53:00,3,52.796,2.144,31.01,1,1,1123.215,1,117.973,0,warning,1,leak_progression
2026-01-01 07:54:00,1,75.393,4.058,24.379,1,1,1435.793,1,146.731,0,normal,0,nominal
2026-01-01 07:54:00,2,65.833,3.212,26.451,1,1,1262.404,1,130.414,0,normal,0,nominal
2026-01-01 07:54:00,3,52.828,1.949,31.093,1,1,1104.919,1,114.877,0,warning,1,leak_progression
2026-01-01 07:55:00,1,75.814,3.693,24.278,1,1,1416.503,1,141.799,0,normal,0,nominal
2026-01-01 07:55:00,2,66.514,3.255,26.278,1,1,1271.036,1,131.229,0,normal,0,nominal
2026-01-01 07:55:00,3,52.605,2.135,31.085,1,1,1124.735,1,117.918,0,warning,1,leak_progression
2026-01-01 07:56:00,1,75.448,3.8,24.246,1,1,1429.319,1,143.518,0,normal,0,nominal
2026-01-01 07:56:00,2,66.75,2.837,26.548,1,1,1254.309,1,125.792,0,normal,0,nominal
2026-01-01 07:56:00,3,50.939,2.103,30.89,1,1,1138.734,1,118.058,0,warning,1,leak_progression
2026-01-01 07:57:00,1,73.27,3.932,24.447,1,1,1430.099,1,145.057,0,normal,0,nominal
2026-01-01 07:57:00,2,66.948,2.946,26.27,1,1,1249.086,1,126.847,0,normal,0,nominal
2026-01-01 07:57:00,3,50.72,2.081,30.451,1,1,1117.287,1,116.978,0,warning,1,leak_progression
2026-01-01 07:58:00,1,74.436,3.865,24.318,1,1,1418.648,1,143.861,0,normal,0,nominal
2026-01-01 07:58:00,2,67.128,3.272,26.493,1,1,1252.838,1,130.732,0,normal,0,nominal
2026-01-01 07:58:00,3,52.119,2.054,30.89,1,1,1108.6,1,116.314,0,warning,1,leak_progression
2026-01-01 07:59:00,1,74.046,3.477,24.199,1,1,1404.422,1,138.858,0,normal,0,nominal
2026-01-01 07:59:00,2,68.011,2.312,26.273,1,1,1284.146,1,120.884,0,normal,0,nominal
2026-01-01 07:59:00,3,52.163,1.981,30.663,1,1,1087.445,1,114.61,0,warning,1,leak_progression
2026-01-01 06:00:00,1,74.332,3.949,23.974,1,1,1444.337,1,145.803,0,normal,0,nominal
2026-01-01 06:00:00,2,67.802,2.894,26.245,1,1,1252.044,1,126.363,0,normal,0,nominal
2026-01-01 06:00:00,3,60.505,2.294,28.829,1,1,1101.25,1,113.725,0,normal,0,nominal
2026-01-01 06:01:00,1,73.95,3.866,23.61,1,1,1440.02,1,144.68,0,normal,0,nominal
2026-01-01 06:01:00,2,67.24,2.773,26.307,1,1,1255.768,1,125.108,0,normal,0,nominal
2026-01-01 06:01:00,3,61.329,2.144,28.835,1,1,1101.068,1,111.996,0,normal,0,nominal
2026-01-01 06:02:00,1,73.307,3.401,23.683,1,1,1424.103,1,138.727,0,normal,0,nominal
2026-01-01 06:02:00,2,67.244,3.288,26.013,1,1,1243.933,1,130.584,0,normal,0,nominal
2026-01-01 06:02:00,3,62.217,2.188,28.965,1,1,1105.949,1,112.684,0,normal,0,nominal
2026-01-01 06:03:00,1,74.603,3.726,23.904,1,1,1413.417,1,142.061,0,normal,0,nominal
2026-01-01 06:03:00,2,67.742,2.625,26.05,1,1,1236.11,1,122.662,0,normal,0,nominal
2026-01-01 06:03:00,3,62.805,2.23,28.778,1,1,1125.57,1,113.922,0,normal,0,nominal
2026-01-01 06:04:00,1,75.986,4.114,24.001,1,1,1418.119,1,146.696,0,normal,0,nominal
2026-01-01 06:04:00,2,67.344,2.958,25.702,1,1,1239.483,1,126.615,0,normal,0,nominal
2026-01-01 06:04:00,3,61.094,2.339,28.341,1,1,1121.959,1,115.028,0,normal,0,nominal
2026-01-01 06:05:00,1,76.395,3.617,23.959,1,1,1402.523,1,140.393,0,normal,0,nominal
2026-01-01 06:05:00,2,67.362,2.906,26.0,1,1,1222.247,1,125.359,0,normal,0,nominal
2026-01-01 06:05:00,3,61.291,2.173,28.536,1,1,1104.169,1,112.45,0,normal,0,nominal
2026-01-01 06:06:00,1,75.176,3.483,23.761,1,1,1416.251,1,139.374,0,normal,0,nominal
2026-01-01 06:06:00,2,66.818,2.784,26.124,1,1,1235.167,1,124.45,0,normal,0,nominal
2026-01-01 06:06:00,3,62.386,2.304,28.591,1,1,1085.241,1,113.24,0,normal,0,nominal
2026-01-01 06:07:00,1,75.466,3.691,23.7,1,1,1406.95,1,141.416,0,normal,0,nominal
2026-01-01 06:07:00,2,67.91,2.831,26.402,1,1,1241.556,1,125.24,0,normal,0,nominal
2026-01-01 06:07:00,3,61.656,2.179,29.081,1,1,1114.122,1,112.892,0,normal,0,nominal
2026-01-01 06:08:00,1,74.678,3.3,23.553,1,1,1420.377,1,137.424,0,normal,0,nominal
2026-01-01 06:08:00,2,67.721,2.866,26.339,1,1,1231.069,1,125.235,0,normal,0,nominal
2026-01-01 06:08:00,3,60.73,1.978,29.11,1,1,1111.375,1,110.476,0,normal,0,nominal
2026-01-01 06:09:00,1,74.296,3.395,23.681,1,1,1409.725,1,138.113,0,normal,0,nominal
2026-01-01 06:09:00,2,67.224,2.23,26.438,1,1,1252.011,1,118.725,0,normal,0,nominal
2026-01-01 06:09:00,3,61.14,2.214,29.171,1,1,1121.205,1,113.567,0,normal,0,nominal
2026-01-01 06:10:00,1,69.788,2.976,24.289,1,1,1401.798,1,140.065,0,warning,1,leak_progression
2026-01-01 06:10:00,2,66.459,2.493,25.984,1,1,1256.745,1,121.928,0,normal,0,nominal
2026-01-01 06:10:00,3,61.685,2.058,28.696,1,1,1120.523,1,111.751,0,normal,0,nominal
2026-01-01 06:11:00,1,61.305,2.856,25.553,1,1,1422.616,1,146.856,1,warning,1,leak_progression
2026-01-01 06:11:00,2,67.403,2.686,25.974,1,1,1250.467,1,123.903,0,normal,0,nominal
2026-01-01 06:11:00,3,60.401,2.048,28.75,1,1,1117.614,1,111.523,0,normal,0,nominal
2026-01-01 06:12:00,1,52.361,2.361,26.616,1,1,1448.488,1,148.563,1,fault,1,leak_progression
2026-01-01 06:12:00,2,66.985,2.899,26.32,1,1,1247.535,1,126.248,0,normal,0,nominal
2026-01-01 06:12:00,3,59.97,2.145,28.813,1,1,1125.848,1,112.955,0,normal,0,nominal
2026-01-01 06:13:00,1,38.498,1.819,28.508,1,1,1450.284,1,147.756,1,fault,1,leak_progression
2026-01-01 06:13:00,2,65.212,2.334,26.509,1,1,1233.26,1,119.21,0,normal,0,nominal
2026-01-01 06:13:00,3,60.33,2.426,28.694,1,1,1131.241,1,116.391,0,normal,0,nominal
2026-01-01 06:14:00,1,34.218,1.735,29.379,1,1,1428.063,1,145.483,1,fault,1,leak_progression
2026-01-01 06:14:00,2,65.623,2.406,26.155,1,1,1249.578,1,120.654,0,normal,0,nominal
2026-01-01 06:14:00,3,60.987,2.386,28.614,1,1,1114.159,1,115.276,0,normal,0,nominal
2026-01-01 06:15:00,1,34.028,1.685,30.346,1,1,1448.563,1,145.41,1,fault,1,leak_progression
2026-01-01 06:15:00,2,66.428,2.658,26.41,1,1,1270.76,1,124.361,0,normal,0,nominal
2026-01-01 06:15:00,3,61.063,2.07,28.649,1,1,1102.597,1,111.203,0,normal,0,nominal
2026-01-01 06:16:00,1,31.879,1.878,30.528,1,1,1450.176,1,148.76,1,fault,1,leak_progression
2026-01-01 06:16:00,2,65.849,2.864,26.436,1,1,1263.39,1,126.439,0,normal,0,nominal
2026-01-01 06:16:00,3,61.537,2.351,28.922,1,1,1097.995,1,114.257,0,normal,0,nominal
2026-01-01 06:17:00,1,31.426,1.79,30.936,1,1,1444.176,1,147.033,1,fault,1,leak_progression
2026-01-01 06:17:00,2,66.666,3.192,26.076,1,1,1249.699,1,129.694,0,normal,0,nominal
2026-01-01 06:17:00,3,61.981,2.44,28.796,1,1,1110.28,1,115.748,0,normal,0,nominal
2026-01-01 06:18:00,1,31.978,2.063,31.225,1,1,1445.546,1,151.732,1,fault,1,leak_progression
2026-01-01 06:18:00,2,67.781,2.839,26.461,1,1,1214.713,1,124.309,0,normal,0,nominal
2026-01-01 06:18:00,3,60.529,2.452,28.696,1,1,1087.966,1,115.046,0,normal,0,nominal
2026-01-01 06:19:00,1,30.65,2.098,31.37,1,1,1447.804,1,152.412,1,fault,1,leak_progression
2026-01-01 06:19:00,2,66.839,2.691,26.737,1,1,1235.948,1,123.409,0,normal,0,nominal
2026-01-01 06:19:00,3,60.532,2.378,28.896,1,1,1096.886,1,114.533,0,normal,0,nominal
2026-01-01 06:20:00,1,32.273,1.99,31.468,1,1,1425.396,1,149.715,1,fault,1,leak_progression
2026-01-01 06:20:00,2,67.192,2.763,26.538,1,1,1243.266,1,124.517,0,normal,0,nominal
2026-01-01 06:20:00,3,60.881,2.259,28.628,1,1,1095.772,1,113.113,0,normal,0,nominal
2026-01-01 06:21:00,1,32.519,1.676,31.289,1,1,1400.186,1,143.413,1,fault,1,leak_progression
2026-01-01 06:21:00,2,67.1,2.898,26.346,1,1,1234.19,1,125.731,0,normal,0,nominal
2026-01-01 06:21:00,3,61.414,2.396,28.594,1,1,1093.664,1,114.61,0,normal,0,nominal
2026-01-01 06:22:00,1,31.541,1.839,31.703,1,1,1387.147,1,145.689,1,fault,1,leak_progression
2026-01-01 06:22:00,2,67.012,2.989,25.638,1,1,1252.732,1,127.478,0,normal,0,nominal
2026-01-01 06:22:00,3,61.422,2.442,28.439,1,1,1122.202,1,116.221,0,normal,0,nominal
2026-01-01 06:23:00,1,32.434,1.584,31.575,1,1,1422.907,1,142.718,1,fault,1,leak_progression
2026-01-01 06:23:00,2,67.561,2.51,25.916,1,1,1261.523,1,122.298,0,normal,0,nominal
2026-01-01 06:23:00,3,62.012,2.6,28.657,1,1,1105.292,1,117.401,0,normal,0,nominal
2026-01-01 06:24:00,1,30.566,1.746,31.798,1,1,1432.955,1,145.86,1,fault,1,leak_progression
2026-01-01 06:24:00,2,68.487,3.092,25.666,1,1,1262.516,1,129.038,0,normal,0,nominal
2026-01-01 06:24:00,3,61.847,2.603,28.688,1,1,1106.174,1,117.463,0,normal,0,nominal
2026-01-01 06:25:00,1,31.366,1.847,31.924,1,1,1433.427,1,147.585,1,fault,1,leak_progression
2026-01-01 06:25:00,2,68.188,2.996,25.688,1,1,1267.138,1,128.102,0,normal,0,nominal
2026-01-01 06:25:00,3,60.876,2.476,28.819,1,1,1114.678,1,116.332,0,normal,0,nominal
2026-01-01 06:26:00,1,32.102,1.584,31.959,1,1,1433.125,1,143.099,1,fault,1,leak_progression
2026-01-01 06:26:00,2,68.067,2.698,25.691,1,1,1248.818,1,123.985,0,normal,0,nominal
2026-01-01 06:26:00,3,62.288,2.371,28.971,1,1,1104.088,1,114.723,0,normal,0,nominal
2026-01-01 06:27:00,1,32.025,1.694,31.986,1,1,1441.536,1,145.294,1,fault,1,leak_progression
2026-01-01 06:27:00,2,68.144,2.938,25.744,1,1,1255.772,1,127.003,0,normal,0,nominal
2026-01-01 06:27:00,3,60.938,2.417,28.947,1,1,1120.697,1,115.88,0,normal,0,nominal
2026-01-01 06:28:00,1,34.669,1.737,31.305,1,1,1439.934,1,142.271,1,fault,1,leak_progression
2026-01-01 06:28:00,2,67.12,3.014,25.736,1,1,1249.048,1,127.628,0,normal,0,nominal
2026-01-01 06:28:00,3,62.866,2.618,29.162,1,1,1105.357,1,117.607,0,normal,0,nominal
2026-01-01 06:29:00,1,37.996,1.903,30.744,1,1,1421.697,1,140.59,1,fault,1,leak_progression
2026-01-01 06:29:00,2,67.242,2.694,25.927,1,1,1254.108,1,124.139,0,normal,0,nominal
2026-01-01 06:29:00,3,61.991,2.61,28.824,1,1,1090.167,1,116.941,0,normal,0,nominal
2026-01-01 06:30:00,1,41.455,2.217,30.027,1,1,1421.359,1,141.603,1,fault,1,leak_progression
2026-01-01 06:30:00,2,66.642,2.816,26.082,1,1,1231.996,1,124.702,0,normal,0,nominal
2026-01-01 06:30:00,3,60.935,2.592,28.981,1,1,1120.379,1,117.886,0,normal,0,nominal
2026-01-01 06:31:00,1,47.05,2.428,29.15,1,1,1413.621,1,140.642,1,warning,1,leak_progression
2026-01-01 06:31:00,2,66.459,1.985,26.303,1,1,1246.936,1,115.709,0,normal,0,nominal
2026-01-01 06:31:00,3,60.14,2.62,28.976,1,1,1092.3,1,117.133,0,normal,0,nominal
2026-01-01 06:32:00,1,50.594,2.781,28.814,1,1,1411.444,1,141.62,0,warning,1,leak_progression
2026-01-01 06:32:00,2,67.502,2.742,26.353,1,1,1254.746,1,124.717,0,normal,0,nominal
2026-01-01 06:32:00,3,58.845,2.497,29.117,1,1,1110.941,1,116.427,0,normal,0,nominal
2026-01-01 06:33:00,1,55.352,2.713,27.789,1,1,1420.728,1,138.908,0,warning,1,leak_progression
2026-01-01 06:33:00,2,66.59,2.87,26.634,1,1,1242.699,1,125.732,0,normal,0,nominal
2026-01-01 06:33:00,3,59.225,2.526,29.106,1,1,1095.172,1,116.166,0,normal,0,nominal
2026-01-01 06:34:00,1,57.641,3.02,26.87,1,1,1426.481,1,143.037,0,warning,1,leak_progression
2026-01-01 06:34:00,2,66.426,3.096,26.37,1,1,1260.574,1,129.011,0,normal,0,nominal
2026-01-01 06:34:00,3,59.723,2.323,29.022,1,1,1080.458,1,113.271,0,normal,0,nominal
2026-01-01 06:35:00,1,60.916,3.158,26.524,1,1,1416.501,1,144.414,0,warning,1,leak_progression
2026-01-01 06:35:00,2,66.501,3.083,26.277,1,1,1241.18,1,128.12,0,normal,0,nominal
2026-01-01 06:35:00,3,61.158,2.337,28.904,1,1,1109.978,1,114.549,0,normal,0,nominal
2026-01-01 06:36:00,1,61.662,3.124,26.451,1,1,1421.72,1,144.173,0,warning,1,leak_progression
2026-01-01 06:36:00,2,67.328,2.765,26.071,1,1,1236.141,1,124.274,0,normal,0,nominal
2026-01-01 06:36:00,3,60.648,2.486,28.832,1,1,1107.437,1,116.17,0,normal,0,nominal
2026-01-01 06:37:00,1,62.001,2.736,26.259,1,1,1432.18,1,139.641,0,warning,1,leak_progression
2026-01-01 06:37:00,2,67.269,2.465,26.202,1,1,1263.293,1,121.852,0,normal,0,nominal
2026-01-01 06:37:00,3,59.577,2.584,28.818,1,1,1104.991,1,117.206,0,normal,0,nominal
2026-01-01 06:38:00,1,61.125,2.912,26.137,1,1,1424.865,1,141.605,0,warning,1,leak_progression
2026-01-01 06:38:00,2,67.472,3.261,26.618,1,1,1259.778,1,130.873,0,normal,0,nominal
2026-01-01 06:38:00,3,58.712,2.368,28.619,1,1,1095.03,1,114.349,0,normal,0,nominal
2026-01-01 06:39:00,1,60.336,2.85,26.025,1,1,1414.859,1,140.426,0,warning,1,leak_progression
2026-01-01 06:39:00,2,68.036,2.961,26.739,1,1,1227.496,1,126.2,0,normal,0,nominal
2026-01-01 06:39:00,3,60.044,2.156,28.73,1,1,1112.522,1,112.567,0,normal,0,nominal
2026-01-01 06:40:00,1,60.453,3.155,26.172,1,1,1436.27,1,145.13,0,warning,1,leak_progression
2026-01-01 06:40:00,2,67.77,3.095,27.002,1,1,1241.682,1,128.276,0,normal,0,nominal
2026-01-01 06:40:00,3,62.29,2.058,28.704,1,1,1131.116,1,112.144,0,normal,0,nominal
2026-01-01 06:41:00,1,60.479,3.043,26.232,1,1,1427.528,1,143.363,0,warning,1,leak_progression
2026-01-01 06:41:00,2,66.859,3.17,27.086,1,1,1252.958,1,129.565,0,normal,0,nominal
2026-01-01 06:41:00,3,63.598,2.163,28.705,1,1,1109.718,1,112.54,0,normal,0,nominal
2026-01-01 06:42:00,1,60.272,2.748,26.429,1,1,1412.883,1,139.055,0,warning,1,leak_progression
2026-01-01 06:42:00,2,66.76,3.239,26.617,1,1,1234.415,1,129.656,0,normal,0,nominal
2026-01-01 06:42:00,3,63.468,2.077,28.76,1,1,1108.965,1,111.53,0,normal,0,nominal
2026-01-01 06:43:00,1,60.755,3.026,26.45,1,1,1421.395,1,142.919,0,warning,1,leak_progression
2026-01-01 06:43:00,2,67.37,3.18,26.308,1,1,1227.591,1,128.719,0,normal,0,nominal
2026-01-01 06:43:00,3,61.54,2.136,28.67,1,1,1107.077,1,112.129,0,normal,0,nominal
2026-01-01 06:44:00,1,60.361,3.087,26.169,1,1,1420.666,1,143.668,0,warning,1,leak_progression
2026-01-01 06:44:00,2,66.799,3.152,26.202,1,1,1239.93,1,128.871,0,normal,0,nominal
2026-01-01 06:44:00,3,62.749,2.317,28.725,1,1,1123.041,1,114.819,0,normal,0,nominal
2026-01-01 06:45:00,1,61.363,3.273,25.752,1,1,1427.877,1,146.314,0,warning,1,leak_progression
2026-01-01 06:45:00,2,67.518,3.137,26.492,1,1,1257.399,1,129.353,0,normal,0,nominal
2026-01-01 06:45:00,3,62.773,2.141,28.731,1,1,1124.604,1,112.853,0,normal,0,nominal
2026-01-01 06:46:00,1,60.897,3.307,25.877,1,1,1434.582,1,146.997,0,warning,1,leak_progression
2026-01-01 06:46:00,2,66.43,3.219,26.804,1,1,1242.524,1,129.739,0,normal,0,nominal
2026-01-01 06:46:00,3,61.778,2.34,29.04,1,1,1117.603,1,114.881,0,normal,0,nominal
2026-01-01 06:47:00,1,62.658,3.241,25.916,1,1,1423.833,1,145.751,0,warning,1,leak_progression
2026-01-01 06:47:00,2,66.432,3.058,26.645,1,1,1233.68,1,127.549,0,normal,0,nominal
2026-01-01 06:47:00,3,61.141,2.56,29.236,1,1,1119.389,1,117.476,0,normal,0,nominal
2026-01-01 06:48:00,1,62.257,2.881,26.26,1,1,1421.863,1,141.085,0,warning,1,leak_progression
2026-01-01 06:48:00,2,66.895,2.36,26.728,1,1,1246.763,1,120.013,0,normal,0,nominal
2026-01-01 06:48:00,3,61.079,2.534,28.791,1,1,1116.676,1,117.076,0,normal,0,nominal
2026-01-01 06:49:00,1,62.278,3.034,26.203,1,1,1415.467,1,142.789,0,warning,1,leak_progression
2026-01-01 06:49:00,2,66.935,2.814,26.639,1,1,1230.987,1,124.635,0,normal,0,nominal
2026-01-01 06:49:00,3,62.097,2.036,28.764,1,1,1115.315,1,111.299,0,normal,0,nominal
2026-01-01 06:50:00,1,62.972,3.147,26.176,1,1,1438.131,1,145.092,0,warning,1,leak_progression
2026-01-01 06:50:00,2,66.922,2.931,26.81,1,1,1225.225,1,125.77,0,normal,0,nominal
2026-01-01 06:50:00,3,62.667,1.886,28.738,1,1,1101.014,1,109.033,0,normal,0,nominal
2026-01-01 06:51:00,1,61.89,3.098,26.337,1,1,1430.911,1,144.198,0,warning,1,leak_progression
2026-01-01 06:51:00,2,68.552,2.145,26.987,1,1,1258.711,1,118.0,0,normal,0,nominal
2026-01-01 06:51:00,3,62.801,2.1,28.961,1,1,1101.597,1,111.515,0,normal,0,nominal
2026-01-01 06:52:00,1,61.73,2.917,26.458,1,1,1413.362,1,141.221,0,warning,1,leak_progression
2026-01-01 06:52:00,2,68.014,2.778,27.15,1,1,1257.679,1,125.24,0,normal,0,nominal
2026-01-01 06:52:00,3,62.073,2.222,29.235,1,1,1120.79,1,113.64,0,normal,0,nominal
2026-01-01 06:53:00,1,56.791,2.956,26.468,1,1,1417.431,1,141.879,0,warning,1,leak_progression
2026-01-01 06:53:00,2,66.813,2.559,26.779,1,1,1295.033,1,124.139,0,normal,0,nominal
2026-01-01 06:53:00,3,61.75,2.176,29.4,1,1,1131.595,1,113.525,0,normal,0,nominal
2026-01-01 06:54:00,1,58.485,3.134,26.835,1,1,1414.22,1,144.02,0,warning,1,leak_progression
2026-01-01 06:54:00,2,67.196,2.233,26.814,1,1,1261.75,1,119.123,0,normal,0,nominal
2026-01-01 06:54:00,3,62.217,2.34,29.087,1,1,1117.602,1,114.879,0,normal,0,nominal
2026-01-01 06:55:00,1,59.349,2.862,26.48,1,1,1409.62,1,140.387,0,warning,1,leak_progression
2026-01-01 06:55:00,2,67.123,2.514,26.535,1,1,1274.309,1,122.833,0,normal,0,nominal
2026-01-01 06:55:00,3,62.169,2.546,28.803,1,1,1133.668,1,117.854,0,normal,0,nominal
2026-01-01 06:56:00,1,61.428,2.889,26.436,1,1,1425.576,1,141.33,0,warning,1,leak_progression
2026-01-01 06:56:00,2,67.845,2.683,26.793,1,1,1259.815,1,124.232,0,normal,0,nominal
2026-01-01 06:56:00,3,62.35,2.262,28.71,1,1,1137.069,1,114.724,0,normal,0,nominal
2026-01-01 06:57:00,1,60.083,2.95,26.18,1,1,1423.391,1,142.025,0,warning,1,leak_progression
2026-01-01 06:57:00,2,67.661,2.765,26.447,1,1,1267.643,1,125.462,0,normal,0,nominal
2026-01-01 06:57:00,3,61.4,2.14,28.457,1,1,1118.958,1,112.626,0,normal,0,nominal
2026-01-01 06:58:00,1,61.776,3.295,26.649,1,1,1419.561,1,146.278,0,warning,1,leak_progression
2026-01-01 06:58:00,2,68.307,3.138,26.734,1,1,1264.265,1,129.626,0,normal,0,nominal
2026-01-01 06:58:00,3,61.481,2.253,28.474,1,1,1124.602,1,114.149,0,normal,0,nominal
2026-01-01 06:59:00,1,60.1,3.571,26.412,1,1,1417.918,1,149.727,0,warning,1,leak_progression
2026-01-01 06:59:00,2,67.546,2.972,26.707,1,1,1257.014,1,127.44,0,normal,0,nominal
2026-01-01 06:59:00,3,61.852,2.273,28.923,1,1,1103.878,1,113.585,0,normal,0,nominal
2026-01-01 07:00:00,1,61.281,3.258,26.551,1,1,1411.682,1,145.503,0,warning,1,leak_progression
2026-01-01 07:00:00,2,67.106,3.162,26.754,1,1,1244.282,1,129.142,0,normal,0,nominal
2026-01-01 07:00:00,3,61.641,2.312,28.897,1,1,1104.81,1,114.065,0,normal,0,nominal
2026-01-01 07:01:00,1,59.722,2.698,26.35,1,1,1407.067,1,138.195,0,warning,1,leak_progression
2026-01-01 07:01:00,2,67.142,3.186,26.611,1,1,1243.89,1,129.405,0,normal,0,nominal
2026-01-01 07:01:00,3,61.506,2.309,28.772,1,1,1113.309,1,114.36,0,normal,0,nominal
2026-01-01 07:02:00,1,60.8,2.729,26.41,1,1,1440.36,1,139.859,0,warning,1,leak_progression
2026-01-01 07:02:00,2,68.349,2.861,26.401,1,1,1247.315,1,125.798,0,normal,0,nominal
2026-01-01 07:02:00,3,61.019,2.293,28.479,1,1,1117.626,1,114.345,0,normal,0,nominal
2026-01-01 07:03:00,1,62.676,2.786,26.006,1,1,1438.016,1,140.487,0,warning,1,leak_progression
2026-01-01 07:03:00,2,68.321,2.942,26.129,1,1,1254.194,1,126.997,0,normal,0,nominal
2026-01-01 07:03:00,3,60.826,2.288,28.734,1,1,1120.362,1,114.388,0,normal,0,nominal
2026-01-01 07:04:00,1,62.761,3.111,26.424,1,1,1441.919,1,144.777,0,warning,1,leak_progression
2026-01-01 07:04:00,2,68.343,3.332,26.441,1,1,1266.199,1,131.936,0,normal,0,nominal
2026-01-01 07:04:00,3,59.873,2.456,28.739,1,1,1144.845,1,117.249,0,normal,0,nominal
2026-01-01 07:05:00,1,61.89,2.862,25.909,1,1,1430.235,1,141.162,0,warning,1,leak_progression
2026-01-01 07:05:00,2,66.739,3.077,26.235,1,1,1253.751,1,128.534,0,normal,0,nominal
2026-01-01 07:05:00,3,60.802,2.522,29.207,1,1,1131.145,1,117.486,0,normal,0,nominal
2026-01-01 07:06:00,1,61.96,2.533,26.146,1,1,1427.719,1,136.88,0,warning,1,leak_progression
2026-01-01 07:06:00,2,66.255,3.007,26.012,1,1,1273.364,1,128.47,0,normal,0,nominal
2026-01-01 07:06:00,3,61.357,2.332,29.472,1,1,1114.217,1,114.659,0,normal,0,nominal
2026-01-01 07:07:00,1,62.787,2.796,26.287,1,1,1414.028,1,139.708,0,warning,1,leak_progression
2026-01-01 07:07:00,2,65.946,3.411,26.356,1,1,1279.108,1,133.332,0,normal,0,nominal
2026-01-01 07:07:00,3,60.921,2.203,29.166,1,1,1107.358,1,112.912,0,normal,0,nominal
2026-01-01 07:08:00,1,60.615,3.058,26.098,1,1,1424.9,1,143.455,0,warning,1,leak_progression
2026-01-01 07:08:00,2,67.282,3.099,26.139,1,1,1263.165,1,129.137,0,normal,0,nominal
2026-01-01 07:08:00,3,60.104,2.254,29.123,1,1,1106.649,1,113.479,0,normal,0,nominal
2026-01-01 07:09:00,1,59.459,3.11,26.142,1,1,1429.34,1,144.296,0,warning,1,leak_progression
2026-01-01 07:09:00,2,67.823,2.836,26.212,1,1,1262.657,1,126.1,0,normal,0,nominal
2026-01-01 07:09:00,3,60.879,2.194,29.195,1,1,1100.605,1,112.555,0,normal,0,nominal
2026-01-01 07:10:00,1,60.24,3.255,25.785,1,1,1427.165,1,146.051,0,warning,1,leak_progression
2026-01-01 07:10:00,2,66.686,2.72,26.286,1,1,1239.417,1,123.875,0,normal,0,nominal
2026-01-01 07:10:00,3,60.567,2.345,28.726,1,1,1111.4,1,114.702,0,normal,0,nominal
2026-01-01 07:11:00,1,61.478,2.972,26.042,1,1,1432.038,1,142.632,0,warning,1,leak_progression
2026-01-01 07:11:00,2,67.247,2.997,26.281,1,1,1232.998,1,126.825,0,normal,0,nominal
2026-01-01 07:11:00,3,61.594,2.5,29.031,1,1,1104.655,1,116.227,0,normal,0,nominal
2026-01-01 07:12:00,1,60.634,3.371,26.119,1,1,1412.92,1,146.993,0,warning,1,leak_progression
2026-01-01 07:12:00,2,67.19,3.036,26.249,1,1,1217.71,1,126.688,0,normal,0,nominal
2026-01-01 07:12:00,3,61.754,2.51,29.635,1,1,1097.166,1,116.063,0,normal,0,nominal
2026-01-01 07:13:00,1,61.075,3.44,25.722,1,1,1425.213,1,148.343,0,warning,1,leak_progression
2026-01-01 07:13:00,2,67.219,2.998,26.038,1,1,1217.737,1,126.25,0,normal,0,nominal
2026-01-01 07:13:00,3,60.592,2.469,29.589,1,1,1102.939,1,115.809,0,normal,0,nominal
2026-01-01 07:14:00,1,59.636,3.174,25.723,1,1,1423.804,1,144.902,0,warning,1,leak_progression
2026-01-01 07:14:00,2,67.149,3.295,26.506,1,1,1218.641,1,129.704,0,normal,0,nominal
2026-01-01 07:14:00,3,60.155,2.397,29.408,1,1,1109.885,1,115.238,0,normal,0,nominal
2026-01-01 07:15:00,1,61.568,3.05,25.822,1,1,1431.444,1,143.608,0,warning,1,leak_progression
2026-01-01 07:15:00,2,68.696,3.417,26.44,1,1,1234.405,1,131.702,0,normal,0,nominal
2026-01-01 07:15:00,3,60.557,2.333,29.137,1,1,1119.889,1,114.88,0,normal,0,nominal
2026-01-01 07:16:00,1,60.775,3.349,26.009,1,1,1426.875,1,147.243,0,warning,1,leak_progression
2026-01-01 07:16:00,2,68.359,3.22,26.526,1,1,1246.791,1,129.905,0,normal,0,nominal
2026-01-01 07:16:00,3,61.846,2.24,28.952,1,1,1120.97,1,113.853,0,normal,0,nominal
2026-01-01 07:17:00,1,61.815,3.518,25.95,1,1,1437.004,1,149.779,0,warning,1,leak_progression
2026-01-01 07:17:00,2,70.838,3.56,26.231,1,1,1253.791,1,134.08,0,normal,0,nominal
2026-01-01 07:17:00,3,60.986,2.238,28.988,1,1,1112.364,1,113.502,0,normal,0,nominal
2026-01-01 07:18:00,1,61.131,2.838,26.325,1,1,1452.598,1,141.707,0,warning,1,leak_progression
2026-01-01 07:18:00,2,68.659,3.577,26.261,1,1,1245.928,1,133.977,0,normal,0,nominal
2026-01-01 07:18:00,3,60.68,2.581,28.381,1,1,1088.733,1,116.548,0,normal,0,nominal
2026-01-01 07:19:00,1,61.778,2.753,26.199,1,1,1421.878,1,139.455,0,warning,1,leak_progression
2026-01-01 07:19:00,2,67.973,3.282,26.352,1,1,1253.521,1,130.873,0,normal,0,nominal
2026-01-01 07:19:00,3,60.701,2.404,28.401,1,1,1092.37,1,114.657,0,normal,0,nominal
2026-01-01 07:20:00,1,61.543,3.105,26.054,1,1,1401.511,1,143.167,0,warning,1,leak_progression
2026-01-01 07:20:00,2,68.232,3.35,26.63,1,1,1251.189,1,131.573,0,normal,0,nominal
2026-01-01 07:20:00,3,61.136,2.175,28.721,1,1,1110.429,1,112.71,0,normal,0,nominal
2026-01-01 07:21:00,1,61.224,3.255,26.054,1,1,1418.68,1,145.735,0,warning,1,leak_progression
2026-01-01 07:21:00,2,67.286,4.115,26.73,1,1,1263.454,1,140.835,0,normal,0,nominal
2026-01-01 07:21:00,3,61.565,2.268,28.829,1,1,1102.756,1,113.492,0,normal,0,nominal
2026-01-01 07:22:00,1,61.172,2.895,26.111,1,1,1442.838,1,142.067,0,warning,1,leak_progression
2026-01-01 07:22:00,2,65.489,3.147,26.75,1,1,1229.093,1,128.399,0,normal,0,nominal
2026-01-01 07:22:00,3,61.841,2.407,29.043,1,1,1112.902,1,115.47,0,normal,0,nominal
2026-01-01 07:23:00,1,61.246,2.93,26.466,1,1,1420.052,1,141.651,0,warning,1,leak_progression
2026-01-01 07:23:00,2,66.917,3.333,26.807,1,1,1256.087,1,131.559,0,normal,0,nominal
2026-01-01 07:23:00,3,63.359,2.362,29.053,1,1,1100.999,1,114.499,0,normal,0,nominal
2026-01-01 07:24:00,1,60.471,2.703,26.295,1,1,1412.481,1,138.467,0,warning,1,leak_progression
2026-01-01 07:24:00,2,67.342,2.835,26.85,1,1,1254.159,1,125.755,0,normal,0,nominal
2026-01-01 07:24:00,3,62.189,2.456,29.08,1,1,1108.508,1,115.862,0,normal,0,nominal
2026-01-01 07:25:00,1,61.472,2.878,26.09,1,1,1421.592,1,141.043,0,warning,1,leak_progression
2026-01-01 07:25:00,2,67.783,2.999,26.705,1,1,1269.245,1,128.216,0,normal,0,nominal
2026-01-01 07:25:00,3,61.695,2.142,28.865,1,1,1117.134,1,112.578,0,normal,0,nominal
2026-01-01 07:26:00,1,60.791,3.048,26.541,1,1,1440.255,1,143.914,0,warning,1,leak_progression
2026-01-01 07:26:00,2,63.793,3.27,26.375,1,1,1259.962,1,130.987,0,normal,0,nominal
2026-01-01 07:26:00,3,62.087,2.15,28.573,1,1,1132.203,1,113.247,0,normal,0,nominal
2026-01-01 07:27:00,1,62.007,3.147,26.307,1,1,1429.99,1,144.791,0,warning,1,leak_progression
2026-01-01 07:27:00,2,64.913,3.167,26.236,1,1,1276.252,1,130.421,0,normal,0,nominal
2026-01-01 07:27:00,3,60.891,2.448,28.702,1,1,1138.701,1,116.922,0,normal,0,nominal
2026-01-01 07:28:00,1,62.573,3.098,26.243,1,1,1421.086,1,143.829,0,warning,1,leak_progression
2026-01-01 07:28:00,2,66.382,2.91,26.213,1,1,1277.404,1,127.51,0,normal,0,nominal
2026-01-01 07:28:00,3,60.958,2.61,28.733,1,1,1155.186,1,119.409,0,normal,0,nominal
2026-01-01 07:29:00,1,61.061,3.012,26.496,1,1,1404.493,1,142.095,0,warning,1,leak_progression
2026-01-01 07:29:00,2,69.43,2.277,26.396,1,1,1266.183,1,119.796,0,normal,0,nominal
2026-01-01 07:29:00,3,61.571,2.68,28.774,1,1,1118.212,1,118.808,0,normal,0,nominal
2026-01-01 07:30:00,1,61.161,3.113,26.584,1,1,1414.286,1,143.758,0,warning,1,leak_progression
2026-01-01 07:30:00,2,67.372,2.557,26.277,1,1,1299.327,1,124.28,0,normal,0,nominal
2026-01-01 07:30:00,3,62.131,2.889,28.693,1,1,1107.623,1,120.808,0,normal,0,nominal
2026-01-01 07:31:00,1,61.621,3.383,26.257,1,1,1406.299,1,146.896,0,warning,1,leak_progression
2026-01-01 07:31:00,2,67.916,3.336,26.281,1,1,1285.218,1,132.697,0,normal,0,nominal
2026-01-01 07:31:00,3,61.577,2.673,28.831,1,1,1112.686,1,118.521,0,normal,0,nominal
2026-01-01 07:32:00,1,62.38,3.3,26.129,1,1,1416.73,1,146.233,0,warning,1,leak_progression
2026-01-01 07:32:00,2,67.659,2.796,26.659,1,1,1264.523,1,125.709,0,normal,0,nominal
2026-01-01 07:32:00,3,61.73,2.698,28.589,1,1,1123.581,1,119.22,0,normal,0,nominal
2026-01-01 07:33:00,1,61.704,3.168,26.237,1,1,1417.082,1,144.564,0,warning,1,leak_progression
2026-01-01 07:33:00,2,67.399,2.877,26.539,1,1,1270.169,1,126.852,0,normal,0,nominal
2026-01-01 07:33:00,3,60.947,2.683,28.575,1,1,1103.374,1,118.287,0,normal,0,nominal
2026-01-01 07:34:00,1,60.192,3.208,26.044,1,1,1424.285,1,145.351,0,warning,1,leak_progression
2026-01-01 07:34:00,2,66.891,3.143,26.681,1,1,1251.559,1,129.201,0,normal,0,nominal
2026-01-01 07:34:00,3,61.408,2.671,28.838,1,1,1117.827,1,118.699,0,normal,0,nominal
2026-01-01 07:35:00,1,60.382,2.982,26.117,1,1,1421.506,1,142.365,0,warning,1,leak_progression
2026-01-01 07:35:00,2,67.174,3.586,26.602,1,1,1246.457,1,134.101,0,normal,0,nominal
2026-01-01 07:35:00,3,59.791,2.273,28.656,1,1,1110.412,1,113.834,0,normal,0,nominal
2026-01-01 07:36:00,1,60.769,2.826,26.348,1,1,1429.593,1,140.68,0,warning,1,leak_progression
2026-01-01 07:36:00,2,67.38,3.648,26.774,1,1,1243.173,1,134.694,0,normal,0,nominal
2026-01-01 07:36:00,3,59.792,2.475,28.712,1,1,1116.971,1,116.412,0,normal,0,nominal
2026-01-01 07:37:00,1,60.9,2.871,26.341,1,1,1416.217,1,140.746,0,warning,1,leak_progression
2026-01-01 07:37:00,2,66.574,3.402,26.657,1,1,1236.426,1,131.606,0,normal,0,nominal
2026-01-01 07:37:00,3,61.321,2.399,28.958,1,1,1134.357,1,116.189,0,normal,0,nominal
2026-01-01 07:38:00,1,62.583,3.091,26.653,1,1,1419.602,1,143.678,0,warning,1,leak_progression
2026-01-01 07:38:00,2,67.119,3.441,26.776,1,1,1248.26,1,132.511,0,normal,0,nominal
2026-01-01 07:38:00,3,61.092,2.611,29.05,1,1,1124.704,1,118.261,0,normal,0,nominal
2026-01-01 07:39:00,1,62.194,3.105,26.494,1,1,1427.601,1,144.164,0,warning,1,leak_progression
2026-01-01 07:39:00,2,63.787,3.009,26.505,1,1,1264.889,1,128.17,0,normal,0,nominal
2026-01-01 07:39:00,3,60.757,2.41,28.818,1,1,1136.125,1,116.387,0,normal,0,nominal
2026-01-01 07:40:00,1,60.704,3.145,26.575,1,1,1425.574,1,144.599,0,warning,1,leak_progression
2026-01-01 07:40:00,2,64.689,2.963,26.381,1,1,1262.587,1,127.556,0,normal,0,nominal
2026-01-01 07:40:00,3,60.373,2.347,28.687,1,1,1160.937,1,116.602,0,normal,0,nominal
2026-01-01 07:41:00,1,60.522,2.947,26.51,1,1,1453.413,1,143.126,0,warning,1,leak_progression
2026-01-01 07:41:00,2,66.118,1.821,26.265,1,1,1271.768,1,114.77,0,normal,0,nominal
2026-01-01 07:41:00,3,60.35,2.519,28.631,1,1,1137.692,1,117.698,0,normal,0,nominal
2026-01-01 07:42:00,1,60.449,3.128,26.412,1,1,1425.039,1,144.358,0,warning,1,leak_progression
2026-01-01 07:42:00,2,66.374,2.251,26.388,1,1,1269.972,1,119.649,0,normal,0,nominal
2026-01-01 07:42:00,3,61.557,2.682,28.864,1,1,1124.505,1,119.072,0,normal,0,nominal
2026-01-01 07:43:00,1,60.578,3.297,26.238,1,1,1417.429,1,146.224,0,warning,1,leak_progression
2026-01-01 07:43:00,2,67.093,2.469,26.34,1,1,1278.325,1,122.464,0,normal,0,nominal
2026-01-01 07:43:00,3,62.551,3.136,28.981,1,1,1139.17,1,124.847,0,normal,0,nominal
2026-01-01 07:44:00,1,62.741,3.507,26.227,1,1,1416.127,1,148.851,0,warning,1,leak_progression
2026-01-01 07:44:00,2,67.604,2.785,26.628,1,1,1255.378,1,125.231,0,normal,0,nominal
2026-01-01 07:44:00,3,62.577,2.368,28.834,1,1,1113.299,1,115.035,0,normal,0,nominal
2026-01-01 07:45:00,1,61.335,3.264,26.034,1,1,1404.462,1,145.301,0,warning,1,leak_progression
2026-01-01 07:45:00,2,67.081,2.874,26.406,1,1,1252.333,1,126.136,0,normal,0,nominal
2026-01-01 07:45:00,3,62.153,2.459,29.279,1,1,1147.125,1,117.365,0,normal,0,nominal
2026-01-01 07:46:00,1,61.009,2.852,26.097,1,1,1421.445,1,140.706,0,warning,1,leak_progression
2026-01-01 07:46:00,2,66.43,3.237,26.167,1,1,1263.543,1,130.744,0,normal,0,nominal
2026-01-01 07:46:00,3,62.359,2.371,29.386,1,1,1133.781,1,115.855,0,normal,0,nominal
2026-01-01 07:47:00,1,60.449,3.486,26.226,1,1,1412.115,1,148.42,0,warning,1,leak_progression
2026-01-01 07:47:00,2,67.114,3.486,26.191,1,1,1257.312,1,133.369,0,normal,0,nominal
2026-01-01 07:47:00,3,62.86,2.199,29.189,1,1,1136.605,1,113.974,0,normal,0,nominal
2026-01-01 07:48:00,1,60.49,3.295,26.606,1,1,1434.568,1,146.841,0,warning,1,leak_progression
2026-01-01 07:48:00,2,67.46,3.356,26.094,1,1,1248.599,1,131.541,0,normal,0,nominal
2026-01-01 07:48:00,3,62.699,2.306,29.064,1,1,1128.144,1,114.891,0,normal,0,nominal
2026-01-01 07:49:00,1,61.284,3.335,26.419,1,1,1447.301,1,147.834,0,warning,1,leak_progression
2026-01-01 07:49:00,2,66.856,3.427,26.26,1,1,1237.769,1,131.944,0,normal,0,nominal
2026-01-01 07:49:00,3,62.444,2.455,29.209,1,1,1112.922,1,116.023,0,normal,0,nominal
2026-01-01 07:50:00,1,62.209,3.274,26.17,1,1,1451.374,1,147.222,0,warning,1,leak_progression
2026-01-01 07:50:00,2,66.977,3.042,26.679,1,1,1235.524,1,127.43,0,normal,0,nominal
2026-01-01 07:50:00,3,60.636,2.576,29.042,1,1,1105.575,1,117.133,0,normal,0,nominal
2026-01-01 07:51:00,1,62.49,3.478,26.28,1,1,1443.236,1,149.501,0,warning,1,leak_progression
2026-01-01 07:51:00,2,67.392,3.386,26.525,1,1,1260.017,1,132.317,0,normal,0,nominal
2026-01-01 07:51:00,3,60.21,2.696,28.838,1,1,1133.435,1,119.578,0,normal,0,nominal
2026-01-01 07:52:00,1,62.646,3.24,26.252,1,1,1453.498,1,146.866,0,warning,1,leak_progression
2026-01-01 07:52:00,2,67.405,3.537,26.742,1,1,1260.04,1,134.055,0,normal,0,nominal
2026-01-01 07:52:00,3,62.564,2.756,28.785,1,1,1121.828,1,119.826,0,normal,0,nominal
2026-01-01 07:53:00,1,61.804,2.998,26.22,1,1,1448.607,1,143.595,0,warning,1,leak_progression
2026-01-01 07:53:00,2,66.868,3.034,26.657,1,1,1265.502,1,128.478,0,normal,0,nominal
2026-01-01 07:53:00,3,60.727,2.497,29.121,1,1,1107.782,1,116.316,0,normal,0,nominal
2026-01-01 07:54:00,1,62.347,3.405,26.14,1,1,1455.478,1,149.036,0,warning,1,leak_progression
2026-01-01 07:54:00,2,65.982,3.689,26.416,1,1,1230.723,1,134.696,0,normal,0,nominal
2026-01-01 07:54:00,3,60.882,2.299,28.686,1,1,1133.377,1,115.008,0,normal,0,nominal
2026-01-01 07:55:00,1,62.677,3.499,26.104,1,1,1434.329,1,149.433,0,warning,1,leak_progression
2026-01-01 07:55:00,2,66.876,3.258,26.411,1,1,1255.56,1,130.683,0,normal,0,nominal
2026-01-01 07:55:00,3,61.565,2.298,28.799,1,1,1129.776,1,114.86,0,normal,0,nominal
2026-01-01 07:56:00,1,65.89,3.19,26.355,1,1,1432.194,1,145.421,0,warning,1,leak_progression
2026-01-01 07:56:00,2,69.612,3.134,26.347,1,1,1238.968,1,128.621,0,normal,0,nominal
2026-01-01 07:56:00,3,61.45,2.239,28.804,1,1,1111.644,1,113.49,0,normal,0,nominal
2026-01-01 07:57:00,1,61.692,3.111,26.149,1,1,1444.823,1,144.888,0,warning,1,leak_progression
2026-01-01 07:57:00,2,68.846,3.407,26.018,1,1,1263.424,1,132.696,0,normal,0,nominal
2026-01-01 07:57:00,3,62.237,2.388,28.352,1,1,1133.533,1,116.035,0,normal,0,nominal
2026-01-01 07:58:00,1,61.665,3.108,26.229,1,1,1432.823,1,144.397,0,warning,1,leak_progression
2026-01-01 07:58:00,2,68.446,3.265,26.053,1,1,1273.972,1,131.457,0,normal,0,nominal
2026-01-01 07:58:00,3,60.812,2.403,28.585,1,1,1114.728,1,115.491,0,normal,0,nominal
2026-01-01 07:59:00,1,61.079,3.056,26.42,1,1,1436.351,1,143.875,0,warning,1,leak_progression
2026-01-01 07:59:00,2,67.377,2.787,26.381,1,1,1276.137,1,126.044,0,normal,0,nominal
2026-01-01 07:59:00,3,63.57,2.274,28.641,1,1,1112.799,1,113.933,0,normal,0,nominal
2026-01-01 06:00:00,1,73.935,4.021,23.408,1,1,1410.581,1,145.344,0,normal,0,nominal
2026-01-01 06:00:00,2,68.306,2.658,25.769,1,1,1239.217,1,123.16,0,normal,0,nominal
2026-01-01 06:00:00,3,61.532,2.642,29.064,1,1,1103.385,1,117.811,0,normal,0,nominal
2026-01-01 06:01:00,1,74.532,3.866,23.524,1,1,1414.518,1,143.715,0,normal,0,nominal
2026-01-01 06:01:00,2,67.956,3.412,25.948,1,1,1249.839,1,132.233,0,normal,0,nominal
2026-01-01 06:01:00,3,62.399,2.341,29.181,1,1,1092.239,1,113.927,0,normal,0,nominal
2026-01-01 06:02:00,1,75.417,3.736,23.68,1,1,1419.829,1,142.412,0,normal,0,nominal
2026-01-01 06:02:00,2,65.211,2.847,25.572,1,1,1222.996,1,124.713,0,normal,0,nominal
2026-01-01 06:02:00,3,63.193,2.079,29.194,1,1,1094.46,1,110.995,0,normal,0,nominal
2026-01-01 06:03:00,1,74.335,3.37,23.644,1,1,1439.731,1,138.968,0,normal,0,nominal
2026-01-01 06:03:00,2,66.263,2.718,25.501,1,1,1232.321,1,123.588,0,normal,0,nominal
2026-01-01 06:03:00,3,62.283,2.276,28.688,1,1,1085.681,1,112.932,0,normal,0,nominal
2026-01-01 06:04:00,1,74.345,3.325,23.297,1,1,1448.224,1,138.768,0,normal,0,nominal
2026-01-01 06:04:00,2,67.114,2.994,25.482,1,1,1247.709,1,127.341,0,normal,0,nominal
2026-01-01 06:04:00,3,61.981,2.122,28.599,1,1,1084.96,1,111.137,0,normal,0,nominal
2026-01-01 06:05:00,1,73.215,3.542,23.691,1,1,1415.272,1,140.017,0,normal,0,nominal
2026-01-01 06:05:00,2,65.971,3.004,25.71,1,1,1250.426,1,127.566,0,normal,0,nominal
2026-01-01 06:05:00,3,63.059,2.263,28.7,1,1,1101.203,1,113.367,0,normal,0,nominal
2026-01-01 06:06:00,1,73.214,3.721,23.719,1,1,1397.198,1,141.384,0,normal,0,nominal
2026-01-01 06:06:00,2,66.735,2.536,25.614,1,1,1240.906,1,121.819,0,normal,0,nominal
2026-01-01 06:06:00,3,61.891,2.24,28.647,1,1,1103.833,1,113.203,0,normal,0,nominal
2026-01-01 06:07:00,1,72.474,3.657,23.576,1,1,1399.4,1,140.738,0,normal,0,nominal
2026-01-01 06:07:00,2,66.568,2.864,25.655,1,1,1259.866,1,126.315,0,normal,0,nominal
2026-01-01 06:07:00,3,59.715,2.144,28.578,1,1,1110.574,1,112.353,0,normal,0,nominal
2026-01-01 06:08:00,1,71.582,3.49,23.697,1,1,1409.78,1,139.206,0,normal,0,nominal
2026-01-01 06:08:00,2,66.9,2.469,25.932,1,1,1251.15,1,121.433,0,normal,0,nominal
2026-01-01 06:08:00,3,59.985,2.179,28.704,1,1,1105.633,1,112.577,0,normal,0,nominal
2026-01-01 06:09:00,1,72.71,3.805,23.87,1,1,1413.27,1,142.965,0,normal,0,nominal
2026-01-01 06:09:00,2,68.081,2.477,25.984,1,1,1263.472,1,121.993,0,normal,0,nominal
2026-01-01 06:09:00,3,61.918,2.572,28.562,1,1,1089.735,1,116.486,0,normal,0,nominal
2026-01-01 06:10:00,1,72.974,3.5,23.503,1,1,1393.194,1,138.689,0,normal,0,nominal
2026-01-01 06:10:00,2,62.985,2.387,26.607,1,1,1260.99,1,127.344,0,warning,1,leak_progression
2026-01-01 06:10:00,3,62.376,2.238,28.625,1,1,1074.546,1,112.075,0,normal,0,nominal
2026-01-01 06:11:00,1,73.458,3.502,23.591,1,1,1395.408,1,138.8,0,normal,0,nominal
2026-01-01 06:11:00,2,55.866,2.238,27.95,1,1,1255.894,1,132.038,1,warning,1,leak_progression
2026-01-01 06:11:00,3,63.241,2.189,28.54,1,1,1095.699,1,112.307,0,normal,0,nominal
2026-01-01 06:12:00,1,74.834,3.31,23.449,1,1,1410.718,1,137.169,0,normal,0,nominal
2026-01-01 06:12:00,2,45.402,2.201,29.19,1,1,1248.815,1,138.541,1,fault,1,leak_progression
2026-01-01 06:12:00,3,61.844,2.263,28.58,1,1,1089.052,1,112.914,0,normal,0,nominal
2026-01-01 06:13:00,1,74.749,3.699,23.607,1,1,1409.972,1,141.613,0,normal,0,nominal
2026-01-01 06:13:00,2,35.613,1.888,31.046,1,1,1250.015,1,141.322,1,fault,1,leak_progression
2026-01-01 06:13:00,3,61.581,2.485,29.028,1,1,1104.696,1,116.05,0,normal,0,nominal
2026-01-01 06:14:00,1,73.321,3.666,23.446,1,1,1413.627,1,141.38,0,normal,0,nominal
2026-01-01 06:14:00,2,30.558,1.712,32.213,1,1,1251.578,1,138.389,1,fault,1,leak_progression
2026-01-01 06:14:00,3,60.74,2.346,29.059,1,1,1115.968,1,114.885,0,normal,0,nominal
2026-01-01 06:15:00,1,73.751,3.813,23.351,1,1,1425.704,1,143.528,0,normal,0,nominal
2026-01-01 06:15:00,2,28.133,1.519,32.952,1,1,1271.806,1,135.866,1,fault,1,leak_progression
2026-01-01 06:15:00,3,59.946,2.418,28.83,1,1,1092.034,1,114.809,0,normal,0,nominal
2026-01-01 06:16:00,1,75.295,3.785,23.428,1,1,1400.883,1,142.263,0,normal,0,nominal
2026-01-01 06:16:00,2,26.984,1.623,33.267,1,1,1241.953,1,136.512,1,fault,1,leak_progression
2026-01-01 06:16:00,3,61.363,2.113,28.755,1,1,1082.627,1,110.936,0,normal,0,nominal
2026-01-01 06:17:00,1,74.058,3.6,23.452,1,1,1430.635,1,141.259,0,normal,0,nominal
2026-01-01 06:17:00,2,26.494,1.848,33.322,1,1,1222.881,1,139.599,1,fault,1,leak_progression
2026-01-01 06:17:00,3,61.911,2.181,28.697,1,1,1104.217,1,112.538,0,normal,0,nominal
2026-01-01 06:18:00,1,73.293,3.729,23.476,1,1,1410.197,1,141.975,0,normal,0,nominal
2026-01-01 06:18:00,2,25.83,1.427,33.799,1,1,1234.125,1,132.868,1,fault,1,leak_progression
2026-01-01 06:18:00,3,63.052,2.479,29.04,1,1,1109.921,1,116.181,0,normal,0,nominal
2026-01-01 06:19:00,1,72.609,3.922,23.347,1,1,1414.877,1,144.364,0,normal,0,nominal
2026-01-01 06:19:00,2,24.667,1.284,33.833,1,1,1218.699,1,129.858,1,fault,1,leak_progression
2026-01-01 06:19:00,3,62.685,2.387,28.973,1,1,1097.139,1,114.638,0,normal,0,nominal
2026-01-01 06:20:00,1,73.804,3.738,23.769,1,1,1415.408,1,142.273,0,normal,0,nominal
2026-01-01 06:20:00,2,24.711,1.112,34.009,1,1,1220.473,1,126.999,1,fault,1,leak_progression
2026-01-01 06:20:00,3,60.962,2.45,28.519,1,1,1104.84,1,115.66,0,normal,0,nominal
2026-01-01 06:21:00,1,72.021,3.688,23.715,1,1,1435.168,1,142.447,0,normal,0,nominal
2026-01-01 06:21:00,2,25.861,1.217,34.172,1,1,1230.426,1,129.152,1,fault,1,leak_progression
2026-01-01 06:21:00,3,62.155,2.4,28.797,1,1,1110.147,1,115.288,0,normal,0,nominal
2026-01-01 06:22:00,1,72.497,3.91,24.177,1,1,1425.863,1,144.651,0,normal,0,nominal
2026-01-01 06:22:00,2,25.894,1.249,34.114,1,1,1241.143,1,130.119,1,fault,1,leak_progression
2026-01-01 06:22:00,3,61.674,2.28,29.056,1,1,1115.827,1,114.119,0,normal,0,nominal
2026-01-01 06:23:00,1,73.386,3.614,23.916,1,1,1436.337,1,141.638,0,normal,0,nominal
2026-01-01 06:23:00,2,25.063,1.769,33.909,1,1,1241.456,1,138.961,1,fault,1,leak_progression
2026-01-01 06:23:00,3,60.716,1.893,29.058,1,1,1098.725,1,109.026,0,normal,0,nominal
2026-01-01 06:24:00,1,73.115,3.839,24.106,1,1,1412.263,1,143.316,0,normal,0,nominal
2026-01-01 06:24:00,2,25.295,1.526,33.93,1,1,1243.85,1,134.919,1,fault,1,leak_progression
2026-01-01 06:24:00,3,62.885,1.99,29.354,1,1,1096.265,1,110.046,0,normal,0,nominal
2026-01-01 06:25:00,1,73.028,3.952,24.174,1,1,1422.861,1,145.02,0,normal,0,nominal
2026-01-01 06:25:00,2,25.818,1.616,33.721,1,1,1269.485,1,137.427,1,fault,1,leak_progression
2026-01-01 06:25:00,3,62.266,2.458,29.184,1,1,1101.188,1,115.615,0,normal,0,nominal
2026-01-01 06:26:00,1,73.858,3.922,24.104,1,1,1399.426,1,143.78,0,normal,0,nominal
2026-01-01 06:26:00,2,25.306,1.527,33.712,1,1,1258.005,1,135.478,1,fault,1,leak_progression
2026-01-01 06:26:00,3,64.923,2.283,28.956,1,1,1105.409,1,113.762,0,normal,0,nominal
2026-01-01 06:27:00,1,74.647,3.478,23.941,1,1,1416.902,1,139.345,0,normal,0,nominal
2026-01-01 06:27:00,2,26.141,1.487,33.575,1,1,1250.857,1,134.53,1,fault,1,leak_progression
2026-01-01 06:27:00,3,63.658,2.38,28.991,1,1,1123.53,1,115.568,0,normal,0,nominal
2026-01-01 06:28:00,1,74.143,3.735,23.739,1,1,1409.207,1,142.004,0,normal,0,nominal
2026-01-01 06:28:00,2,29.014,1.304,33.226,1,1,1241.137,1,127.765,1,fault,1,leak_progression
2026-01-01 06:28:00,3,62.86,2.237,29.188,1,1,1099.332,1,112.995,0,normal,0,nominal
2026-01-01 06:29:00,1,74.342,3.496,23.473,1,1,1399.231,1,138.877,0,normal,0,nominal
2026-01-01 06:29:00,2,30.88,1.368,33.049,1,1,1233.625,1,125.307,1,fault,1,leak_progression
2026-01-01 06:29:00,3,61.053,1.87,28.91,1,1,1131.869,1,110.012,0,normal,0,nominal
2026-01-01 06:30:00,1,74.129,3.258,23.393,1,1,1415.645,1,136.765,0,normal,0,nominal
2026-01-01 06:30:00,2,35.061,1.638,32.033,1,1,1241.661,1,126.421,1,fault,1,leak_progression
2026-01-01 06:30:00,3,61.491,1.667,28.921,1,1,1136.254,1,107.853,0,normal,0,nominal
2026-01-01 06:31:00,1,74.306,3.595,23.588,1,1,1427.396,1,141.085,0,normal,0,nominal
2026-01-01 06:31:00,2,38.118,1.693,31.49,1,1,1267.435,1,124.99,1,warning,1,leak_progression
2026-01-01 06:31:00,3,62.177,2.202,28.854,1,1,1122.378,1,113.469,0,normal,0,nominal
2026-01-01 06:32:00,1,75.059,3.529,23.873,1,1,1427.158,1,140.32,0,normal,0,nominal
2026-01-01 06:32:00,2,45.516,1.899,30.549,1,1,1232.977,1,123.286,0,warning,1,leak_progression
2026-01-01 06:32:00,3,62.036,2.393,29.105,1,1,1105.41,1,115.024,0,normal,0,nominal
2026-01-01 06:33:00,1,75.141,2.895,23.785,1,1,1419.517,1,132.735,0,normal,0,nominal
2026-01-01 06:33:00,2,45.915,2.076,29.572,1,1,1215.154,1,122.977,0,warning,1,leak_progression
2026-01-01 06:33:00,3,61.192,2.126,28.805,1,1,1101.515,1,111.803,0,normal,0,nominal
2026-01-01 06:34:00,1,74.636,2.947,23.968,1,1,1417.122,1,133.243,0,normal,0,nominal
2026-01-01 06:34:00,2,48.637,2.405,28.989,1,1,1241.254,1,128.161,0,warning,1,leak_progression
2026-01-01 06:34:00,3,60.881,2.136,28.644,1,1,1106.192,1,112.098,0,normal,0,nominal
2026-01-01 06:35:00,1,74.964,3.444,23.801,1,1,1408.081,1,138.617,0,normal,0,nominal
2026-01-01 06:35:00,2,50.357,2.403,28.761,1,1,1251.748,1,128.538,0,warning,1,leak_progression
2026-01-01 06:35:00,3,61.539,2.345,28.788,1,1,1115.572,1,114.854,0,normal,0,nominal
2026-01-01 06:36:00,1,74.052,3.6,24.053,1,1,1428.887,1,141.2,0,normal,0,nominal
2026-01-01 06:36:00,2,52.121,2.616,28.617,1,1,1266.845,1,131.824,0,warning,1,leak_progression
2026-01-01 06:36:00,3,61.384,2.293,28.805,1,1,1111.626,1,114.107,0,normal,0,nominal
2026-01-01 06:37:00,1,73.724,3.465,23.711,1,1,1441.459,1,140.123,0,normal,0,nominal
2026-01-01 06:37:00,2,53.542,2.427,28.606,1,1,1247.131,1,128.664,0,warning,1,leak_progression
2026-01-01 06:37:00,3,63.061,2.26,28.994,1,1,1104.276,1,113.448,0,normal,0,nominal
2026-01-01 06:38:00,1,73.024,3.465,23.888,1,1,1464.818,1,141.005,0,normal,0,nominal
2026-01-01 06:38:00,2,54.989,2.516,28.796,1,1,1243.427,1,129.663,0,warning,1,leak_progression
2026-01-01 06:38:00,3,63.495,2.282,29.118,1,1,1106.897,1,113.808,0,normal,0,nominal
2026-01-01 06:39:00,1,73.956,3.79,23.828,1,1,1452.187,1,144.264,0,normal,0,nominal
2026-01-01 06:39:00,2,54.786,2.077,28.52,1,1,1242.902,1,124.049,0,warning,1,leak_progression
2026-01-01 06:39:00,3,62.311,2.244,28.889,1,1,1125.381,1,114.075,0,normal,0,nominal
2026-01-01 06:40:00,1,72.813,3.918,23.848,1,1,1439.553,1,145.257,0,normal,0,nominal
2026-01-01 06:40:00,2,53.965,2.265,28.636,1,1,1248.952,1,126.676,0,warning,1,leak_progression
2026-01-01 06:40:00,3,61.3,2.349,28.692,1,1,1105.886,1,114.541,0,normal,0,nominal
2026-01-01 06:41:00,1,73.412,4.27,24.011,1,1,1409.163,1,148.156,0,normal,0,nominal
2026-01-01 06:41:00,2,54.893,1.847,28.669,1,1,1263.344,1,121.89,0,warning,1,leak_progression
2026-01-01 06:41:00,3,60.145,2.333,28.554,1,1,1114.563,1,114.683,0,normal,0,nominal
2026-01-01 06:42:00,1,75.169,3.828,24.008,1,1,1418.189,1,143.409,0,normal,0,nominal
2026-01-01 06:42:00,2,55.429,2.439,28.589,1,1,1272.66,1,129.789,0,warning,1,leak_progression
2026-01-01 06:42:00,3,60.117,2.408,28.691,1,1,1129.33,1,116.107,0,normal,0,nominal
2026-01-01 06:43:00,1,74.578,3.947,23.825,1,1,1446.254,1,145.852,0,normal,0,nominal
2026-01-01 06:43:00,2,54.051,2.312,28.199,1,1,1246.148,1,127.17,0,warning,1,leak_progression
2026-01-01 06:43:00,3,61.521,2.252,28.518,1,1,1117.921,1,113.874,0,normal,0,nominal
2026-01-01 06:44:00,1,74.671,3.686,23.891,1,1,1417.548,1,141.761,0,normal,0,nominal
2026-01-01 06:44:00,2,55.54,2.082,28.522,1,1,1256.083,1,124.606,0,warning,1,leak_progression
2026-01-01 06:44:00,3,61.849,2.331,28.721,1,1,1147.767,1,115.923,0,normal,0,nominal
2026-01-01 06:45:00,1,73.405,3.386,24.311,1,1,1427.104,1,138.67,0,normal,0,nominal
2026-01-01 06:45:00,2,55.425,2.374,28.408,1,1,1271.651,1,128.926,0,warning,1,leak_progression
2026-01-01 06:45:00,3,61.228,2.032,28.969,1,1,1146.806,1,112.442,0,normal,0,nominal
2026-01-01 06:46:00,1,74.089,3.683,23.935,1,1,1414.717,1,141.618,0,normal,0,nominal
2026-01-01 06:46:00,2,54.355,2.17,28.409,1,1,1264.955,1,126.072,0,warning,1,leak_progression
2026-01-01 06:46:00,3,59.944,2.355,28.986,1,1,1127.304,1,115.419,0,normal,0,nominal
2026-01-01 06:47:00,1,74.426,3.745,23.97,1,1,1424.636,1,142.7,0,normal,0,nominal
2026-01-01 06:47:00,2,54.795,2.696,28.446,1,1,1259.752,1,132.567,0,warning,1,leak_progression
2026-01-01 06:47:00,3,60.847,2.319,28.81,1,1,1102.506,1,114.067,0,normal,0,nominal
2026-01-01 06:48:00,1,73.832,3.475,24.179,1,1,1415.673,1,139.254,0,normal,0,nominal
2026-01-01 06:48:00,2,53.974,2.681,28.586,1,1,1250.749,1,132.036,0,warning,1,leak_progression
2026-01-01 06:48:00,3,62.189,2.419,28.753,1,1,1114.422,1,115.671,0,normal,0,nominal
2026-01-01 06:49:00,1,74.318,3.134,24.286,1,1,1418.126,1,135.428,0,normal,0,nominal
2026-01-01 06:49:00,2,54.584,2.46,28.947,1,1,1245.074,1,129.014,0,warning,1,leak_progression
2026-01-01 06:49:00,3,59.871,2.359,29.044,1,1,1112.105,1,114.889,0,normal,0,nominal
2026-01-01 06:50:00,1,72.83,2.887,24.304,1,1,1430.914,1,133.077,0,normal,0,nominal
2026-01-01 06:50:00,2,54.598,2.841,28.81,1,1,1249.951,1,134.049,0,warning,1,leak_progression
2026-01-01 06:50:00,3,59.592,2.458,29.198,1,1,1096.472,1,115.428,0,normal,0,nominal
2026-01-01 06:51:00,1,72.798,3.184,23.752,1,1,1442.118,1,136.914,0,normal,0,nominal
2026-01-01 06:51:00,2,56.02,2.563,28.487,1,1,1247.151,1,130.399,0,warning,1,leak_progression
2026-01-01 06:51:00,3,61.01,2.319,29.226,1,1,1105.917,1,114.193,0,normal,0,nominal
2026-01-01 06:52:00,1,72.313,3.615,23.334,1,1,1414.66,1,140.827,0,normal,0,nominal
2026-01-01 06:52:00,2,54.62,2.777,28.292,1,1,1256.697,1,133.49,0,warning,1,leak_progression
2026-01-01 06:52:00,3,63.13,2.406,29.139,1,1,1118.337,1,115.666,0,normal,0,nominal
2026-01-01 06:53:00,1,73.062,3.498,23.809,1,1,1415.208,1,139.505,0,normal,0,nominal
2026-01-01 06:53:00,2,54.419,2.81,28.613,1,1,1260.078,1,134.043,0,warning,1,leak_progression
2026-01-01 06:53:00,3,61.999,2.516,29.283,1,1,1119.119,1,116.964,0,normal,0,nominal
2026-01-01 06:54:00,1,72.829,3.654,23.957,1,1,1414.947,1,141.29,0,normal,0,nominal
2026-01-01 06:54:00,2,51.944,2.713,28.429,1,1,1272.955,1,133.289,0,warning,1,leak_progression
2026-01-01 06:54:00,3,61.208,2.503,29.104,1,1,1126.243,1,117.078,0,normal,0,nominal
2026-01-01 06:55:00,1,73.434,3.497,24.012,1,1,1408.627,1,139.243,0,normal,0,nominal
2026-01-01 06:55:00,2,53.023,2.394,28.541,1,1,1270.651,1,129.145,0,warning,1,leak_progression
2026-01-01 06:55:00,3,61.639,2.309,29.012,1,1,1116.086,1,114.461,0,normal,0,nominal
2026-01-01 06:56:00,1,73.01,3.59,24.253,1,1,1418.211,1,140.674,0,normal,0,nominal
2026-01-01 06:56:00,2,53.201,2.373,28.326,1,1,1256.621,1,128.34,0,warning,1,leak_progression
2026-01-01 06:56:00,3,62.327,2.474,28.941,1,1,1123.064,1,116.632,0,normal,0,nominal
2026-01-01 06:57:00,1,73.871,3.351,24.016,1,1,1425.852,1,138.221,0,normal,0,nominal
2026-01-01 06:57:00,2,53.739,2.246,28.852,1,1,1258.676,1,126.802,0,warning,1,leak_progression
2026-01-01 06:57:00,3,63.067,2.513,29.059,1,1,1102.596,1,116.301,0,normal,0,nominal
2026-01-01 06:58:00,1,74.114,3.501,24.053,1,1,1451.263,1,140.908,0,normal,0,nominal
2026-01-01 06:58:00,2,54.145,2.568,28.384,1,1,1261.845,1,131.026,0,warning,1,leak_progression
2026-01-01 06:58:00,3,64.08,2.294,28.955,1,1,1108.65,1,114.009,0,normal,0,nominal
2026-01-01 06:59:00,1,74.232,3.635,23.803,1,1,1438.33,1,141.964,0,normal,0,nominal
2026-01-01 06:59:00,2,54.74,2.163,28.379,1,1,1275.3,1,126.374,0,warning,1,leak_progression
2026-01-01 06:59:00,3,62.315,2.24,28.602,1,1,1131.351,1,114.257,0,normal,0,nominal
2026-01-01 07:00:00,1,74.971,3.631,24.069,1,1,1410.427,1,140.858,0,normal,0,nominal
2026-01-01 07:00:00,2,54.835,2.56,28.423,1,1,1266.948,1,131.109,0,warning,1,leak_progression
2026-01-01 07:00:00,3,60.786,2.285,28.527,1,1,1125.255,1,114.537,0,normal,0,nominal
2026-01-01 07:01:00,1,75.359,3.039,24.138,1,1,1396.27,1,133.502,0,normal,0,nominal
2026-01-01 07:01:00,2,54.564,2.692,27.992,1,1,1277.011,1,133.173,0,warning,1,leak_progression
2026-01-01 07:01:00,3,61.285,2.495,28.764,1,1,1116.32,1,116.608,0,normal,0,nominal
2026-01-01 07:02:00,1,74.207,3.011,24.03,1,1,1401.915,1,133.398,0,normal,0,nominal
2026-01-01 07:02:00,2,55.181,2.391,28.481,1,1,1260.227,1,128.702,0,warning,1,leak_progression
2026-01-01 07:02:00,3,60.981,2.555,28.869,1,1,1121.349,1,117.497,0,normal,0,nominal
2026-01-01 07:03:00,1,71.983,3.45,23.844,1,1,1404.469,1,138.547,0,normal,0,nominal
2026-01-01 07:03:00,2,55.885,2.414,28.611,1,1,1267.268,1,129.272,0,warning,1,leak_progression
2026-01-01 07:03:00,3,60.62,2.414,29.009,1,1,1106.652,1,115.318,0,normal,0,nominal
2026-01-01 07:04:00,1,73.135,3.622,23.672,1,1,1418.178,1,141.045,0,normal,0,nominal
2026-01-01 07:04:00,2,55.085,2.212,28.719,1,1,1265.177,1,126.607,0,warning,1,leak_progression
2026-01-01 07:04:00,3,63.109,1.918,28.922,1,1,1110.852,1,109.768,0,normal,0,nominal
2026-01-01 07:05:00,1,71.772,3.787,23.828,1,1,1407.083,1,142.519,0,normal,0,nominal
2026-01-01 07:05:00,2,54.449,2.052,28.611,1,1,1249.576,1,123.985,0,warning,1,leak_progression
2026-01-01 07:05:00,3,61.555,2.142,28.543,1,1,1110.74,1,112.344,0,normal,0,nominal
2026-01-01 07:06:00,1,72.69,3.57,24.11,1,1,1416.533,1,140.385,0,normal,0,nominal
2026-01-01 07:06:00,2,53.077,2.314,28.619,1,1,1242.699,1,127.061,0,warning,1,leak_progression
2026-01-01 07:06:00,3,61.485,2.273,28.306,1,1,1108.513,1,113.76,0,normal,0,nominal
2026-01-01 07:07:00,1,68.505,3.389,24.012,1,1,1411.437,1,138.104,0,normal,0,nominal
2026-01-01 07:07:00,2,52.972,2.002,28.731,1,1,1256.013,1,123.588,0,warning,1,leak_progression
2026-01-01 07:07:00,3,61.833,2.349,28.325,1,1,1115.909,1,114.922,0,normal,0,nominal
2026-01-01 07:08:00,1,70.962,3.554,23.959,1,1,1427.732,1,140.62,0,normal,0,nominal
2026-01-01 07:08:00,2,54.936,2.265,28.971,1,1,1263.122,1,127.214,0,warning,1,leak_progression
2026-01-01 07:08:00,3,61.303,2.419,28.483,1,1,1099.73,1,115.113,0,normal,0,nominal
2026-01-01 07:09:00,1,71.627,3.47,23.735,1,1,1427.037,1,139.628,0,normal,0,nominal
2026-01-01 07:09:00,2,54.678,2.558,28.526,1,1,1242.2,1,130.145,0,warning,1,leak_progression
2026-01-01 07:09:00,3,61.428,2.516,28.672,1,1,1108.771,1,116.57,0,normal,0,nominal
2026-01-01 07:10:00,1,73.499,3.547,23.835,1,1,1425.693,1,140.467,0,normal,0,nominal
2026-01-01 07:10:00,2,54.743,2.609,28.781,1,1,1247.638,1,131.009,0,warning,1,leak_progression
2026-01-01 07:10:00,3,61.065,2.32,29.009,1,1,1085.131,1,113.419,0,normal,0,nominal
2026-01-01 07:11:00,1,72.665,3.69,23.684,1,1,1409.728,1,141.504,0,normal,0,nominal
2026-01-01 07:11:00,2,55.511,2.525,28.958,1,1,1267.143,1,130.679,0,warning,1,leak_progression
2026-01-01 07:11:00,3,59.542,2.058,28.761,1,1,1102.38,1,111.057,0,normal,0,nominal
2026-01-01 07:12:00,1,73.316,3.921,23.416,1,1,1415.183,1,144.364,0,normal,0,nominal
2026-01-01 07:12:00,2,55.409,2.411,28.871,1,1,1275.506,1,129.535,0,warning,1,leak_progression
2026-01-01 07:12:00,3,59.965,2.374,29.133,1,1,1095.74,1,114.441,0,normal,0,nominal
2026-01-01 07:13:00,1,72.967,3.902,23.519,1,1,1402.971,1,143.684,0,normal,0,nominal
2026-01-01 07:13:00,2,54.975,2.152,28.669,1,1,1273.752,1,126.172,0,warning,1,leak_progression
2026-01-01 07:13:00,3,61.285,2.344,29.099,1,1,1114.719,1,114.813,0,normal,0,nominal
2026-01-01 07:14:00,1,73.099,3.742,23.586,1,1,1406.289,1,141.975,0,normal,0,nominal
2026-01-01 07:14:00,2,55.401,2.397,28.626,1,1,1254.684,1,128.568,0,warning,1,leak_progression
2026-01-01 07:14:00,3,60.647,2.37,29.649,1,1,1122.268,1,115.4,0,normal,0,nominal
2026-01-01 07:15:00,1,73.638,3.517,23.852,1,1,1441.683,1,140.73,0,normal,0,nominal
2026-01-01 07:15:00,2,54.45,2.535,28.732,1,1,1256.729,1,130.404,0,warning,1,leak_progression
2026-01-01 07:15:00,3,60.39,2.396,29.124,1,1,1120.056,1,115.621,0,normal,0,nominal
2026-01-01 07:16:00,1,74.541,3.721,24.022,1,1,1427.624,1,142.545,0,normal,0,nominal
2026-01-01 07:16:00,2,55.827,2.551,29.135,1,1,1257.84,1,130.656,0,warning,1,leak_progression
2026-01-01 07:16:00,3,61.385,2.261,29.269,1,1,1101.259,1,113.348,0,normal,0,nominal
2026-01-01 07:17:00,1,73.94,3.616,24.089,1,1,1421.038,1,141.08,0,normal,0,nominal
2026-01-01 07:17:00,2,54.994,2.547,29.17,1,1,1241.979,1,129.996,0,warning,1,leak_progression
2026-01-01 07:17:00,3,60.359,2.412,29.028,1,1,1088.995,1,114.622,0,normal,0,nominal
2026-01-01 07:18:00,1,74.089,3.878,24.023,1,1,1415.681,1,143.892,0,normal,0,nominal
2026-01-01 07:18:00,2,58.613,2.587,29.24,1,1,1230.127,1,130.064,0,warning,1,leak_progression
2026-01-01 07:18:00,3,61.566,2.431,28.795,1,1,1116.723,1,115.888,0,normal,0,nominal
2026-01-01 07:19:00,1,75.653,3.815,23.814,1,1,1417.194,1,143.222,0,normal,0,nominal
2026-01-01 07:19:00,2,56.824,2.06,29.042,1,1,1226.751,1,123.218,0,warning,1,leak_progression
2026-01-01 07:19:00,3,61.378,2.489,29.042,1,1,1124.198,1,116.84,0,normal,0,nominal
2026-01-01 07:20:00,1,74.034,3.672,23.732,1,1,1421.608,1,141.746,0,normal,0,nominal
2026-01-01 07:20:00,2,57.454,2.265,28.703,1,1,1245.644,1,126.549,0,warning,1,leak_progression
2026-01-01 07:20:00,3,61.85,2.44,28.709,1,1,1123.177,1,116.241,0,normal,0,nominal
2026-01-01 07:21:00,1,74.047,3.428,23.527,1,1,1437.405,1,139.549,0,normal,0,nominal
2026-01-01 07:21:00,2,55.932,2.16,28.85,1,1,1248.016,1,125.299,0,warning,1,leak_progression
2026-01-01 07:21:00,3,62.815,2.344,28.763,1,1,1150.408,1,116.172,0,normal,0,nominal
2026-01-01 07:22:00,1,73.564,3.492,23.782,1,1,1459.609,1,141.126,0,normal,0,nominal
2026-01-01 07:22:00,2,56.257,2.411,28.951,1,1,1253.737,1,128.715,0,warning,1,leak_progression
2026-01-01 07:22:00,3,62.041,2.498,28.644,1,1,1139.905,1,117.542,0,normal,0,nominal
2026-01-01 07:23:00,1,72.294,3.644,23.602,1,1,1448.194,1,142.434,0,normal,0,nominal
2026-01-01 07:23:00,2,55.281,2.608,29.187,1,1,1251.389,1,131.137,0,warning,1,leak_progression
2026-01-01 07:23:00,3,61.251,2.311,28.958,1,1,1118.29,1,114.57,0,normal,0,nominal
2026-01-01 07:24:00,1,73.622,3.735,23.558,1,1,1423.115,1,142.534,0,normal,0,nominal
2026-01-01 07:24:00,2,54.817,2.722,29.185,1,1,1255.12,1,132.734,0,warning,1,leak_progression
2026-01-01 07:24:00,3,62.646,2.42,28.894,1,1,1122.543,1,115.983,0,normal,0,nominal
2026-01-01 07:25:00,1,73.467,3.871,23.797,1,1,1433.846,1,144.504,0,normal,0,nominal
2026-01-01 07:25:00,2,54.676,2.336,29.018,1,1,1256.914,1,127.879,0,warning,1,leak_progression
2026-01-01 07:25:00,3,60.961,2.507,29.144,1,1,1134.547,1,117.438,0,normal,0,nominal
2026-01-01 07:26:00,1,74.189,3.633,23.807,1,1,1419.997,1,141.234,0,normal,0,nominal
2026-01-01 07:26:00,2,55.436,2.124,29.134,1,1,1260.627,1,125.324,0,warning,1,leak_progression
2026-01-01 07:26:00,3,60.396,2.139,28.98,1,1,1134.641,1,113.215,0,normal,0,nominal
2026-01-01 07:27:00,1,73.786,3.347,23.837,1,1,1424.306,1,138.115,0,normal,0,nominal
2026-01-01 07:27:00,2,56.228,2.417,29.17,1,1,1243.136,1,128.387,0,warning,1,leak_progression
2026-01-01 07:27:00,3,59.568,2.197,28.792,1,1,1119.491,1,113.305,0,normal,0,nominal
2026-01-01 07:28:00,1,75.257,3.858,23.951,1,1,1435.492,1,144.412,0,normal,0,nominal
2026-01-01 07:28:00,2,55.638,2.644,28.727,1,1,1229.73,1,130.767,0,warning,1,leak_progression
2026-01-01 07:28:00,3,59.798,2.297,28.8,1,1,1151.455,1,115.666,0,normal,0,nominal
2026-01-01 07:29:00,1,74.95,3.751,23.755,1,1,1439.246,1,143.328,0,normal,0,nominal
2026-01-01 07:29:00,2,55.465,2.374,28.95,1,1,1238.013,1,127.648,0,warning,1,leak_progression
2026-01-01 07:29:00,3,59.983,2.47,28.812,1,1,1125.519,1,116.676,0,normal,0,nominal
2026-01-01 07:30:00,1,74.508,3.896,23.637,1,1,1413.324,1,144.012,0,normal,0,nominal
2026-01-01 07:30:00,2,54.821,1.938,29.054,1,1,1259.767,1,122.917,0,warning,1,leak_progression
2026-01-01 07:30:00,3,60.369,2.568,28.857,1,1,1126.413,1,117.832,0,normal,0,nominal
2026-01-01 07:31:00,1,74.757,3.599,23.548,1,1,1412.823,1,140.573,0,normal,0,nominal
2026-01-01 07:31:00,2,55.883,2.272,28.737,1,1,1258.363,1,127.123,0,warning,1,leak_progression
2026-01-01 07:31:00,3,60.932,2.649,28.938,1,1,1117.044,1,118.413,0,normal,0,nominal
2026-01-01 07:32:00,1,74.482,3.577,23.714,1,1,1418.222,1,140.531,0,normal,0,nominal
2026-01-01 07:32:00,2,54.973,2.192,28.443,1,1,1261.302,1,126.208,0,warning,1,leak_progression
2026-01-01 07:32:00,3,59.981,2.262,28.729,1,1,1111.797,1,113.756,0,normal,0,nominal
2026-01-01 07:33:00,1,74.634,3.312,23.776,1,1,1423.763,1,137.693,0,normal,0,nominal
2026-01-01 07:33:00,2,53.646,2.482,28.306,1,1,1233.758,1,128.861,0,warning,1,leak_progression
2026-01-01 07:33:00,3,61.032,2.107,29.153,1,1,1108.842,1,111.863,0,normal,0,nominal
2026-01-01 07:34:00,1,74.762,3.607,24.113,1,1,1410.217,1,140.563,0,normal,0,nominal
2026-01-01 07:34:00,2,54.022,2.518,28.381,1,1,1238.147,1,129.49,0,warning,1,leak_progression
2026-01-01 07:34:00,3,62.546,2.38,29.222,1,1,1124.363,1,115.591,0,normal,0,nominal
2026-01-01 07:35:00,1,74.61,3.793,24.476,1,1,1432.173,1,143.544,0,normal,0,nominal
2026-01-01 07:35:00,2,53.611,2.608,28.484,1,1,1239.414,1,130.684,0,warning,1,leak_progression
2026-01-01 07:35:00,3,63.047,2.713,29.155,1,1,1106.948,1,118.766,0,normal,0,nominal
2026-01-01 07:36:00,1,75.516,3.852,24.354,1,1,1419.644,1,143.744,0,normal,0,nominal
2026-01-01 07:36:00,2,53.739,2.46,28.6,1,1,1258.955,1,129.536,0,warning,1,leak_progression
2026-01-01 07:36:00,3,62.927,2.569,29.211,1,1,1099.668,1,116.836,0,normal,0,nominal
2026-01-01 07:37:00,1,74.317,3.834,24.65,1,1,1434.423,1,144.093,0,normal,0,nominal
2026-01-01 07:37:00,2,52.175,2.549,29.052,1,1,1263.738,1,130.854,0,warning,1,leak_progression
2026-01-01 07:37:00,3,61.196,2.444,29.123,1,1,1115.812,1,116.011,0,normal,0,nominal
2026-01-01 07:38:00,1,74.264,3.511,24.407,1,1,1424.202,1,139.991,0,normal,0,nominal
2026-01-01 07:38:00,2,53.667,2.698,28.682,1,1,1281.932,1,133.437,0,warning,1,leak_progression
2026-01-01 07:38:00,3,60.822,2.533,29.222,1,1,1115.96,1,117.04,0,normal,0,nominal
2026-01-01 07:39:00,1,74.244,3.61,24.258,1,1,1415.019,1,140.784,0,normal,0,nominal
2026-01-01 07:39:00,2,53.341,2.543,28.573,1,1,1253.195,1,130.37,0,warning,1,leak_progression
2026-01-01 07:39:00,3,60.294,2.297,28.638,1,1,1112.63,1,114.199,0,normal,0,nominal
2026-01-01 07:40:00,1,74.027,3.684,24.073,1,1,1418.219,1,141.761,0,normal,0,nominal
2026-01-01 07:40:00,2,54.208,2.425,28.894,1,1,1262.032,1,129.211,0,warning,1,leak_progression
2026-01-01 07:40:00,3,59.921,2.48,29.009,1,1,1103.897,1,115.966,0,normal,0,nominal
2026-01-01 07:41:00,1,73.747,3.706,24.146,1,1,1434.729,1,142.644,0,normal,0,nominal
2026-01-01 07:41:00,2,54.057,2.214,28.634,1,1,1253.139,1,126.179,0,warning,1,leak_progression
2026-01-01 07:41:00,3,61.525,2.25,28.982,1,1,1105.487,1,113.386,0,normal,0,nominal
2026-01-01 07:42:00,1,74.025,3.965,24.161,1,1,1434.602,1,145.614,0,normal,0,nominal
2026-01-01 07:42:00,2,53.751,2.449,28.86,1,1,1256.082,1,129.286,0,warning,1,leak_progression
2026-01-01 07:42:00,3,61.645,2.147,29.127,1,1,1120.947,1,112.787,0,normal,0,nominal
2026-01-01 07:43:00,1,73.383,3.659,24.177,1,1,1446.101,1,142.528,0,normal,0,nominal
2026-01-01 07:43:00,2,53.715,2.571,28.648,1,1,1263.425,1,131.114,0,warning,1,leak_progression
2026-01-01 07:43:00,3,62.201,2.361,28.811,1,1,1132.709,1,115.689,0,normal,0,nominal
2026-01-01 07:44:00,1,74.259,3.51,24.075,1,1,1440.197,1,140.594,0,normal,0,nominal
2026-01-01 07:44:00,2,54.279,2.409,28.554,1,1,1243.596,1,128.305,0,warning,1,leak_progression
2026-01-01 07:44:00,3,62.917,2.777,28.796,1,1,1127.021,1,120.264,0,normal,0,nominal
2026-01-01 07:45:00,1,74.474,3.466,24.004,1,1,1437.479,1,139.985,0,normal,0,nominal
2026-01-01 07:45:00,2,54.692,3.031,28.658,1,1,1249.911,1,136.466,0,warning,1,leak_progression
2026-01-01 07:45:00,3,61.943,2.535,28.661,1,1,1142.714,1,118.073,0,normal,0,nominal
2026-01-01 07:46:00,1,74.306,3.35,24.335,1,1,1421.353,1,138.036,0,normal,0,nominal
2026-01-01 07:46:00,2,54.095,2.712,28.496,1,1,1254.339,1,132.574,0,warning,1,leak_progression
2026-01-01 07:46:00,3,59.829,2.525,28.603,1,1,1167.55,1,118.9,0,normal,0,nominal
2026-01-01 07:47:00,1,74.963,3.738,24.269,1,1,1411.16,1,142.116,0,normal,0,nominal
2026-01-01 07:47:00,2,53.648,2.023,28.642,1,1,1254.692,1,123.809,0,warning,1,leak_progression
2026-01-01 07:47:00,3,59.085,2.624,29.223,1,1,1146.201,1,119.229,0,normal,0,nominal
2026-01-01 07:48:00,1,75.517,3.404,23.89,1,1,1419.468,1,138.582,0,normal,0,nominal
2026-01-01 07:48:00,2,54.479,1.747,28.759,1,1,1244.855,1,119.918,0,warning,1,leak_progression
2026-01-01 07:48:00,3,60.583,2.616,29.191,1,1,1132.152,1,118.604,0,normal,0,nominal
2026-01-01 07:49:00,1,75.126,3.453,23.539,1,1,1441.427,1,139.984,0,normal,0,nominal
2026-01-01 07:49:00,2,54.496,1.662,28.513,1,1,1234.04,1,118.42,0,warning,1,leak_progression
2026-01-01 07:49:00,3,59.556,2.302,29.206,1,1,1135.44,1,115.125,0,normal,0,nominal
2026-01-01 07:50:00,1,74.851,3.528,23.819,1,1,1422.893,1,140.138,0,normal,0,nominal
2026-01-01 07:50:00,2,52.359,2.292,28.801,1,1,1244.543,1,126.848,0,warning,1,leak_progression
2026-01-01 07:50:00,3,61.486,2.72,29.52,1,1,1139.99,1,120.099,0,normal,0,nominal
2026-01-01 07:51:00,1,74.35,3.889,23.815,1,1,1418.343,1,144.121,0,normal,0,nominal
2026-01-01 07:51:00,2,52.142,2.425,28.537,1,1,1241.563,1,128.428,0,warning,1,leak_progression
2026-01-01 07:51:00,3,62.402,2.285,29.06,1,1,1133.033,1,114.837,0,normal,0,nominal
2026-01-01 07:52:00,1,74.579,3.919,24.031,1,1,1411.275,1,144.197,0,normal,0,nominal
2026-01-01 07:52:00,2,52.831,2.71,28.804,1,1,1253.265,1,132.499,0,warning,1,leak_progression
2026-01-01 07:52:00,3,61.796,2.462,29.123,1,1,1125.782,1,116.598,0,normal,0,nominal
2026-01-01 07:53:00,1,74.368,3.998,24.075,1,1,1434.46,1,145.981,0,normal,0,nominal
2026-01-01 07:53:00,2,53.301,2.336,28.581,1,1,1243.813,1,127.381,0,warning,1,leak_progression
2026-01-01 07:53:00,3,61.356,2.517,28.901,1,1,1134.466,1,117.553,0,normal,0,nominal
2026-01-01 07:54:00,1,75.337,4.042,23.774,1,1,1432.946,1,146.44,0,normal,0,nominal
2026-01-01 07:54:00,2,53.438,2.878,28.626,1,1,1243.691,1,134.275,0,warning,1,leak_progression
2026-01-01 07:54:00,3,63.079,2.48,28.83,1,1,1136.702,1,117.211,0,normal,0,nominal
2026-01-01 07:55:00,1,74.35,3.978,24.184,1,1,1444.785,1,146.154,0,normal,0,nominal
2026-01-01 07:55:00,2,54.554,2.906,28.891,1,1,1247.092,1,134.767,0,warning,1,leak_progression
2026-01-01 07:55:00,3,62.378,2.354,29.109,1,1,1147.815,1,116.189,0,normal,0,nominal
2026-01-01 07:56:00,1,74.564,3.987,24.239,1,1,1437.353,1,145.975,0,normal,0,nominal
2026-01-01 07:56:00,2,55.033,2.783,28.871,1,1,1267.953,1,133.999,0,warning,1,leak_progression
2026-01-01 07:56:00,3,62.656,2.567,28.712,1,1,1111.791,1,117.268,0,normal,0,nominal
2026-01-01 07:57:00,1,74.813,4.111,24.411,1,1,1430.728,1,147.145,0,normal,0,nominal
2026-01-01 07:57:00,2,55.094,2.744,28.918,1,1,1271.047,1,133.607,0,warning,1,leak_progression
2026-01-01 07:57:00,3,62.402,2.589,28.888,1,1,1136.36,1,118.45,0,normal,0,nominal
2026-01-01 07:58:00,1,73.853,3.971,23.996,1,1,1427.48,1,145.406,0,normal,0,nominal
2026-01-01 07:58:00,2,54.281,2.415,29.257,1,1,1263.167,1,129.121,0,warning,1,leak_progression
2026-01-01 07:58:00,3,62.134,2.585,28.701,1,1,1126.497,1,118.031,0,normal,0,nominal
2026-01-01 07:59:00,1,74.948,3.663,23.954,1,1,1447.808,1,142.636,0,normal,0,nominal
2026-01-01 07:59:00,2,54.53,2.236,29.026,1,1,1239.191,1,125.929,0,warning,1,leak_progression
2026-01-01 07:59:00,3,61.701,2.59,28.915,1,1,1140.96,1,118.644,0,normal,0,nominal
2026-01-01 06:00:00,1,73.49,3.815,24.172,1,1,1411.855,1,143.022,0,normal,0,nominal
2026-01-01 06:00:00,2,65.6,3.087,26.137,1,1,1231.789,1,127.808,0,normal,0,nominal
2026-01-01 06:00:00,3,60.781,2.356,28.846,1,1,1111.53,1,114.831,0,normal,0,nominal
2026-01-01 06:01:00,1,72.75,3.933,24.058,1,1,1410.69,1,144.34,0,normal,0,nominal
2026-01-01 06:01:00,2,65.281,3.158,25.812,1,1,1235.273,1,128.761,0,normal,0,nominal
2026-01-01 06:01:00,3,60.567,2.259,28.675,1,1,1102.161,1,113.357,0,normal,0,nominal
2026-01-01 06:02:00,1,72.392,3.63,24.354,1,1,1397.605,1,140.359,0,normal,0,nominal
2026-01-01 06:02:00,2,67.369,3.571,25.615,1,1,1243.427,1,133.819,0,normal,0,nominal
2026-01-01 06:02:00,3,59.216,2.057,28.833,1,1,1107.459,1,111.235,0,normal,0,nominal
2026-01-01 06:03:00,1,71.577,3.526,23.981,1,1,1406.075,1,139.481,0,normal,0,nominal
2026-01-01 06:03:00,2,67.179,3.053,25.672,1,1,1238.082,1,127.658,0,normal,0,nominal
2026-01-01 06:03:00,3,59.797,2.089,29.226,1,1,1087.658,1,110.85,0,normal,0,nominal
2026-01-01 06:04:00,1,72.164,3.539,23.761,1,1,1410.383,1,139.795,0,normal,0,nominal
2026-01-01 06:04:00,2,67.06,3.03,25.955,1,1,1227.515,1,126.988,0,normal,0,nominal
2026-01-01 06:04:00,3,61.929,2.035,29.15,1,1,1104.888,1,110.892,0,normal,0,nominal
2026-01-01 06:05:00,1,72.603,2.939,23.702,1,1,1406.836,1,132.757,0,normal,0,nominal
2026-01-01 06:05:00,2,66.753,3.0,26.36,1,1,1243.153,1,127.239,0,normal,0,nominal
2026-01-01 06:05:00,3,61.395,1.88,29.288,1,1,1134.22,1,110.226,0,normal,0,nominal
2026-01-01 06:06:00,1,72.713,3.411,23.626,1,1,1405.427,1,138.13,0,normal,0,nominal
2026-01-01 06:06:00,2,66.195,2.799,26.535,1,1,1251.428,1,125.239,0,normal,0,nominal
2026-01-01 06:06:00,3,60.386,2.029,29.141,1,1,1115.783,1,111.234,0,normal,0,nominal
2026-01-01 06:07:00,1,70.819,3.466,23.978,1,1,1425.118,1,139.512,0,normal,0,nominal
2026-01-01 06:07:00,2,66.713,3.142,26.694,1,1,1239.656,1,128.739,0,normal,0,nominal
2026-01-01 06:07:00,3,59.408,2.061,28.957,1,1,1099.474,1,110.983,0,normal,0,nominal
2026-01-01 06:08:00,1,73.422,3.416,23.888,1,1,1452.722,1,139.983,0,normal,0,nominal
2026-01-01 06:08:00,2,66.746,3.043,26.684,1,1,1231.263,1,127.282,0,normal,0,nominal
2026-01-01 06:08:00,3,62.072,2.013,28.397,1,1,1117.59,1,111.113,0,normal,0,nominal
2026-01-01 06:09:00,1,73.033,3.481,23.739,1,1,1444.763,1,140.436,0,normal,0,nominal
2026-01-01 06:09:00,2,67.505,2.996,26.807,1,1,1229.218,1,126.663,0,normal,0,nominal
2026-01-01 06:09:00,3,63.557,1.86,28.754,1,1,1123.876,1,109.594,0,normal,0,nominal
2026-01-01 06:10:00,1,74.205,3.276,24.067,1,1,1440.056,1,137.895,0,normal,0,nominal
2026-01-01 06:10:00,2,66.935,2.881,26.759,1,1,1235.437,1,125.578,0,normal,0,nominal
2026-01-01 06:10:00,3,57.467,1.981,29.439,1,1,1119.942,1,116.892,0,warning,1,leak_progression
2026-01-01 06:11:00,1,72.234,3.052,24.281,1,1,1410.006,1,134.175,0,normal,0,nominal
2026-01-01 06:11:00,2,66.514,3.049,26.357,1,1,1257.095,1,128.333,0,normal,0,nominal
2026-01-01 06:11:00,3,48.696,1.883,30.765,1,1,1132.053,1,122.455,1,warning,1,leak_progression
2026-01-01 06:12:00,1,73.138,3.106,23.97,1,1,1437.577,1,135.851,0,normal,0,nominal
2026-01-01 06:12:00,2,66.752,2.981,26.353,1,1,1259.403,1,127.644,0,normal,0,nominal
2026-01-01 06:12:00,3,43.592,1.489,32.276,1,1,1117.959,1,122.752,1,fault,1,leak_progression
2026-01-01 06:13:00,1,73.825,3.515,23.967,1,1,1448.1,1,140.951,0,normal,0,nominal
2026-01-01 06:13:00,2,67.685,3.202,26.558,1,1,1253.987,1,129.972,0,normal,0,nominal
2026-01-01 06:13:00,3,32.852,1.338,33.868,1,1,1144.43,1,127.949,1,fault,1,leak_progression
2026-01-01 06:14:00,1,73.034,3.518,23.966,1,1,1415.918,1,139.764,0,normal,0,nominal
2026-01-01 06:14:00,2,66.495,2.894,26.252,1,1,1252.463,1,126.375,0,normal,0,nominal
2026-01-01 06:14:00,3,27.393,1.237,34.721,1,1,1127.898,1,125.608,1,fault,1,leak_progression
2026-01-01 06:15:00,1,74.935,3.746,24.06,1,1,1440.098,1,143.299,0,normal,0,nominal
2026-01-01 06:15:00,2,66.08,3.192,26.145,1,1,1238.503,1,129.273,0,normal,0,nominal
2026-01-01 06:15:00,3,23.869,1.308,35.041,1,1,1129.831,1,126.884,1,fault,1,leak_progression
2026-01-01 06:16:00,1,73.72,3.589,23.91,1,1,1427.563,1,141.022,0,normal,0,nominal
2026-01-01 06:16:00,2,66.685,3.195,26.269,1,1,1245.1,1,129.551,0,normal,0,nominal
2026-01-01 06:16:00,3,20.322,0.965,35.455,1,1,1123.398,1,120.808,1,fault,1,leak_progression
2026-01-01 06:17:00,1,73.353,3.447,23.996,1,1,1425.306,1,139.297,0,normal,0,nominal
2026-01-01 06:17:00,2,67.425,3.484,26.203,1,1,1248.067,1,132.997,0,normal,0,nominal
2026-01-01 06:17:00,3,20.816,1.181,35.649,1,1,1114.199,1,124.136,1,fault,1,leak_progression
2026-01-01 06:18:00,1,73.776,3.64,23.651,1,1,1411.594,1,141.002,0,normal,0,nominal
2026-01-01 06:18:00,2,67.014,3.056,26.387,1,1,1238.313,1,127.695,0,normal,0,nominal
2026-01-01 06:18:00,3,19.411,1.173,35.677,1,1,1111.888,1,123.913,1,fault,1,leak_progression
2026-01-01 06:19:00,1,74.881,3.623,23.415,1,1,1399.947,1,140.367,0,normal,0,nominal
2026-01-01 06:19:00,2,67.97,2.985,26.319,1,1,1247.052,1,127.212,0,normal,0,nominal
2026-01-01 06:19:00,3,19.457,1.065,35.953,1,1,1122.474,1,122.475,1,fault,1,leak_progression
2026-01-01 06:20:00,1,75.268,4.002,23.545,1,1,1417.202,1,145.378,0,normal,0,nominal
2026-01-01 06:20:00,2,69.198,3.414,26.405,1,1,1236.935,1,131.762,0,normal,0,nominal
2026-01-01 06:20:00,3,20.548,1.372,36.141,1,1,1091.097,1,126.507,1,fault,1,leak_progression
2026-01-01 06:21:00,1,76.121,3.76,23.748,1,1,1420.974,1,142.736,0,normal,0,nominal
2026-01-01 06:21:00,2,68.216,3.047,26.653,1,1,1236.09,1,127.515,0,normal,0,nominal
2026-01-01 06:21:00,3,19.729,1.024,36.284,1,1,1091.162,1,120.582,1,fault,1,leak_progression
2026-01-01 06:22:00,1,75.2,3.655,23.799,1,1,1408.74,1,141.07,0,normal,0,nominal
2026-01-01 06:22:00,2,68.359,2.589,26.46,1,1,1226.29,1,121.875,0,normal,0,nominal
2026-01-01 06:22:00,3,17.945,1.262,36.262,1,1,1095.88,1,124.81,1,fault,1,leak_progression
2026-01-01 06:23:00,1,73.986,3.31,23.698,1,1,1419.278,1,137.5,0,normal,0,nominal
2026-01-01 06:23:00,2,69.01,2.261,26.545,1,1,1249.73,1,118.989,0,normal,0,nominal
2026-01-01 06:23:00,3,18.819,1.312,36.293,1,1,1099.917,1,125.815,1,fault,1,leak_progression
2026-01-01 06:24:00,1,74.917,3.398,23.486,1,1,1415.251,1,138.357,0,normal,0,nominal
2026-01-01 06:24:00,2,67.863,2.669,26.456,1,1,1257.594,1,123.98,0,normal,0,nominal
2026-01-01 06:24:00,3,19.615,1.266,36.834,1,1,1096.936,1,124.916,1,fault,1,leak_progression
2026-01-01 06:25:00,1,75.041,3.611,23.786,1,1,1420.782,1,141.013,0,normal,0,nominal
2026-01-01 06:25:00,2,66.794,2.664,26.547,1,1,1250.372,1,123.652,0,normal,0,nominal
2026-01-01 06:25:00,3,18.453,1.295,36.411,1,1,1102.415,1,125.615,1,fault,1,leak_progression
2026-01-01 06:26:00,1,75.624,3.795,23.887,1,1,1432.67,1,143.583,0,normal,0,nominal
2026-01-01 06:26:00,2,66.327,2.66,26.098,1,1,1237.957,1,123.135,0,normal,0,nominal
2026-01-01 06:26:00,3,19.264,1.164,36.544,1,1,1118.685,1,124.017,1,fault,1,leak_progression
2026-01-01 06:27:00,1,73.85,3.66,24.079,1,1,1435.16,1,142.123,0,normal,0,nominal
2026-01-01 06:27:00,2,66.923,2.893,26.243,1,1,1235.818,1,125.734,0,normal,0,nominal
2026-01-01 06:27:00,3,20.204,0.911,36.838,1,1,1124.191,1,119.923,1,fault,1,leak_progression
2026-01-01 06:28:00,1,73.128,3.535,24.332,1,1,1425.797,1,140.331,0,normal,0,nominal
2026-01-01 06:28:00,2,68.336,3.116,25.932,1,1,1219.274,1,127.671,0,normal,0,nominal
2026-01-01 06:28:00,3,21.06,1.206,36.531,1,1,1122.726,1,121.693,1,fault,1,leak_progression
2026-01-01 06:29:00,1,75.452,3.383,24.142,1,1,1408.789,1,137.937,0,normal,0,nominal
2026-01-01 06:29:00,2,68.65,3.214,26.203,1,1,1210.726,1,128.47,0,normal,0,nominal
2026-01-01 06:29:00,3,24.004,1.391,35.915,1,1,1138.49,1,122.045,1,fault,1,leak_progression
2026-01-01 06:30:00,1,75.827,3.505,23.855,1,1,1408.912,1,139.346,0,normal,0,nominal
2026-01-01 06:30:00,2,67.659,3.532,26.168,1,1,1227.291,1,132.751,0,normal,0,nominal
2026-01-01 06:30:00,3,29.145,1.701,35.319,1,1,1125.632,1,122.921,1,fault,1,leak_progression
2026-01-01 06:31:00,1,76.123,3.748,24.126,1,1,1404.589,1,141.981,0,normal,0,nominal
2026-01-01 06:31:00,2,68.113,3.143,26.435,1,1,1246.364,1,129.008,0,normal,0,nominal
2026-01-01 06:31:00,3,34.111,1.767,34.462,1,1,1123.99,1,120.566,1,warning,1,leak_progression
2026-01-01 06:32:00,1,74.017,3.57,24.174,1,1,1405.448,1,139.966,0,normal,0,nominal
2026-01-01 06:32:00,2,67.479,3.107,26.293,1,1,1250.777,1,128.762,0,normal,0,nominal
2026-01-01 06:32:00,3,39.045,1.865,33.72,1,1,1112.698,1,118.278,0,warning,1,leak_progression
2026-01-01 06:33:00,1,72.853,3.75,24.143,1,1,1415.354,1,142.406,0,normal,0,nominal
2026-01-01 06:33:00,2,67.09,3.134,26.363,1,1,1255.995,1,129.268,0,normal,0,nominal
2026-01-01 06:33:00,3,46.948,2.01,32.79,1,1,1119.073,1,118.486,0,warning,1,leak_progression
2026-01-01 06:34:00,1,73.658,3.63,23.662,1,1,1429.101,1,141.546,0,normal,0,nominal
2026-01-01 06:34:00,2,67.016,2.611,26.096,1,1,1261.122,1,123.447,0,normal,0,nominal
2026-01-01 06:34:00,3,47.565,1.788,32.238,1,1,1126.845,1,115.953,0,warning,1,leak_progression
2026-01-01 06:35:00,1,74.745,3.288,23.479,1,1,1429.104,1,137.614,0,normal,0,nominal
2026-01-01 06:35:00,2,66.51,2.666,26.012,1,1,1247.801,1,123.58,0,normal,0,nominal
2026-01-01 06:35:00,3,48.198,1.917,32.188,1,1,1120.579,1,117.36,0,warning,1,leak_progression
2026-01-01 06:36:00,1,74.709,3.317,23.498,1,1,1422.747,1,137.711,0,normal,0,nominal
2026-01-01 06:36:00,2,67.1,2.914,26.222,1,1,1256.279,1,126.754,0,normal,0,nominal
2026-01-01 06:36:00,3,48.167,2.105,31.854,1,1,1119.621,1,119.725,0,warning,1,leak_progression
2026-01-01 06:37:00,1,74.07,3.796,23.419,1,1,1434.455,1,143.662,0,normal,0,nominal
2026-01-01 06:37:00,2,68.174,3.02,26.215,1,1,1253.515,1,127.861,0,normal,0,nominal
2026-01-01 06:37:00,3,48.171,2.113,31.279,1,1,1108.158,1,119.387,0,warning,1,leak_progression
2026-01-01 06:38:00,1,72.835,3.612,23.311,1,1,1443.341,1,141.888,0,normal,0,nominal
2026-01-01 06:38:00,2,67.643,3.266,26.294,1,1,1262.813,1,131.043,0,normal,0,nominal
2026-01-01 06:38:00,3,47.981,1.968,31.52,1,1,1125.122,1,118.189,0,warning,1,leak_progression
2026-01-01 06:39:00,1,72.852,3.598,23.762,1,1,1445.793,1,141.815,0,normal,0,nominal
2026-01-01 06:39:00,2,67.046,3.737,26.118,1,1,1246.695,1,135.845,0,normal,0,nominal
2026-01-01 06:39:00,3,49.858,1.998,31.077,1,1,1130.584,1,118.768,0,warning,1,leak_progression
2026-01-01 06:40:00,1,73.47,3.48,23.845,1,1,1438.803,1,140.198,0,normal,0,nominal
2026-01-01 06:40:00,2,66.069,3.472,26.579,1,1,1249.335,1,132.907,0,normal,0,nominal
2026-01-01 06:40:00,3,49.459,1.941,31.127,1,1,1132.029,1,118.105,0,warning,1,leak_progression
2026-01-01 06:41:00,1,73.055,3.435,23.948,1,1,1435.088,1,139.53,0,normal,0,nominal
2026-01-01 06:41:00,2,66.142,3.361,26.207,1,1,1256.709,1,131.911,0,normal,0,nominal
2026-01-01 06:41:00,3,47.643,1.928,31.116,1,1,1135.019,1,118.045,0,warning,1,leak_progression
2026-01-01 06:42:00,1,72.732,3.706,23.94,1,1,1426.642,1,142.326,0,normal,0,nominal
2026-01-01 06:42:00,2,65.65,3.215,26.267,1,1,1265.76,1,130.576,0,normal,0,nominal
2026-01-01 06:42:00,3,47.583,1.878,31.456,1,1,1141.872,1,117.671,0,warning,1,leak_progression
2026-01-01 06:43:00,1,73.648,3.959,24.217,1,1,1433.458,1,145.505,0,normal,0,nominal
2026-01-01 06:43:00,2,66.383,3.17,26.176,1,1,1259.582,1,129.816,0,normal,0,nominal
2026-01-01 06:43:00,3,49.698,2.215,31.358,1,1,1127.373,1,121.413,0,warning,1,leak_progression
2026-01-01 06:44:00,1,74.305,3.726,23.898,1,1,1430.164,1,142.696,0,normal,0,nominal
2026-01-01 06:44:00,2,67.01,2.881,26.214,1,1,1252.128,1,126.209,0,normal,0,nominal
2026-01-01 06:44:00,3,48.757,2.192,31.183,1,1,1139.849,1,121.596,0,warning,1,leak_progression
2026-01-01 06:45:00,1,73.883,3.401,23.777,1,1,1432.533,1,139.043,0,normal,0,nominal
2026-01-01 06:45:00,2,66.067,2.424,26.026,1,1,1259.205,1,121.222,0,normal,0,nominal
2026-01-01 06:45:00,3,47.104,2.122,30.82,1,1,1120.806,1,119.984,0,warning,1,leak_progression
2026-01-01 06:46:00,1,74.127,3.157,23.887,1,1,1422.563,1,135.863,0,normal,0,nominal
2026-01-01 06:46:00,2,66.511,2.337,26.386,1,1,1256.985,1,120.145,0,normal,0,nominal
2026-01-01 06:46:00,3,49.744,2.102,30.68,1,1,1114.001,1,119.468,0,warning,1,leak_progression
2026-01-01 06:47:00,1,76.609,3.71,23.916,1,1,1444.24,1,143.043,0,normal,0,nominal
2026-01-01 06:47:00,2,66.002,2.637,26.224,1,1,1252.713,1,123.431,0,normal,0,nominal
2026-01-01 06:47:00,3,49.127,1.932,30.938,1,1,1105.037,1,116.957,0,warning,1,leak_progression
2026-01-01 06:48:00,1,75.261,3.504,23.959,1,1,1446.828,1,140.775,0,normal,0,nominal
2026-01-01 06:48:00,2,66.21,2.492,26.359,1,1,1252.277,1,121.741,0,normal,0,nominal
2026-01-01 06:48:00,3,49.162,1.869,30.76,1,1,1109.047,1,116.31,0,warning,1,leak_progression
2026-01-01 06:49:00,1,75.14,3.434,23.809,1,1,1442.558,1,139.814,0,normal,0,nominal
2026-01-01 06:49:00,2,66.238,2.871,26.351,1,1,1259.053,1,126.358,0,normal,0,nominal
2026-01-01 06:49:00,3,49.973,1.694,31.114,1,1,1121.191,1,114.542,0,warning,1,leak_progression
2026-01-01 06:50:00,1,75.407,3.442,23.671,1,1,1424.104,1,139.201,0,normal,0,nominal
2026-01-01 06:50:00,2,66.312,2.843,25.997,1,1,1253.814,1,125.84,0,normal,0,nominal
2026-01-01 06:50:00,3,48.941,1.691,31.292,1,1,1130.697,1,114.862,0,warning,1,leak_progression
2026-01-01 06:51:00,1,74.874,3.926,23.342,1,1,1408.876,1,144.186,0,normal,0,nominal
2026-01-01 06:51:00,2,66.262,2.773,26.129,1,1,1264.087,1,125.419,0,normal,0,nominal
2026-01-01 06:51:00,3,48.733,1.893,31.543,1,1,1135.208,1,117.613,0,warning,1,leak_progression
2026-01-01 06:52:00,1,74.598,3.802,23.689,1,1,1404.646,1,142.601,0,normal,0,nominal
2026-01-01 06:52:00,2,66.348,3.373,26.33,1,1,1258.842,1,132.121,0,normal,0,nominal
2026-01-01 06:52:00,3,51.353,1.861,31.414,1,1,1110.187,1,116.247,0,warning,1,leak_progression
2026-01-01 06:53:00,1,74.951,3.576,23.17,1,1,1381.581,1,139.119,0,normal,0,nominal
2026-01-01 06:53:00,2,66.978,3.264,26.679,1,1,1243.418,1,130.288,0,normal,0,nominal
2026-01-01 06:53:00,3,49.162,1.913,31.417,1,1,1107.884,1,116.821,0,warning,1,leak_progression
2026-01-01 06:54:00,1,74.417,3.413,23.199,1,1,1408.497,1,138.274,0,normal,0,nominal
2026-01-01 06:54:00,2,67.439,3.299,26.876,1,1,1250.375,1,130.952,0,normal,0,nominal
2026-01-01 06:54:00,3,48.039,2.084,31.388,1,1,1107.384,1,118.987,0,warning,1,leak_progression
2026-01-01 06:55:00,1,74.569,3.531,23.321,1,1,1423.251,1,140.19,0,normal,0,nominal
2026-01-01 06:55:00,2,67.206,3.242,26.864,1,1,1253.039,1,130.396,0,normal,0,nominal
2026-01-01 06:55:00,3,48.492,2.069,31.684,1,1,1109.682,1,118.88,0,warning,1,leak_progression
2026-01-01 06:56:00,1,74.955,3.709,23.263,1,1,1453.749,1,143.391,0,normal,0,nominal
2026-01-01 06:56:00,2,67.97,3.533,26.511,1,1,1256.57,1,133.878,0,normal,0,nominal
2026-01-01 06:56:00,3,48.585,1.957,31.223,1,1,1116.211,1,117.708,0,warning,1,leak_progression
2026-01-01 06:57:00,1,74.707,3.445,23.172,1,1,1441.015,1,139.879,0,normal,0,nominal
2026-01-01 06:57:00,2,66.847,3.073,26.432,1,1,1240.794,1,127.987,0,normal,0,nominal
2026-01-01 06:57:00,3,47.16,1.803,31.587,1,1,1131.96,1,116.341,0,warning,1,leak_progression
2026-01-01 06:58:00,1,73.711,3.317,23.253,1,1,1424.26,1,137.77,0,normal,0,nominal
2026-01-01 06:58:00,2,66.447,3.076,26.42,1,1,1257.972,1,128.675,0,normal,0,nominal
2026-01-01 06:58:00,3,48.571,1.792,31.319,1,1,1107.826,1,115.285,0,warning,1,leak_progression
2026-01-01 06:59:00,1,74.778,3.662,22.949,1,1,1425.547,1,141.789,0,normal,0,nominal
2026-01-01 06:59:00,2,67.865,2.911,26.175,1,1,1249.463,1,126.461,0,normal,0,nominal
2026-01-01 06:59:00,3,49.36,1.914,31.186,1,1,1096.203,1,116.393,0,warning,1,leak_progression
2026-01-01 07:00:00,1,73.951,3.574,23.326,1,1,1425.275,1,140.767,0,normal,0,nominal
2026-01-01 07:00:00,2,68.884,3.176,26.211,1,1,1261.814,1,129.969,0,normal,0,nominal
2026-01-01 07:00:00,3,48.682,1.867,31.272,1,1,1092.617,1,115.662,0,warning,1,leak_progression
2026-01-01 07:01:00,1,74.699,3.539,23.582,1,1,1427.378,1,140.438,0,normal,0,nominal
2026-01-01 07:01:00,2,67.911,3.063,26.465,1,1,1256.883,1,128.483,0,normal,0,nominal
2026-01-01 07:01:00,3,48.298,1.956,31.194,1,1,1123.12,1,117.957,0,warning,1,leak_progression
2026-01-01 07:02:00,1,74.883,3.334,23.733,1,1,1412.678,1,137.519,0,normal,0,nominal
2026-01-01 07:02:00,2,66.564,2.99,26.532,1,1,1238.05,1,126.928,0,normal,0,nominal
2026-01-01 07:02:00,3,48.268,1.865,30.997,1,1,1133.798,1,117.197,0,warning,1,leak_progression
2026-01-01 07:03:00,1,74.47,3.605,23.406,1,1,1423.084,1,141.03,0,normal,0,nominal
2026-01-01 07:03:00,2,66.681,3.086,26.797,1,1,1240.606,1,128.135,0,normal,0,nominal
2026-01-01 07:03:00,3,47.193,1.899,30.965,1,1,1123.707,1,117.255,0,warning,1,leak_progression
2026-01-01 07:04:00,1,73.861,3.351,23.829,1,1,1431.125,1,138.421,0,normal,0,nominal
2026-01-01 07:04:00,2,65.572,2.864,26.638,1,1,1235.968,1,125.407,0,normal,0,nominal
2026-01-01 07:04:00,3,47.108,2.167,30.739,1,1,1115.05,1,120.341,0,warning,1,leak_progression
2026-01-01 07:05:00,1,74.117,3.582,23.638,1,1,1449.223,1,141.763,0,normal,0,nominal
2026-01-01 07:05:00,2,66.468,3.339,26.672,1,1,1250.215,1,131.405,0,normal,0,nominal
2026-01-01 07:05:00,3,46.882,1.824,30.89,1,1,1119.689,1,116.146,0,warning,1,leak_progression
2026-01-01 07:06:00,1,73.498,3.441,23.575,1,1,1435.477,1,139.616,0,normal,0,nominal
2026-01-01 07:06:00,2,65.241,3.712,26.481,1,1,1251.244,1,135.736,0,normal,0,nominal
2026-01-01 07:06:00,3,47.393,1.892,30.843,1,1,1093.224,1,116.005,0,warning,1,leak_progression
2026-01-01 07:07:00,1,71.538,3.453,23.915,1,1,1454.735,1,140.484,0,normal,0,nominal
2026-01-01 07:07:00,2,64.321,3.072,26.518,1,1,1271.658,1,129.148,0,normal,0,nominal
2026-01-01 07:07:00,3,48.191,1.865,31.033,1,1,1090.728,1,115.564,0,warning,1,leak_progression
2026-01-01 07:08:00,1,73.529,3.394,24.031,1,1,1432.088,1,138.955,0,normal,0,nominal
2026-01-01 07:08:00,2,64.972,3.359,26.106,1,1,1258.745,1,131.957,0,normal,0,nominal
2026-01-01 07:08:00,3,50.086,1.918,31.096,1,1,1092.63,1,116.308,0,warning,1,leak_progression
2026-01-01 07:09:00,1,71.447,3.227,23.915,1,1,1420.339,1,136.579,0,normal,0,nominal
2026-01-01 07:09:00,2,66.258,2.752,25.887,1,1,1259.094,1,124.988,0,normal,0,nominal
2026-01-01 07:09:00,3,47.931,2.097,31.117,1,1,1107.036,1,119.141,0,warning,1,leak_progression
2026-01-01 07:10:00,1,73.354,3.244,24.059,1,1,1421.011,1,136.799,0,normal,0,nominal
2026-01-01 07:10:00,2,65.98,2.8,25.958,1,1,1260.976,1,125.617,0,normal,0,nominal
2026-01-01 07:10:00,3,48.454,2.208,31.059,1,1,1110.186,1,120.668,0,warning,1,leak_progression
2026-01-01 07:11:00,1,73.319,3.475,24.416,1,1,1441.087,1,140.226,0,normal,0,nominal
2026-01-01 07:11:00,2,66.514,2.492,26.164,1,1,1255.5,1,121.869,0,normal,0,nominal
2026-01-01 07:11:00,3,47.479,2.224,30.949,1,1,1137.425,1,121.91,0,warning,1,leak_progression
2026-01-01 07:12:00,1,72.762,3.875,24.538,1,1,1424.018,1,144.17,0,normal,0,nominal
2026-01-01 07:12:00,2,66.788,2.81,26.113,1,1,1232.625,1,124.66,0,normal,0,nominal
2026-01-01 07:12:00,3,45.285,2.013,31.052,1,1,1133.415,1,119.077,0,warning,1,leak_progression
2026-01-01 07:13:00,1,71.807,3.589,24.564,1,1,1432.683,1,141.215,0,normal,0,nominal
2026-01-01 07:13:00,2,65.103,3.196,26.254,1,1,1225.802,1,128.839,0,normal,0,nominal
2026-01-01 07:13:00,3,46.532,2.153,31.216,1,1,1154.169,1,121.646,0,warning,1,leak_progression
2026-01-01 07:14:00,1,73.808,3.65,24.492,1,1,1429.778,1,141.803,0,normal,0,nominal
2026-01-01 07:14:00,2,65.872,2.915,26.058,1,1,1245.717,1,126.362,0,normal,0,nominal
2026-01-01 07:14:00,3,47.641,2.058,31.226,1,1,1174.855,1,121.217,0,warning,1,leak_progression
2026-01-01 07:15:00,1,73.489,3.739,24.27,1,1,1438.111,1,143.152,0,normal,0,nominal
2026-01-01 07:15:00,2,65.42,2.935,26.176,1,1,1250.373,1,126.767,0,normal,0,nominal
2026-01-01 07:15:00,3,47.329,2.625,31.045,1,1,1151.239,1,127.55,0,warning,1,leak_progression
2026-01-01 07:16:00,1,73.035,3.491,24.211,1,1,1423.155,1,139.722,0,normal,0,nominal
2026-01-01 07:16:00,2,65.889,2.69,26.153,1,1,1251.909,1,124.007,0,normal,0,nominal
2026-01-01 07:16:00,3,49.677,2.25,30.71,1,1,1122.675,1,121.676,0,warning,1,leak_progression
2026-01-01 07:17:00,1,73.532,3.481,24.157,1,1,1416.729,1,139.368,0,normal,0,nominal
2026-01-01 07:17:00,2,67.402,2.404,26.046,1,1,1261.576,1,121.091,0,normal,0,nominal
2026-01-01 07:17:00,3,48.563,2.281,30.879,1,1,1136.105,1,122.593,0,warning,1,leak_progression
2026-01-01 07:18:00,1,74.291,3.829,23.885,1,1,1402.448,1,142.822,0,normal,0,nominal
2026-01-01 07:18:00,2,68.051,2.682,26.09,1,1,1262.847,1,124.328,0,normal,0,nominal
2026-01-01 07:18:00,3,48.419,2.077,30.983,1,1,1137.63,1,120.048,0,warning,1,leak_progression
2026-01-01 07:19:00,1,74.019,3.625,23.451,1,1,1374.169,1,139.401,0,normal,0,nominal
2026-01-01 07:19:00,2,68.903,2.399,26.428,1,1,1267.55,1,121.258,0,normal,0,nominal
2026-01-01 07:19:00,3,49.665,1.976,30.791,1,1,1109.908,1,117.702,0,warning,1,leak_progression
2026-01-01 07:20:00,1,74.655,3.792,23.633,1,1,1392.847,1,142.031,0,normal,0,nominal
2026-01-01 07:20:00,2,67.16,2.529,26.297,1,1,1237.344,1,121.597,0,normal,0,nominal
2026-01-01 07:20:00,3,48.519,1.977,30.983,1,1,1111.465,1,117.773,0,warning,1,leak_progression
2026-01-01 07:21:00,1,73.97,3.368,23.664,1,1,1412.124,1,137.891,0,normal,0,nominal
2026-01-01 07:21:00,2,67.699,2.271,26.243,1,1,1230.469,1,118.369,0,normal,0,nominal
2026-01-01 07:21:00,3,48.595,1.713,30.847,1,1,1102.834,1,114.086,0,warning,1,leak_progression
2026-01-01 07:22:00,1,74.782,3.369,23.671,1,1,1411.002,1,137.866,0,normal,0,nominal
2026-01-01 07:22:00,2,68.984,2.665,26.639,1,1,1220.729,1,122.537,0,normal,0,nominal
2026-01-01 07:22:00,3,47.619,1.832,31.156,1,1,1100.544,1,115.512,0,warning,1,leak_progression
2026-01-01 07:23:00,1,74.734,3.428,23.928,1,1,1408.112,1,138.434,0,normal,0,nominal
2026-01-01 07:23:00,2,67.639,2.889,26.61,1,1,1246.893,1,126.107,0,normal,0,nominal
2026-01-01 07:23:00,3,48.5,1.854,31.303,1,1,1095.511,1,115.603,0,warning,1,leak_progression
2026-01-01 07:24:00,1,75.414,3.473,23.984,1,1,1403.173,1,138.761,0,normal,0,nominal
2026-01-01 07:24:00,2,67.032,2.826,26.444,1,1,1238.335,1,125.055,0,normal,0,nominal
2026-01-01 07:24:00,3,48.308,1.806,31.549,1,1,1099.477,1,115.141,0,warning,1,leak_progression
2026-01-01 07:25:00,1,74.926,3.697,24.08,1,1,1415.595,1,141.803,0,normal,0,nominal
2026-01-01 07:25:00,2,67.226,2.848,26.658,1,1,1236.161,1,125.228,0,normal,0,nominal
2026-01-01 07:25:00,3,47.862,1.705,31.523,1,1,1098.975,1,113.839,0,warning,1,leak_progression
2026-01-01 07:26:00,1,75.278,3.805,24.164,1,1,1411.344,1,142.888,0,normal,0,nominal
2026-01-01 07:26:00,2,67.268,3.165,26.277,1,1,1243.231,1,129.145,0,normal,0,nominal
2026-01-01 07:26:00,3,47.577,1.871,31.509,1,1,1113.544,1,116.509,0,warning,1,leak_progression
2026-01-01 07:27:00,1,75.997,3.802,24.02,1,1,1429.997,1,143.567,0,normal,0,nominal
2026-01-01 07:27:00,2,66.837,3.032,26.3,1,1,1243.167,1,127.607,0,normal,0,nominal
2026-01-01 07:27:00,3,47.64,2.252,31.488,1,1,1120.232,1,121.621,0,warning,1,leak_progression
2026-01-01 07:28:00,1,74.572,3.4,23.996,1,1,1420.935,1,138.595,0,normal,0,nominal
2026-01-01 07:28:00,2,66.062,2.64,26.463,1,1,1238.26,1,122.915,0,normal,0,nominal
2026-01-01 07:28:00,3,46.706,2.131,31.256,1,1,1117.552,1,119.97,0,warning,1,leak_progression
2026-01-01 07:29:00,1,72.931,3.413,23.998,1,1,1433.487,1,139.221,0,normal,0,nominal
2026-01-01 07:29:00,2,66.724,2.577,26.418,1,1,1224.356,1,121.664,0,normal,0,nominal
2026-01-01 07:29:00,3,47.679,1.991,31.284,1,1,1114.958,1,118.092,0,warning,1,leak_progression
2026-01-01 07:30:00,1,73.47,3.672,23.683,1,1,1417.286,1,141.581,0,normal,0,nominal
2026-01-01 07:30:00,2,66.292,2.97,26.394,1,1,1234.348,1,126.564,0,normal,0,nominal
2026-01-01 07:30:00,3,46.807,1.862,31.205,1,1,1103.156,1,116.001,0,warning,1,leak_progression
2026-01-01 07:31:00,1,73.6,3.529,23.512,1,1,1427.266,1,140.322,0,normal,0,nominal
2026-01-01 07:31:00,2,67.197,2.627,26.356,1,1,1232.786,1,122.551,0,normal,0,nominal
2026-01-01 07:31:00,3,47.826,1.885,31.48,1,1,1106.463,1,116.416,0,warning,1,leak_progression
2026-01-01 07:32:00,1,72.621,3.569,23.467,1,1,1438.833,1,141.217,0,normal,0,nominal
2026-01-01 07:32:00,2,68.061,2.762,26.52,1,1,1255.884,1,124.986,0,normal,0,nominal
2026-01-01 07:32:00,3,47.34,1.879,30.905,1,1,1109.948,1,116.476,0,warning,1,leak_progression
2026-01-01 07:33:00,1,73.92,3.728,23.865,1,1,1439.291,1,143.065,0,normal,0,nominal
2026-01-01 07:33:00,2,67.421,2.998,26.302,1,1,1254.562,1,127.646,0,normal,0,nominal
2026-01-01 07:33:00,3,48.617,2.066,31.121,1,1,1124.074,1,119.391,0,warning,1,leak_progression
2026-01-01 07:34:00,1,73.342,3.984,23.83,1,1,1446.401,1,146.281,0,normal,0,nominal
2026-01-01 07:34:00,2,67.745,3.332,25.987,1,1,1256.232,1,131.551,0,normal,0,nominal
2026-01-01 07:34:00,3,48.755,2.104,30.968,1,1,1116.534,1,119.584,0,warning,1,leak_progression
2026-01-01 07:35:00,1,73.062,4.005,24.035,1,1,1427.011,1,145.786,0,normal,0,nominal
2026-01-01 07:35:00,2,66.947,3.246,25.936,1,1,1269.468,1,131.074,0,normal,0,nominal
2026-01-01 07:35:00,3,48.307,2.124,30.855,1,1,1117.659,1,119.887,0,warning,1,leak_progression
2026-01-01 07:36:00,1,72.898,3.539,24.235,1,1,1447.517,1,141.202,0,normal,0,nominal
2026-01-01 07:36:00,2,67.237,3.266,25.967,1,1,1237.403,1,130.084,0,normal,0,nominal
2026-01-01 07:36:00,3,48.046,2.288,31.379,1,1,1117.338,1,121.96,0,warning,1,leak_progression
2026-01-01 07:37:00,1,73.694,3.426,23.714,1,1,1444.768,1,139.803,0,normal,0,nominal
2026-01-01 07:37:00,2,66.618,2.715,26.215,1,1,1257.573,1,124.506,0,normal,0,nominal
2026-01-01 07:37:00,3,46.311,1.97,31.397,1,1,1110.215,1,117.641,0,warning,1,leak_progression
2026-01-01 07:38:00,1,74.104,3.531,23.565,1,1,1411.805,1,139.755,0,normal,0,nominal
2026-01-01 07:38:00,2,66.334,3.129,26.455,1,1,1256.48,1,129.228,0,normal,0,nominal
2026-01-01 07:38:00,3,47.518,2.153,31.302,1,1,1086.427,1,119.068,0,warning,1,leak_progression
2026-01-01 07:39:00,1,73.624,3.955,23.652,1,1,1418.95,1,144.899,0,normal,0,nominal
2026-01-01 07:39:00,2,66.145,3.491,26.151,1,1,1231.978,1,132.46,0,normal,0,nominal
2026-01-01 07:39:00,3,48.319,2.153,30.994,1,1,1100.124,1,119.59,0,warning,1,leak_progression
2026-01-01 07:40:00,1,73.4,3.896,23.803,1,1,1394.595,1,143.3,0,normal,0,nominal
2026-01-01 07:40:00,2,66.906,3.636,26.256,1,1,1233.482,1,134.184,0,normal,0,nominal
2026-01-01 07:40:00,3,47.455,1.949,31.012,1,1,1120.533,1,117.77,0,warning,1,leak_progression
2026-01-01 07:41:00,1,73.157,3.969,23.748,1,1,1413.007,1,144.833,0,normal,0,nominal
2026-01-01 07:41:00,2,65.047,3.581,26.475,1,1,1255.091,1,134.369,0,normal,0,nominal
2026-01-01 07:41:00,3,47.97,2.011,30.826,1,1,1117.113,1,118.426,0,warning,1,leak_progression
2026-01-01 07:42:00,1,74.824,4.019,23.805,1,1,1420.951,1,145.71,0,normal,0,nominal
2026-01-01 07:42:00,2,65.936,3.259,26.523,1,1,1250.866,1,130.517,0,normal,0,nominal
2026-01-01 07:42:00,3,49.044,1.804,31.374,1,1,1132.674,1,116.38,0,warning,1,leak_progression
2026-01-01 07:43:00,1,73.947,3.838,23.573,1,1,1426.852,1,143.857,0,normal,0,nominal
2026-01-01 07:43:00,2,66.934,2.985,26.593,1,1,1248.79,1,127.276,0,normal,0,nominal
2026-01-01 07:43:00,3,48.083,2.219,31.425,1,1,1114.054,1,120.961,0,warning,1,leak_progression
2026-01-01 07:44:00,1,73.868,3.55,23.464,1,1,1431.295,1,140.717,0,normal,0,nominal
2026-01-01 07:44:00,2,66.928,3.193,26.613,1,1,1240.391,1,129.354,0,normal,0,nominal
2026-01-01 07:44:00,3,48.117,1.927,31.136,1,1,1123.891,1,117.62,0,warning,1,leak_progression
2026-01-01 07:45:00,1,73.176,3.65,23.77,1,1,1450.748,1,142.608,0,normal,0,nominal
2026-01-01 07:45:00,2,66.609,3.313,26.507,1,1,1225.577,1,130.17,0,normal,0,nominal
2026-01-01 07:45:00,3,47.471,1.974,31.284,1,1,1140.498,1,118.838,0,warning,1,leak_progression
2026-01-01 07:46:00,1,73.167,3.466,23.815,1,1,1427.358,1,139.603,0,normal,0,nominal
2026-01-01 07:46:00,2,67.938,2.738,26.984,1,1,1259.78,1,124.853,0,normal,0,nominal
2026-01-01 07:46:00,3,46.905,2.129,31.372,1,1,1111.828,1,119.724,0,warning,1,leak_progression
2026-01-01 07:47:00,1,72.454,3.415,23.246,1,1,1425.792,1,138.958,0,normal,0,nominal
2026-01-01 07:47:00,2,67.316,2.825,27.079,1,1,1250.716,1,125.516,0,normal,0,nominal
2026-01-01 07:47:00,3,47.211,1.958,31.464,1,1,1096.831,1,116.985,0,warning,1,leak_progression
2026-01-01 07:48:00,1,72.234,3.366,23.481,1,1,1440.598,1,138.95,0,normal,0,nominal
2026-01-01 07:48:00,2,66.229,3.056,27.073,1,1,1236.774,1,127.637,0,normal,0,nominal
2026-01-01 07:48:00,3,48.233,1.962,31.334,1,1,1095.179,1,116.97,0,warning,1,leak_progression
2026-01-01 07:49:00,1,72.638,3.385,23.696,1,1,1438.459,1,139.087,0,normal,0,nominal
2026-01-01 07:49:00,2,65.824,3.19,26.608,1,1,1230.556,1,128.947,0,normal,0,nominal
2026-01-01 07:49:00,3,46.692,1.926,31.387,1,1,1120.094,1,117.461,0,warning,1,leak_progression
2026-01-01 07:50:00,1,73.052,3.628,23.735,1,1,1415.363,1,141.008,0,normal,0,nominal
2026-01-01 07:50:00,2,65.895,2.92,26.139,1,1,1235.814,1,126.042,0,normal,0,nominal
2026-01-01 07:50:00,3,48.458,2.106,31.657,1,1,1116.703,1,119.625,0,warning,1,leak_progression
2026-01-01 07:51:00,1,72.816,3.91,23.773,1,1,1421.392,1,144.474,0,normal,0,nominal
2026-01-01 07:51:00,2,66.786,2.448,26.32,1,1,1238.529,1,120.721,0,normal,0,nominal
2026-01-01 07:51:00,3,46.642,2.214,31.545,1,1,1125.057,1,121.312,0,warning,1,leak_progression
2026-01-01 07:52:00,1,73.528,4.078,23.741,1,1,1447.397,1,147.4,0,normal,0,nominal
2026-01-01 07:52:00,2,66.671,2.799,26.261,1,1,1253.881,1,125.335,0,normal,0,nominal
2026-01-01 07:52:00,3,47.353,1.927,31.41,1,1,1109.201,1,117.051,0,warning,1,leak_progression
2026-01-01 07:53:00,1,72.238,3.621,23.756,1,1,1441.354,1,141.91,0,normal,0,nominal
2026-01-01 07:53:00,2,68.017,3.164,26.371,1,1,1250.211,1,129.395,0,normal,0,nominal
2026-01-01 07:53:00,3,47.418,1.958,31.299,1,1,1115.69,1,117.693,0,warning,1,leak_progression
2026-01-01 07:54:00,1,72.856,3.357,23.646,1,1,1432.527,1,138.542,0,normal,0,nominal
2026-01-01 07:54:00,2,67.943,3.067,26.103,1,1,1262.584,1,128.748,0,normal,0,nominal
2026-01-01 07:54:00,3,47.799,1.829,31.298,1,1,1098.135,1,115.393,0,warning,1,leak_progression
2026-01-01 07:55:00,1,73.689,3.439,23.293,1,1,1434.699,1,139.569,0,normal,0,nominal
2026-01-01 07:55:00,2,68.359,3.281,25.752,1,1,1249.199,1,130.703,0,normal,0,nominal
2026-01-01 07:55:00,3,46.507,2.138,31.196,1,1,1103.57,1,119.528,0,warning,1,leak_progression
2026-01-01 07:56:00,1,73.774,3.689,23.857,1,1,1435.99,1,142.486,0,normal,0,nominal
2026-01-01 07:56:00,2,66.381,2.793,26.197,1,1,1244.531,1,124.909,0,normal,0,nominal
2026-01-01 07:56:00,3,47.189,2.086,31.241,1,1,1104.318,1,118.893,0,warning,1,leak_progression
2026-01-01 07:57:00,1,73.348,3.845,24.168,1,1,1448.59,1,144.768,0,normal,0,nominal
2026-01-01 07:57:00,2,66.004,2.091,25.788,1,1,1266.598,1,117.677,0,normal,0,nominal
2026-01-01 07:57:00,3,47.6,2.112,31.303,1,1,1125.78,1,120.036,0,warning,1,leak_progression
2026-01-01 07:58:00,1,73.055,3.85,24.15,1,1,1445.445,1,144.708,0,normal,0,nominal
2026-01-01 07:58:00,2,67.771,2.159,25.652,1,1,1262.394,1,118.295,0,normal,0,nominal
2026-01-01 07:58:00,3,46.66,2.086,31.283,1,1,1116.194,1,119.351,0,warning,1,leak_progression
2026-01-01 07:59:00,1,74.793,3.914,23.838,1,1,1420.965,1,144.509,0,normal,0,nominal
2026-01-01 07:59:00,2,67.295,3.163,25.637,1,1,1234.944,1,128.802,0,normal,0,nominal
2026-01-01 07:59:00,3,47.171,2.064,31.344,1,1,1121.038,1,119.256,0,warning,1,leak_progression
