scenario_id,leak_exists,leak_start_time,leak_orifice_d_mm,leak_position_m,leak_onset_type,leak_onset_duration_s,pipe_length_m,pipe_diameter_m,pipe_roughness_m,fluid,P_inlet_Pa,P_outlet_Pa,demand_amplitude,sensor_P_noise_Pa,sensor_Q_noise,duration_s,notes
normal_0232,0,,,,,,10000.0,0.508,4.6e-05,crude_oil,19672733.678923346,3649986.4766505244,0.04831284274576936,24164.333530619384,0.008542682479664646,1800.0,Normal operation with demand variation
leak_large_0036,1,855.046986316522,29.75,6693.7,sudden,0.0,10000.0,0.508,4.6e-05,crude_oil,2457446.305902445,1957446.3059024452,0.06539281780411443,30756.389790008474,0.0064739378296076126,1800.0,"large sudden leak at 6694 m, d=29.8 mm, start=855 s"
leak_medium_0138,1,266.6057149123872,14.39,5351.4,sudden,0.0,10000.0,0.508,4.6e-05,crude_oil,17407429.53524194,2027604.5819663275,0.034747080589935406,34919.04480948571,0.0032729419767237823,1800.0,"medium sudden leak at 5351 m, d=14.4 mm, start=267 s"
normal_0210,0,,,,,,10000.0,0.508,4.6e-05,crude_oil,1946807.9781064135,1157861.2239407008,0.02743062091660225,12908.036253679411,0.009202224796923276,1800.0,Normal operation with demand variation
leak_medium_0140,1,851.81417386448,14.25,2309.5,ramp,141.6728478790793,10000.0,0.508,4.6e-05,crude_oil,11436459.257297643,2358252.6228125715,0.03339935528971643,20499.97698123918,0.007738485749651234,1800.0,"medium ramp leak at 2309 m, d=14.3 mm, start=852 s"
normal_0246,0,,,,,,10000.0,0.508,4.6e-05,crude_oil,17219540.39560949,3079253.52955043,0.061030681060044584,18114.102381474368,0.004973690078636272,1800.0,Normal operation with demand variation
leak_medium_0060,1,629.5408164844034,11.85,7613.6,sudden,0.0,10000.0,0.508,4.6e-05,crude_oil,19278138.093629416,2479390.7143817553,0.06611101955593865,10932.525400240911,0.00778347198953537,1800.0,"medium sudden leak at 7614 m, d=11.9 mm, start=630 s"
normal_0165,0,,,,,,10000.0,0.508,4.6e-05,crude_oil,1219739.956790677,719739.956790677,0.029323827155436535,23285.545636957075,0.002574377138880367,1800.0,Normal operation with demand variation
normal_0245,0,,,,,,10000.0,0.508,4.6e-05,crude_oil,24233125.623102546,2507331.5523647876,0.07735163205133552,23956.374146907194,0.003759947514618091,1800.0,Normal operation with demand variation
leak_large_0059,1,490.237126135814,18.23,2369.6,sudden,0.0,10000.0,0.508,4.6e-05,crude_oil,1826519.3042095476,851910.9008453819,0.029446856519911496,38070.50918194128,0.008385346331178475,1800.0,"large sudden leak at 2370 m, d=18.2 mm, start=490 s"
normal_0059,0,,,,,,10000.0,0.508,4.6e-05,crude_oil,8671666.688477669,1605937.1130663445,0.058072415897107835,38776.27818533727,0.008015704972599324,1800.0,Normal operation with demand variation
leak_medium_0109,1,628.6213853785592,11.95,4384.3,sudden,0.0,10000.0,0.508,4.6e-05,crude_oil,24127369.011811264,3753154.337698119,0.04980426684308385,16340.193797859349,0.0098243419232451,1800.0,"medium sudden leak at 4384 m, d=11.9 mm, start=629 s"
normal_0176,0,,,,,,10000.0,0.508,4.6e-05,crude_oil,18940719.74168467,4336058.943457132,0.05561093554653153,20344.937781965134,0.005370241021466037,1800.0,Normal operation with demand variation
normal_0077,0,,,,,,10000.0,0.508,4.6e-05,crude_oil,16311086.930262199,2070050.2519409421,0.07729390351134846,32605.136890007736,0.00904828841534296,1800.0,Normal operation with demand variation
normal_0202,0,,,,,,10000.0,0.508,4.6e-05,crude_oil,2050918.385659334,1550918.385659334,0.05441844012774254,21302.058346256403,0.008614098879159576,1800.0,Normal operation with demand variation
normal_0248,0,,,,,,10000.0,0.508,4.6e-05,crude_oil,29170879.647217624,4153126.739402426,0.04590086487062148,22432.818133244225,0.006202265308581466,1800.0,Normal operation with demand variation
normal_0051,0,,,,,,10000.0,0.508,4.6e-05,crude_oil,9916030.096626999,1074469.3953957176,0.038452104345247165,18340.663198024413,0.007624267725591141,1800.0,Normal operation with demand variation
normal_0196,0,,,,,,10000.0,0.508,4.6e-05,crude_oil,31785741.483534656,4684291.5178114055,0.045745932288155405,23751.288734845377,0.0027422836330139155,1800.0,Normal operation with demand variation
normal_0071,0,,,,,,10000.0,0.508,4.6e-05,crude_oil,21217920.298607565,2456155.1702530673,0.03768531159216578,10544.816317430921,0.00676571019748582,1800.0,Normal operation with demand variation
normal_0230,0,,,,,,10000.0,0.508,4.6e-05,crude_oil,34482335.97479095,4295624.397166163,0.07958593176305816,32337.392785541007,0.005622961325696145,1800.0,Normal operation with demand variation
normal_0103,0,,,,,,10000.0,0.508,4.6e-05,crude_oil,30180586.10516476,4966359.600761688,0.04692377043207503,39267.86937485199,0.00898287167019343,1800.0,Normal operation with demand variation
leak_medium_0111,1,501.9832547449454,10.16,3637.6,sudden,0.0,10000.0,0.508,4.6e-05,crude_oil,19465966.901175078,3292652.471049805,0.058315471779832484,28685.528975685243,0.008795694549153289,1800.0,"medium sudden leak at 3638 m, d=10.2 mm, start=502 s"
leak_small_0218,1,791.0031573292586,5.4,6158.6,exponential,124.33703477224788,10000.0,0.508,4.6e-05,crude_oil,26711797.776483048,4286057.372320583,0.03673165749429212,24987.26135075317,0.00617189690255349,1800.0,"small exponential leak at 6159 m, d=5.4 mm, start=791 s"
normal_0040,0,,,,,,10000.0,0.508,4.6e-05,crude_oil,16451302.546650497,4811085.587453333,0.06198655667534396,14453.169697601741,0.0060668219075755364,1800.0,Normal operation with demand variation
normal_0140,0,,,,,,10000.0,0.508,4.6e-05,crude_oil,15757910.864370905,3315548.0296874656,0.03278449606394014,39822.33317357136,0.0023091544786150767,1800.0,Normal operation with demand variation
leak_large_0010,1,642.618639279744,29.34,4765.9,exponential,278.03944606654966,10000.0,0.508,4.6e-05,crude_oil,17853645.62168222,3118295.7471782807,0.031058600125391442,37728.41151037182,0.008117793753134064,1800.0,"large exponential leak at 4766 m, d=29.3 mm, start=643 s"
normal_0127,0,,,,,,10000.0,0.508,4.6e-05,crude_oil,16828087.704309765,2622569.4163370803,0.04608558480854277,15066.191248381443,0.009493357534921013,1800.0,Normal operation with demand variation
leak_medium_0202,1,207.52232060357335,9.08,2166.0,exponential,66.22557743285176,10000.0,0.508,4.6e-05,crude_oil,4117012.4502393315,3617012.4502393315,0.0435651135932722,25063.983659038935,0.005454784009077579,1800.0,"medium exponential leak at 2166 m, d=9.1 mm, start=208 s"
normal_0022,0,,,,,,10000.0,0.508,4.6e-05,crude_oil,10366623.62997581,3238042.8407303393,0.02399353141731069,34739.92571369024,0.004482677391392595,1800.0,Normal operation with demand variation
leak_small_0142,1,613.0566253256253,6.15,7558.3,exponential,237.00942860671722,10000.0,0.508,4.6e-05,crude_oil,3457613.0042572804,2776323.589222357,0.03728492437613845,15152.594382052619,0.006897199005676114,1800.0,"small exponential leak at 7558 m, d=6.2 mm, start=613 s"
leak_large_0128,1,339.03276109166893,21.68,4885.4,sudden,0.0,10000.0,0.508,4.6e-05,crude_oil,18403006.43666528,4509475.199029369,0.06170230326859509,16750.708890539572,0.004244193643315916,1800.0,"large sudden leak at 4885 m, d=21.7 mm, start=339 s"
leak_medium_0227,1,727.6516071200039,15.65,6102.3,exponential,109.73464698308275,10000.0,0.508,4.6e-05,crude_oil,20069071.834722064,2599691.2026408236,0.04969374886361261,34384.05674277548,0.0038048736338547537,1800.0,"medium exponential leak at 6102 m, d=15.7 mm, start=728 s"
normal_0219,0,,,,,,10000.0,0.508,4.6e-05,crude_oil,9632066.84717787,2689948.7250938867,0.07473232042452058,37074.699022687564,0.008632700666687223,1800.0,Normal operation with demand variation
leak_large_0223,1,811.7336359376201,23.33,3040.0,ramp,104.44417957688988,10000.0,0.508,4.6e-05,crude_oil,4893327.638797513,3451338.39029002,0.037765275119275875,23884.63403671707,0.007645904433937861,1800.0,"large ramp leak at 3040 m, d=23.3 mm, start=812 s"
leak_small_0118,1,330.7916422989074,6.54,5830.0,sudden,0.0,10000.0,0.508,4.6e-05,crude_oil,28370702.41180602,3618118.9750107736,0.07496790127460161,37279.03946920812,0.00796755484748652,1800.0,"small sudden leak at 5830 m, d=6.5 mm, start=331 s"
normal_0010,0,,,,,,10000.0,0.508,4.6e-05,crude_oil,34860753.887857735,4018120.345828279,0.05504587813476414,22474.222065118287,0.00233291339089514,1800.0,Normal operation with demand variation
normal_0209,0,,,,,,10000.0,0.508,4.6e-05,crude_oil,28214472.080032777,3445570.917065164,0.07591666215379977,22507.376101562335,0.006299500586831813,1800.0,Normal operation with demand variation
normal_0096,0,,,,,,10000.0,0.508,4.6e-05,crude_oil,15743359.011830512,1347112.5019282885,0.03155544939385459,28590.055779095845,0.009463206259306026,1800.0,Normal operation with demand variation
leak_medium_0015,1,570.0517715975244,8.14,3158.0,ramp,64.79689926102829,10000.0,0.508,4.6e-05,crude_oil,21564487.18066182,3079546.2142015686,0.0603996984441173,14865.398048313538,0.0046590170802893165,1800.0,"medium ramp leak at 3158 m, d=8.1 mm, start=570 s"
leak_medium_0005,1,593.1686174577102,11.65,3700.8,ramp,79.49590370477588,10000.0,0.508,4.6e-05,crude_oil,18363810.880567066,2049589.2406696747,0.07484120379687871,13022.845633641191,0.006737429948045355,1800.0,"medium ramp leak at 3701 m, d=11.7 mm, start=593 s"
normal_0119,0,,,,,,10000.0,0.508,4.6e-05,crude_oil,8968101.493049715,3841959.387188813,0.0784650273865308,36142.27260223642,0.007073875471733827,1800.0,Normal operation with demand variation
normal_0041,0,,,,,,10000.0,0.508,4.6e-05,crude_oil,1536378.4394910615,732576.3910411532,0.05665925282219769,22263.493282860913,0.0037410282135756957,1800.0,Normal operation with demand variation
leak_large_0020,1,480.0269542193736,20.53,7569.4,exponential,30.976386091934053,10000.0,0.508,4.6e-05,crude_oil,3213725.4795479346,2259412.1927754893,0.05330061475639432,37953.838586589496,0.008092061982559174,1800.0,"large exponential leak at 7569 m, d=20.5 mm, start=480 s"
normal_0047,0,,,,,,10000.0,0.508,4.6e-05,crude_oil,23390697.308817133,4966125.825141953,0.043554362950515194,23013.370819677788,0.0057546154735232105,1800.0,Normal operation with demand variation
leak_large_0244,1,630.1546485484793,22.98,7043.5,exponential,151.35343333877836,10000.0,0.508,4.6e-05,crude_oil,19941588.209221266,2083790.2483833083,0.02944067232910972,19341.623100101344,0.0070426670966290475,1800.0,"large exponential leak at 7043 m, d=23.0 mm, start=630 s"
leak_medium_0159,1,740.9546918887442,8.1,3427.9,exponential,53.21972234143727,10000.0,0.508,4.6e-05,crude_oil,25392849.64876755,3590675.7154900506,0.03533766463814538,34871.147672550476,0.0037529333926770766,1800.0,"medium exponential leak at 3428 m, d=8.1 mm, start=741 s"
normal_0216,0,,,,,,10000.0,0.508,4.6e-05,crude_oil,29983456.3143366,4203770.321078448,0.05651958515760702,11528.322670090669,0.009386421522063029,1800.0,Normal operation with demand variation
normal_0171,0,,,,,,10000.0,0.508,4.6e-05,crude_oil,31142092.808338344,3284406.2811996727,0.06398746847357271,16587.38776606274,0.0057113782888804,1800.0,Normal operation with demand variation
leak_medium_0098,1,279.43541126549906,13.24,3120.5,ramp,93.95236284436777,10000.0,0.508,4.6e-05,crude_oil,10570200.156484578,3325699.7565796445,0.020134112284843828,15409.343379855312,0.006908751501728888,1800.0,"medium ramp leak at 3120 m, d=13.2 mm, start=279 s"
normal_0143,0,,,,,,10000.0,0.508,4.6e-05,crude_oil,17894297.075080648,4286211.566690548,0.035961852357299914,14051.142881687083,0.00955038694482969,1800.0,Normal operation with demand variation
leak_small_0044,1,750.2567348374365,4.99,6594.4,exponential,138.45866938567013,10000.0,0.508,4.6e-05,crude_oil,23372015.493375972,2573709.292520218,0.038423114957750526,21610.51346872551,0.008560837958269583,1800.0,"small exponential leak at 6594 m, d=5.0 mm, start=750 s"
leak_large_0120,1,466.0803966287094,22.15,5864.5,sudden,0.0,10000.0,0.508,4.6e-05,crude_oil,25847803.708693974,4762397.069299102,0.07531786005219256,18174.65776351597,0.007270534134539367,1800.0,"large sudden leak at 5865 m, d=22.2 mm, start=466 s"
normal_0136,0,,,,,,10000.0,0.508,4.6e-05,crude_oil,30992108.083950434,1784039.0014836476,0.04965887201207707,26564.881099132814,0.008692904328261544,1800.0,Normal operation with demand variation
leak_medium_0115,1,795.2593449903814,9.6,6362.1,ramp,137.98683238822252,10000.0,0.508,4.6e-05,crude_oil,37273496.50145487,1662964.031050752,0.07981456547660243,23592.463624294818,0.008852601417193524,1800.0,"medium ramp leak at 6362 m, d=9.6 mm, start=795 s"
leak_medium_0072,1,505.99565648122893,17.8,3503.7,ramp,53.68920143231158,10000.0,0.508,4.6e-05,crude_oil,13383934.900866248,1552417.6514475474,0.029694717462291315,15171.016796927419,0.009438146001080585,1800.0,"medium ramp leak at 3504 m, d=17.8 mm, start=506 s"
leak_medium_0180,1,673.9542033462347,17.86,7898.0,exponential,58.11861342819683,10000.0,0.508,4.6e-05,crude_oil,4294697.959298257,849450.0706635226,0.052178637315497475,35179.10716203261,0.0024609877723764527,1800.0,"medium exponential leak at 7898 m, d=17.9 mm, start=674 s"
normal_0055,0,,,,,,10000.0,0.508,4.6e-05,crude_oil,15486984.723138513,1882488.018900953,0.06642324096509758,34026.14776319896,0.002391709678586234,1800.0,Normal operation with demand variation
leak_large_0173,1,574.6029190866955,27.23,7462.5,sudden,0.0,10000.0,0.508,4.6e-05,crude_oil,22911331.233595483,3546146.242755432,0.058016227156511654,27234.02977814075,0.005799979605714991,1800.0,"large sudden leak at 7462 m, d=27.2 mm, start=575 s"
leak_small_0189,1,598.6130229304677,4.17,6924.7,sudden,0.0,10000.0,0.508,4.6e-05,crude_oil,13674065.746467732,2386826.080840846,0.03316840575368545,39845.84210915827,0.008908800558833235,1800.0,"small sudden leak at 6925 m, d=4.2 mm, start=599 s"
normal_0095,0,,,,,,10000.0,0.508,4.6e-05,crude_oil,13859613.740960548,2229947.1646751296,0.07163419515766256,20083.89905588121,0.008380086685446021,1800.0,Normal operation with demand variation
normal_0016,0,,,,,,10000.0,0.508,4.6e-05,crude_oil,33601596.4211809,2807802.051057985,0.03574763095537188,13682.737972344581,0.008648901376999248,1800.0,Normal operation with demand variation
leak_medium_0226,1,839.9951713409287,14.92,2654.5,ramp,191.76940044868104,10000.0,0.508,4.6e-05,crude_oil,18412388.046547037,3347371.1298249913,0.024808832592232502,21849.88930517689,0.0057336528806567364,1800.0,"medium ramp leak at 2655 m, d=14.9 mm, start=840 s"
leak_medium_0242,1,858.3352372281907,9.01,4116.9,exponential,269.2132805350253,10000.0,0.508,4.6e-05,crude_oil,19350862.411039177,3890682.7596355346,0.07350210867351224,29815.958991556305,0.009101688696335881,1800.0,"medium exponential leak at 4117 m, d=9.0 mm, start=858 s"
normal_0035,0,,,,,,10000.0,0.508,4.6e-05,crude_oil,4988138.631350292,4270131.588918158,0.02638517191228297,29503.750466763908,0.002723525815873062,1800.0,Normal operation with demand variation
leak_medium_0213,1,505.6173302987052,16.11,3869.6,sudden,0.0,10000.0,0.508,4.6e-05,crude_oil,9553996.662320731,2600164.0025048424,0.04618153684595385,26951.48338756393,0.0031674854942536053,1800.0,"medium sudden leak at 3870 m, d=16.1 mm, start=506 s"
normal_0161,0,,,,,,10000.0,0.508,4.6e-05,crude_oil,22560931.477128528,4474055.669904295,0.03721354481380729,27473.342246181324,0.009948180185166744,1800.0,Normal operation with demand variation
normal_0078,0,,,,,,10000.0,0.508,4.6e-05,crude_oil,9857661.348710872,2566036.904099537,0.022710387019365584,29575.5760225799,0.005964052453028948,1800.0,Normal operation with demand variation
leak_large_0167,1,566.774751115464,18.97,2606.9,exponential,156.38305299301015,10000.0,0.508,4.6e-05,crude_oil,8235281.098232773,1764702.7114077113,0.0267629639796716,20875.56645411207,0.0033479417544432354,1800.0,"large exponential leak at 2607 m, d=19.0 mm, start=567 s"
normal_0180,0,,,,,,10000.0,0.508,4.6e-05,crude_oil,30827280.609198667,2478205.807495664,0.05184339746361405,19042.01910160557,0.0022485568005587197,1800.0,Normal operation with demand variation
normal_0004,0,,,,,,10000.0,0.508,4.6e-05,crude_oil,17883281.039302442,3888734.263912414,0.02044173618506033,31154.961358790053,0.008245832248175744,1800.0,Normal operation with demand variation
normal_0188,0,,,,,,10000.0,0.508,4.6e-05,crude_oil,19251026.319923066,4577941.067206898,0.04555825788877095,22532.29859088519,0.004058978504441169,1800.0,Normal operation with demand variation
normal_0120,0,,,,,,10000.0,0.508,4.6e-05,crude_oil,15358988.860073589,3371102.6295124637,0.022423953730529793,37089.6746021841,0.0023609179656742282,1800.0,Normal operation with demand variation
leak_medium_0220,1,288.6622238371618,14.54,4021.7,ramp,222.72848783471568,10000.0,0.508,4.6e-05,crude_oil,16842870.6223489,4462888.592731802,0.03498948041910908,25276.278692308617,0.005755916253598881,1800.0,"medium ramp leak at 4022 m, d=14.5 mm, start=289 s"
leak_medium_0026,1,199.06495293957371,16.42,4875.3,exponential,284.4775010963478,10000.0,0.508,4.6e-05,crude_oil,21284766.302049182,2973692.195484992,0.04116469231149761,24746.973020109966,0.005895856658439962,1800.0,"medium exponential leak at 4875 m, d=16.4 mm, start=199 s"
leak_small_0183,1,835.842923805534,4.44,2480.1,sudden,0.0,10000.0,0.508,4.6e-05,crude_oil,37592456.15390394,4885946.597944269,0.06558036223927977,28284.66661268557,0.0031429569483268594,1800.0,"small sudden leak at 2480 m, d=4.4 mm, start=836 s"
normal_0236,0,,,,,,10000.0,0.508,4.6e-05,crude_oil,27943168.025347345,3261124.843537107,0.053389165430647645,20658.446186583307,0.005282730871192333,1800.0,Normal operation with demand variation
leak_medium_0053,1,550.7565995323963,15.83,5829.7,exponential,259.77998654185967,10000.0,0.508,4.6e-05,crude_oil,19390351.12228097,4069682.7387638586,0.07953483243879494,34970.99075395003,0.007842126098240372,1800.0,"medium exponential leak at 5830 m, d=15.8 mm, start=551 s"
normal_0108,0,,,,,,10000.0,0.508,4.6e-05,crude_oil,8552704.095012276,2072108.8705061625,0.0323234178603444,12994.931715303706,0.002859223650308618,1800.0,Normal operation with demand variation
normal_0229,0,,,,,,10000.0,0.508,4.6e-05,crude_oil,19285929.182509165,3125405.6921101715,0.031902977796891684,27246.07126083203,0.00890341099963863,1800.0,Normal operation with demand variation
leak_medium_0229,1,514.978081656357,12.39,6544.2,sudden,0.0,10000.0,0.508,4.6e-05,crude_oil,24539667.17146887,4531846.719151477,0.07950620805516223,11362.922643362826,0.008322516077952227,1800.0,"medium sudden leak at 6544 m, d=12.4 mm, start=515 s"
leak_small_0079,1,525.0768352532996,7.12,5112.6,exponential,245.5766915160363,10000.0,0.508,4.6e-05,crude_oil,22678573.756338112,2437564.607270413,0.03907907027699075,33946.3552591521,0.009096312162644421,1800.0,"small exponential leak at 5113 m, d=7.1 mm, start=525 s"
normal_0241,0,,,,,,10000.0,0.508,4.6e-05,crude_oil,25635379.89906138,4139316.960649507,0.050842891762331886,13508.416992676248,0.0028265828616679334,1800.0,Normal operation with demand variation
leak_large_0187,1,443.6763010561853,22.46,3043.9,exponential,72.77170263090005,10000.0,0.508,4.6e-05,crude_oil,15746931.200331518,3876535.098593319,0.06762793865898577,20522.018552298352,0.00528040410636782,1800.0,"large exponential leak at 3044 m, d=22.5 mm, start=444 s"
normal_0113,0,,,,,,10000.0,0.508,4.6e-05,crude_oil,13626724.105748571,3266618.6274202815,0.07565029157750297,11577.279709691662,0.00956415912817525,1800.0,Normal operation with demand variation
normal_0203,0,,,,,,10000.0,0.508,4.6e-05,crude_oil,23682364.402829,2793500.622248652,0.030219145286709735,18641.79906166422,0.007789962321534703,1800.0,Normal operation with demand variation
normal_0200,0,,,,,,10000.0,0.508,4.6e-05,crude_oil,34834539.620455034,3150740.667185325,0.03947862002662002,27945.036401223242,0.009184960644008755,1800.0,Normal operation with demand variation
normal_0101,0,,,,,,10000.0,0.508,4.6e-05,crude_oil,27184011.031512324,2014023.071874915,0.05233650597585121,21834.445538162632,0.007902380448850983,1800.0,Normal operation with demand variation
leak_medium_0028,1,377.97902916272386,9.02,7664.9,ramp,37.07440073070414,10000.0,0.508,4.6e-05,crude_oil,1342230.5640735726,699876.9929769598,0.062460854604804605,35406.22609341738,0.005252017630136883,1800.0,"medium ramp leak at 7665 m, d=9.0 mm, start=378 s"
leak_small_0205,1,322.39232759395054,6.77,5317.2,ramp,258.0771156278885,10000.0,0.508,4.6e-05,crude_oil,11486264.233595189,3187722.9365295144,0.056975722099434176,21236.484437663486,0.0025206210174201268,1800.0,"small ramp leak at 5317 m, d=6.8 mm, start=322 s"
leak_medium_0016,1,897.1313436738196,11.19,3038.1,ramp,47.18916911609318,10000.0,0.508,4.6e-05,crude_oil,24439471.258625966,2993784.675825324,0.022577457642538674,35291.74722897254,0.002454541427199851,1800.0,"medium ramp leak at 3038 m, d=11.2 mm, start=897 s"
normal_0247,0,,,,,,10000.0,0.508,4.6e-05,crude_oil,19382383.570875734,2358746.9272676934,0.03395318091222055,21294.083032190978,0.005041884671194436,1800.0,Normal operation with demand variation
normal_0049,0,,,,,,10000.0,0.508,4.6e-05,crude_oil,21702032.55351355,4170160.566638352,0.05237164611570072,24477.17525761882,0.008149020715675033,1800.0,Normal operation with demand variation
normal_0237,0,,,,,,10000.0,0.508,4.6e-05,crude_oil,26776623.17012479,2877099.758959126,0.03792554423735794,18161.35567533008,0.005680299879225701,1800.0,Normal operation with demand variation
leak_small_0160,1,324.86723865062845,4.1,6090.9,exponential,133.7361608652131,10000.0,0.508,4.6e-05,crude_oil,12555309.061899152,3790545.7862343118,0.07870221333334859,22349.329506631708,0.00449744058085437,1800.0,"small exponential leak at 6091 m, d=4.1 mm, start=325 s"
leak_small_0204,1,533.9589043089568,5.59,6802.3,sudden,0.0,10000.0,0.508,4.6e-05,crude_oil,1731955.7341074748,1231955.7341074748,0.041463900524944086,15756.828163762224,0.0022644736043609176,1800.0,"small sudden leak at 6802 m, d=5.6 mm, start=534 s"
normal_0109,0,,,,,,10000.0,0.508,4.6e-05,crude_oil,16523823.179302663,3262814.544813677,0.0798006326911492,19718.100068129083,0.009589163989701128,1800.0,Normal operation with demand variation
leak_medium_0119,1,572.3219907825747,16.03,7544.7,ramp,142.0825648652605,10000.0,0.508,4.6e-05,crude_oil,15791385.153436106,1857774.846510828,0.04659067923471727,13324.131850979178,0.0035733826103063705,1800.0,"medium ramp leak at 7545 m, d=16.0 mm, start=572 s"
normal_0178,0,,,,,,10000.0,0.508,4.6e-05,crude_oil,16467432.332076525,2677000.406495766,0.04715047589146304,24393.9550826546,0.00982436596630384,1800.0,Normal operation with demand variation
normal_0075,0,,,,,,10000.0,0.508,4.6e-05,crude_oil,16046150.968047753,4663906.51807314,0.02599174862964377,10694.202837458393,0.009833797069658238,1800.0,Normal operation with demand variation
leak_large_0199,1,743.6415988470985,20.7,7124.9,ramp,261.454938444268,10000.0,0.508,4.6e-05,crude_oil,18762807.443485312,3532371.8397823414,0.06913063309654648,27075.20280216329,0.0032514306242669216,1800.0,"large ramp leak at 7125 m, d=20.7 mm, start=744 s"
normal_0141,0,,,,,,10000.0,0.508,4.6e-05,crude_oil,26157546.065975692,2883321.2881561304,0.03133018522853834,24382.512244176734,0.008894515342528112,1800.0,Normal operation with demand variation
leak_small_0176,1,500.3285889361188,7.93,7300.3,ramp,189.5089121321344,10000.0,0.508,4.6e-05,crude_oil,15481085.28016668,3469460.6856522597,0.0670370948123337,16826.466064584645,0.006643254689443362,1800.0,"small ramp leak at 7300 m, d=7.9 mm, start=500 s"
normal_0069,0,,,,,,10000.0,0.508,4.6e-05,crude_oil,2385914.621628724,532089.9481157431,0.06248547414101527,36700.58371353087,0.006750644384227581,1800.0,Normal operation with demand variation
leak_medium_0136,1,784.7525478219756,14.81,7516.8,ramp,267.3606318338924,10000.0,0.508,4.6e-05,crude_oil,22018817.204145912,2909937.6899767895,0.032261941624951815,18737.898001430243,0.006052358226584043,1800.0,"medium ramp leak at 7517 m, d=14.8 mm, start=785 s"
leak_medium_0228,1,795.8244008695691,10.2,5335.8,exponential,97.37111468255853,10000.0,0.508,4.6e-05,crude_oil,12908315.662581837,1820647.9405794921,0.04832233676319466,31386.151659010276,0.0037997459823658026,1800.0,"medium exponential leak at 5336 m, d=10.2 mm, start=796 s"
normal_0034,0,,,,,,10000.0,0.508,4.6e-05,crude_oil,13882579.999692207,3058289.0953163467,0.06952397067177926,23269.423812036795,0.004415419131539933,1800.0,Normal operation with demand variation
normal_0132,0,,,,,,10000.0,0.508,4.6e-05,crude_oil,9976669.822546395,1873988.3606753973,0.06563276136379201,20730.47894577923,0.005827239408693424,1800.0,Normal operation with demand variation
leak_medium_0021,1,764.5465102950617,11.93,3645.5,sudden,0.0,10000.0,0.508,4.6e-05,crude_oil,1437949.3028032607,570366.0142961751,0.06743892839602969,32437.04806444526,0.004838415353100792,1800.0,"medium sudden leak at 3645 m, d=11.9 mm, start=765 s"
normal_0137,0,,,,,,10000.0,0.508,4.6e-05,crude_oil,36021879.27390751,4981884.747673037,0.038860876557794286,28188.98194578147,0.009510442833656308,1800.0,Normal operation with demand variation
leak_small_0234,1,345.4066991612115,6.9,7252.6,exponential,152.17726762052274,10000.0,0.508,4.6e-05,crude_oil,25461888.934377294,3458282.821155362,0.07180951505379307,12356.348914973718,0.0032794207349474505,1800.0,"small exponential leak at 7253 m, d=6.9 mm, start=345 s"
leak_large_0231,1,286.8789973312639,18.53,6718.3,ramp,78.43000585693002,10000.0,0.508,4.6e-05,crude_oil,18740907.13258736,3552346.612051749,0.05475559322998545,11221.99794416488,0.009542326113021297,1800.0,"large ramp leak at 6718 m, d=18.5 mm, start=287 s"
normal_0072,0,,,,,,10000.0,0.508,4.6e-05,crude_oil,28297638.58530377,3637695.466323964,0.06065724581598764,32752.667115542623,0.0098673366079435,1800.0,Normal operation with demand variation
leak_small_0216,1,703.5469172437971,3.7,2212.3,ramp,86.74459387292416,10000.0,0.508,4.6e-05,crude_oil,8543102.758607073,3113287.1006502346,0.024477777870158705,10842.100357418709,0.005690526013848238,1800.0,"small ramp leak at 2212 m, d=3.7 mm, start=704 s"
normal_0002,0,,,,,,10000.0,0.508,4.6e-05,crude_oil,35118985.4619589,2181235.4774818867,0.02925736952405287,39025.2919730263,0.004606602865105216,1800.0,Normal operation with demand variation
normal_0111,0,,,,,,10000.0,0.508,4.6e-05,crude_oil,4464578.4253240805,2718583.393374578,0.04589114022124127,37983.38858970947,0.005131935836245307,1800.0,Normal operation with demand variation
normal_0157,0,,,,,,10000.0,0.508,4.6e-05,crude_oil,2787355.3696566103,1353801.6792538546,0.0464577579078822,34892.49730374735,0.006366386285915708,1800.0,Normal operation with demand variation
leak_small_0135,1,496.50291021696387,7.5,2263.1,exponential,238.98650321795802,10000.0,0.508,4.6e-05,crude_oil,34149007.500958644,2743759.546245995,0.030103378918722556,28456.901516058762,0.003745193476488252,1800.0,"small exponential leak at 2263 m, d=7.5 mm, start=497 s"
leak_large_0014,1,363.7342888513504,28.32,3810.8,sudden,0.0,10000.0,0.508,4.6e-05,crude_oil,17576870.91272997,2094792.0697637356,0.07756275633891387,30280.56880268135,0.004651794589272992,1800.0,"large sudden leak at 3811 m, d=28.3 mm, start=364 s"
normal_0206,0,,,,,,10000.0,0.508,4.6e-05,crude_oil,19622279.30143668,2644144.2315694625,0.0419028348130855,28063.58175500282,0.0030702914047508437,1800.0,Normal operation with demand variation
leak_large_0037,1,501.93039617556263,29.1,4635.3,sudden,0.0,10000.0,0.508,4.6e-05,crude_oil,25265758.78085576,4271465.514268759,0.020402947049803107,33790.6236580477,0.0069577168097169914,1800.0,"large sudden leak at 4635 m, d=29.1 mm, start=502 s"
normal_0065,0,,,,,,10000.0,0.508,4.6e-05,crude_oil,35935648.18079443,2411219.901953375,0.04879180403306391,19922.072261646,0.009443076940713203,1800.0,Normal operation with demand variation
leak_medium_0247,1,779.0892533625783,11.57,5857.3,exponential,158.47411602435363,10000.0,0.508,4.6e-05,crude_oil,36829702.38472254,3034178.086831535,0.07311022599636402,11319.150046688359,0.0067286625751588475,1800.0,"medium exponential leak at 5857 m, d=11.6 mm, start=779 s"
leak_medium_0137,1,316.86895565883,8.35,7374.4,ramp,268.81904658900214,10000.0,0.508,4.6e-05,crude_oil,21350079.158608064,3632195.3930058205,0.05552017324693222,35549.25478890246,0.0023713923582209776,1800.0,"medium ramp leak at 7374 m, d=8.4 mm, start=317 s"
leak_large_0045,1,815.6502024956668,29.94,7216.7,sudden,0.0,10000.0,0.508,4.6e-05,crude_oil,24151384.03745099,4302495.407440844,0.06676145268714832,19842.134276828234,0.008447924659084305,1800.0,"large sudden leak at 7217 m, d=29.9 mm, start=816 s"
leak_large_0144,1,823.8882740261348,27.19,4900.0,exponential,104.73688759558271,10000.0,0.508,4.6e-05,crude_oil,31500470.794189315,1693872.2160035418,0.07056627665656573,19569.087777479264,0.009435403240369499,1800.0,"large exponential leak at 4900 m, d=27.2 mm, start=824 s"
normal_0187,0,,,,,,10000.0,0.508,4.6e-05,crude_oil,4080747.7977767317,3201971.1323315366,0.025872996812891583,11273.738584842948,0.00558572870056933,1800.0,Normal operation with demand variation
leak_large_0061,1,870.5533234100651,20.62,5648.8,ramp,167.25292392775552,10000.0,0.508,4.6e-05,crude_oil,21209217.397084076,2948098.1374497996,0.04639119803549867,33850.82221888464,0.0042638363268905025,1800.0,"large ramp leak at 5649 m, d=20.6 mm, start=871 s"
leak_medium_0034,1,560.6369413654395,13.87,2925.1,ramp,53.317112115431094,10000.0,0.508,4.6e-05,crude_oil,13111729.62500723,1163145.9225004534,0.057201892562700224,35508.51055466152,0.008886141559636837,1800.0,"medium ramp leak at 2925 m, d=13.9 mm, start=561 s"
leak_small_0087,1,562.1446093939702,7.05,3120.5,ramp,258.4690129231467,10000.0,0.508,4.6e-05,crude_oil,22830128.354568426,4398429.75918132,0.06308035142526676,10623.604734275246,0.0035661728176777973,1800.0,"small ramp leak at 3121 m, d=7.0 mm, start=562 s"
normal_0149,0,,,,,,10000.0,0.508,4.6e-05,crude_oil,15701931.13537855,2010569.631499806,0.06977572454514229,31357.534317657362,0.006508185895756299,1800.0,Normal operation with demand variation
normal_0015,0,,,,,,10000.0,0.508,4.6e-05,crude_oil,27139901.628566235,1657187.1678731514,0.07350063597529484,36803.399190935896,0.0061508668830915925,1800.0,Normal operation with demand variation
leak_medium_0184,1,689.6342190022832,9.03,2225.3,ramp,178.22494396248365,10000.0,0.508,4.6e-05,crude_oil,24318239.817729503,3144964.7631674344,0.056978425763125395,34039.51978647587,0.009006756747435049,1800.0,"medium ramp leak at 2225 m, d=9.0 mm, start=690 s"
normal_0169,0,,,,,,10000.0,0.508,4.6e-05,crude_oil,37033926.69357742,2204719.1166845034,0.07549774836241673,32890.57890330244,0.009761612580558746,1800.0,Normal operation with demand variation
leak_small_0113,1,839.8319385088128,7.2,6116.8,ramp,152.78770896841027,10000.0,0.508,4.6e-05,crude_oil,11100024.319139328,2391113.7468056544,0.02757448619397693,36102.86168841316,0.009056679992764018,1800.0,"small ramp leak at 6117 m, d=7.2 mm, start=840 s"
normal_0076,0,,,,,,10000.0,0.508,4.6e-05,crude_oil,23875710.88488043,2881204.608525288,0.05485936242488304,38061.44108699485,0.0057411220530127725,1800.0,Normal operation with demand variation
normal_0088,0,,,,,,10000.0,0.508,4.6e-05,crude_oil,24500610.94624437,2699497.7496423456,0.07076045367847453,36774.630690619786,0.007996948951382941,1800.0,Normal operation with demand variation
normal_0190,0,,,,,,10000.0,0.508,4.6e-05,crude_oil,16182273.526272573,2752486.447549888,0.026911163198855642,11765.456119972954,0.006782848265649629,1800.0,Normal operation with demand variation
leak_large_0207,1,369.68805133633623,20.31,6350.7,sudden,0.0,10000.0,0.508,4.6e-05,crude_oil,1223763.4958978002,690851.2502832784,0.023978769057258497,10162.59399454594,0.006278415305443215,1800.0,"large sudden leak at 6351 m, d=20.3 mm, start=370 s"
normal_0148,0,,,,,,10000.0,0.508,4.6e-05,crude_oil,14382235.52926337,2421798.212914234,0.04474249485783348,33633.78551916618,0.0050622653022420454,1800.0,Normal operation with demand variation
leak_small_0069,1,283.2063999143771,7.27,4592.5,ramp,287.53947028653937,10000.0,0.508,4.6e-05,crude_oil,24890779.350422576,4814206.799483932,0.03893220475417036,18215.450930807103,0.004758926425002382,1800.0,"small ramp leak at 4593 m, d=7.3 mm, start=283 s"
normal_0011,0,,,,,,10000.0,0.508,4.6e-05,crude_oil,9034029.677225517,2762933.716533136,0.054863668382023695,10684.116130890925,0.009668473705931564,1800.0,Normal operation with demand variation
normal_0050,0,,,,,,10000.0,0.508,4.6e-05,crude_oil,24095522.4387135,3554933.7918794323,0.049929017511889114,21956.575201046217,0.009338701380413409,1800.0,Normal operation with demand variation
normal_0142,0,,,,,,10000.0,0.508,4.6e-05,crude_oil,24829871.71535907,2941452.041053408,0.03475253522030352,12933.639923363293,0.005745851245548672,1800.0,Normal operation with demand variation
leak_medium_0124,1,712.9052702611228,11.08,6093.7,ramp,119.69745027077883,10000.0,0.508,4.6e-05,crude_oil,22145520.98270082,2461268.4991613477,0.04467684515724958,22419.62128766121,0.0082945303336561,1800.0,"medium ramp leak at 6094 m, d=11.1 mm, start=713 s"
normal_0170,0,,,,,,10000.0,0.508,4.6e-05,crude_oil,32154205.57406931,1773546.489598859,0.05688420465129734,14607.393372583436,0.007918160212529203,1800.0,Normal operation with demand variation
normal_0214,0,,,,,,10000.0,0.508,4.6e-05,crude_oil,15904080.784718975,3572962.326555415,0.06964645115052483,20157.74329632442,0.005570000169290475,1800.0,Normal operation with demand variation
leak_large_0152,1,798.9912465711884,26.63,6951.4,exponential,133.10636128558235,10000.0,0.508,4.6e-05,crude_oil,14507989.61517882,2755206.268278562,0.04210809219863582,36095.70144134727,0.009335652686894277,1800.0,"large exponential leak at 6951 m, d=26.6 mm, start=799 s"
normal_0179,0,,,,,,10000.0,0.508,4.6e-05,crude_oil,4781666.289759794,1584945.3216656651,0.045419307233036305,39134.05455406984,0.0040706850978991975,1800.0,Normal operation with demand variation
normal_0131,0,,,,,,10000.0,0.508,4.6e-05,crude_oil,17154951.418127004,4108213.449733538,0.057609498967052516,18177.59492247675,0.002885794068804435,1800.0,Normal operation with demand variation
leak_medium_0033,1,654.3692269008668,16.66,2604.9,sudden,0.0,10000.0,0.508,4.6e-05,crude_oil,1440680.1804245326,940680.1804245326,0.07006536512906938,36339.726429781134,0.008500062152401327,1800.0,"medium sudden leak at 2605 m, d=16.7 mm, start=654 s"
normal_0026,0,,,,,,10000.0,0.508,4.6e-05,crude_oil,22789963.545781292,1970932.7294460149,0.07145432864735345,29186.8981371133,0.004131706540006769,1800.0,Normal operation with demand variation
leak_large_0065,1,814.4879152836304,21.05,6877.4,ramp,177.69438161571006,10000.0,0.508,4.6e-05,crude_oil,24246191.784832176,3670283.173286418,0.028009750105511075,34308.740236340636,0.0076389877437769505,1800.0,"large ramp leak at 6877 m, d=21.0 mm, start=814 s"
leak_large_0050,1,429.01237998776907,19.49,3777.5,ramp,243.4818697440446,10000.0,0.508,4.6e-05,crude_oil,1850698.8270401226,1350698.8270401226,0.03442841324571427,13857.655273756098,0.005039987156111132,1800.0,"large ramp leak at 3778 m, d=19.5 mm, start=429 s"
leak_large_0121,1,409.6069335651507,29.11,7208.1,ramp,232.39098641603354,10000.0,0.508,4.6e-05,crude_oil,2786324.600704751,512639.198802795,0.024915193051119663,19258.46027828257,0.009981188752972084,1800.0,"large ramp leak at 7208 m, d=29.1 mm, start=410 s"
normal_0217,0,,,,,,10000.0,0.508,4.6e-05,crude_oil,17117411.02776125,4368077.644406231,0.06098089738693986,18315.94420631619,0.002426600679466725,1800.0,Normal operation with demand variation
leak_medium_0191,1,367.60990782634263,16.3,2252.2,exponential,72.67357860208844,10000.0,0.508,4.6e-05,crude_oil,1619875.9725995688,652347.2650287994,0.030584136491264895,19346.744151818828,0.0037879889685928604,1800.0,"medium exponential leak at 2252 m, d=16.3 mm, start=368 s"
normal_0159,0,,,,,,10000.0,0.508,4.6e-05,crude_oil,19683205.34694331,4867699.959871457,0.033014967368347296,22958.369830014457,0.008153940650385771,1800.0,Normal operation with demand variation
normal_0100,0,,,,,,10000.0,0.508,4.6e-05,crude_oil,16790687.7965896,1288285.6989156439,0.024051108811244903,23089.499790827897,0.008196991050337839,1800.0,Normal operation with demand variation
normal_0183,0,,,,,,10000.0,0.508,4.6e-05,crude_oil,22135866.099074174,4974827.850446558,0.051150034094859284,28393.282569824187,0.0021129978678145916,1800.0,Normal operation with demand variation
normal_0153,0,,,,,,10000.0,0.508,4.6e-05,crude_oil,9691347.073828558,1635316.4903989309,0.024278272051090725,13976.262428542408,0.008618036764725893,1800.0,Normal operation with demand variation
leak_medium_0197,1,428.3653189104475,8.97,6534.2,exponential,73.2735696494347,10000.0,0.508,4.6e-05,crude_oil,14943830.137535509,1721960.4266972933,0.05725182245506494,11404.148254464113,0.006283564168471047,1800.0,"medium exponential leak at 6534 m, d=9.0 mm, start=428 s"
normal_0083,0,,,,,,10000.0,0.508,4.6e-05,crude_oil,35105663.27326,3311815.3245070516,0.05219408081462536,13769.915586056079,0.009617997726765467,1800.0,Normal operation with demand variation
leak_medium_0070,1,231.72110620819825,9.32,4232.5,ramp,89.43539166293563,10000.0,0.508,4.6e-05,crude_oil,13218871.538506333,1590939.4759569624,0.023286446443426166,29554.465631727227,0.002698718520574268,1800.0,"medium ramp leak at 4232 m, d=9.3 mm, start=232 s"
leak_large_0091,1,747.2591654643866,19.73,7608.5,sudden,0.0,10000.0,0.508,4.6e-05,crude_oil,8122154.629153508,1376875.1366549642,0.07639895562229955,33941.18503816056,0.004068718968392761,1800.0,"large sudden leak at 7609 m, d=19.7 mm, start=747 s"
leak_large_0095,1,555.8381186729299,27.2,2157.3,sudden,0.0,10000.0,0.508,4.6e-05,crude_oil,20887707.82989572,2013181.0000252347,0.027129652535721558,27716.1222575717,0.0033575754579349233,1800.0,"large sudden leak at 2157 m, d=27.2 mm, start=556 s"
normal_0116,0,,,,,,10000.0,0.508,4.6e-05,crude_oil,36123347.582131244,2156632.5246776175,0.04246783618693627,24452.90654086515,0.006515141442873428,1800.0,Normal operation with demand variation
normal_0182,0,,,,,,10000.0,0.508,4.6e-05,crude_oil,17000912.781436827,2027950.8881009219,0.027436283266452668,13922.554401289557,0.008455553794832284,1800.0,Normal operation with demand variation
normal_0097,0,,,,,,10000.0,0.508,4.6e-05,crude_oil,15907379.738959938,1811896.4568125815,0.02671068814284063,22704.861840389614,0.00641747942847464,1800.0,Normal operation with demand variation
leak_medium_0030,1,609.4313768814062,12.35,5510.9,sudden,0.0,10000.0,0.508,4.6e-05,crude_oil,15328676.70266469,1906347.5776554479,0.04972948047612094,24418.27445478363,0.007423542414911523,1800.0,"medium sudden leak at 5511 m, d=12.3 mm, start=609 s"
leak_medium_0188,1,451.4355496587869,15.78,3190.6,ramp,119.86271282507676,10000.0,0.508,4.6e-05,crude_oil,17481718.78216894,3338854.2649814636,0.03790243943990796,26484.032480198322,0.002771147899760355,1800.0,"medium ramp leak at 3191 m, d=15.8 mm, start=451 s"
normal_0160,0,,,,,,10000.0,0.508,4.6e-05,crude_oil,3279931.6143761314,898039.9128189844,0.05759835306184889,22367.757893922255,0.008077144418451157,1800.0,Normal operation with demand variation
normal_0027,0,,,,,,10000.0,0.508,4.6e-05,crude_oil,17325699.405288737,2786291.335402948,0.04276784478361574,38465.737801460215,0.009330784156305423,1800.0,Normal operation with demand variation
normal_0114,0,,,,,,10000.0,0.508,4.6e-05,crude_oil,32526707.82175315,1516165.7959516465,0.053760080829915985,35564.36011207545,0.0059713398595144665,1800.0,Normal operation with demand variation
normal_0067,0,,,,,,10000.0,0.508,4.6e-05,crude_oil,20901953.82766126,4473023.6658142265,0.057147145185618434,35664.746253717574,0.004034107870033258,1800.0,Normal operation with demand variation
normal_0194,0,,,,,,10000.0,0.508,4.6e-05,crude_oil,15940212.021688303,4824479.829705521,0.028188233242670654,26115.179449804556,0.004374947884059314,1800.0,Normal operation with demand variation
leak_medium_0086,1,566.6399556613196,13.38,7208.9,sudden,0.0,10000.0,0.508,4.6e-05,crude_oil,16727502.584378894,2809613.9801525483,0.035346839205499594,31969.55266503445,0.008183976209531419,1800.0,"medium sudden leak at 7209 m, d=13.4 mm, start=567 s"
leak_large_0040,1,571.2130205451056,19.45,3033.0,exponential,236.65166104646838,10000.0,0.508,4.6e-05,crude_oil,20671093.654887922,3237955.859652656,0.03668444238320138,39638.167867372744,0.009770090530150946,1800.0,"large exponential leak at 3033 m, d=19.5 mm, start=571 s"
normal_0112,0,,,,,,10000.0,0.508,4.6e-05,crude_oil,20679342.304284927,3116362.690074119,0.039242932801644564,12839.193047481662,0.003328501059311785,1800.0,Normal operation with demand variation
leak_large_0101,1,536.870861694856,20.49,2243.0,sudden,0.0,10000.0,0.508,4.6e-05,crude_oil,19147542.241619747,2645098.00466567,0.029078469288512668,39756.85956188795,0.003883801363214038,1800.0,"large sudden leak at 2243 m, d=20.5 mm, start=537 s"
normal_0168,0,,,,,,10000.0,0.508,4.6e-05,crude_oil,35536756.30357736,3990970.3732178574,0.05620435744925652,16707.70962628141,0.005639155213861111,1800.0,Normal operation with demand variation
leak_small_0225,1,326.08209226033193,7.25,4698.6,ramp,267.06790362537515,10000.0,0.508,4.6e-05,crude_oil,16946816.96861951,4034849.0150441467,0.05894582070581196,32756.625826437543,0.005472037413207143,1800.0,"small ramp leak at 4699 m, d=7.3 mm, start=326 s"
normal_0000,0,,,,,,10000.0,0.508,4.6e-05,crude_oil,30705419.71677668,4505092.719689839,0.07853734109820536,13843.408980266377,0.0056030875031645375,1800.0,Normal operation with demand variation
normal_0150,0,,,,,,10000.0,0.508,4.6e-05,crude_oil,2393103.533845825,1893103.5338458251,0.07670889726024635,17728.378485461093,0.008932870657229381,1800.0,Normal operation with demand variation
leak_medium_0127,1,287.8086299520748,13.46,4180.8,exponential,191.14608032862054,10000.0,0.508,4.6e-05,crude_oil,10378640.364386197,2327582.7627198566,0.03467219454510836,25579.417222470758,0.006435356779567827,1800.0,"medium exponential leak at 4181 m, d=13.5 mm, start=288 s"
leak_large_0106,1,666.5389283236101,21.45,2009.8,sudden,0.0,10000.0,0.508,4.6e-05,crude_oil,8486674.54840835,1088895.6579291732,0.041331141118114784,17567.52356565051,0.007805667165901946,1800.0,"large sudden leak at 2010 m, d=21.4 mm, start=667 s"
leak_medium_0209,1,821.934558963599,12.21,5423.2,ramp,206.14263616484345,10000.0,0.508,4.6e-05,crude_oil,34372508.12974724,2754594.7590139667,0.02582182163200151,10118.378800815835,0.009451991515797543,1800.0,"medium ramp leak at 5423 m, d=12.2 mm, start=822 s"
leak_large_0245,1,250.76489050241793,26.06,6776.4,ramp,293.79171936431794,10000.0,0.508,4.6e-05,crude_oil,18790297.666614357,2964375.8426820524,0.043366694432157266,32557.209242206503,0.0066235645712770025,1800.0,"large ramp leak at 6776 m, d=26.1 mm, start=251 s"
normal_0070,0,,,,,,10000.0,0.508,4.6e-05,crude_oil,14930954.269297015,1518831.8093262343,0.02024045628400037,27539.165024024966,0.003015279804148105,1800.0,Normal operation with demand variation
leak_large_0249,1,580.1127355738057,23.86,3140.2,ramp,72.68748301478004,10000.0,0.508,4.6e-05,crude_oil,20049722.17158687,3085591.400003246,0.07077565180474756,31430.263044835585,0.006654438873123567,1800.0,"large ramp leak at 3140 m, d=23.9 mm, start=580 s"
normal_0156,0,,,,,,10000.0,0.508,4.6e-05,crude_oil,28835249.71326114,3490918.3188451165,0.057311721839260435,14052.393766525722,0.007548323756693756,1800.0,Normal operation with demand variation
leak_medium_0130,1,529.1713801754029,12.22,3296.7,ramp,223.4996500254228,10000.0,0.508,4.6e-05,crude_oil,29211734.107773613,4352157.906682009,0.07522402837760357,14828.422707445281,0.004206096603960553,1800.0,"medium ramp leak at 3297 m, d=12.2 mm, start=529 s"
leak_medium_0082,1,580.002096633562,10.97,6734.3,exponential,195.17529570109485,10000.0,0.508,4.6e-05,crude_oil,16600064.98062604,2189079.501887261,0.02116436902964105,23786.414537852506,0.00969611491055088,1800.0,"medium exponential leak at 6734 m, d=11.0 mm, start=580 s"
leak_large_0012,1,372.4557615436298,19.5,5652.8,ramp,89.92710789070814,10000.0,0.508,4.6e-05,crude_oil,19097010.765489947,2136800.3434686344,0.020975426593563107,31706.780622754097,0.008952734964148232,1800.0,"large ramp leak at 5653 m, d=19.5 mm, start=372 s"
normal_0017,0,,,,,,10000.0,0.508,4.6e-05,crude_oil,23745620.408374645,2187521.3300010064,0.07830958556365804,10418.088631246046,0.003837248239990842,1800.0,Normal operation with demand variation
leak_medium_0129,1,515.2381272049919,8.85,2723.5,exponential,134.5960910363755,10000.0,0.508,4.6e-05,crude_oil,23887877.663650386,4273384.763975184,0.030793187882151667,27164.899094423752,0.009035477167629348,1800.0,"medium exponential leak at 2723 m, d=8.9 mm, start=515 s"
normal_0215,0,,,,,,10000.0,0.508,4.6e-05,crude_oil,18682323.86248371,1676329.0840099403,0.042403012595520484,17045.20489777693,0.0028460010996921126,1800.0,Normal operation with demand variation
normal_0038,0,,,,,,10000.0,0.508,4.6e-05,crude_oil,22451881.283288445,3705041.4560173955,0.06407726551610969,31297.140918439116,0.009841638279189454,1800.0,Normal operation with demand variation
leak_large_0000,1,271.3382985324361,28.42,2649.8,sudden,0.0,10000.0,0.508,4.6e-05,crude_oil,10745702.434609182,2203919.006146589,0.02971216163772445,19872.246112038094,0.006387181888277745,1800.0,"large sudden leak at 2650 m, d=28.4 mm, start=271 s"
normal_0227,0,,,,,,10000.0,0.508,4.6e-05,crude_oil,31406891.40089417,4205132.804832002,0.03184892311179669,37064.49005227003,0.009019815849794076,1800.0,Normal operation with demand variation
leak_large_0051,1,454.61536445008977,28.71,5690.8,ramp,40.505921609038026,10000.0,0.508,4.6e-05,crude_oil,29186443.059903678,3500305.304708467,0.06427143088162449,24611.364801374704,0.0034757726734328475,1800.0,"large ramp leak at 5691 m, d=28.7 mm, start=455 s"
normal_0223,0,,,,,,10000.0,0.508,4.6e-05,crude_oil,15412530.325065626,1849831.4952107957,0.02094819434979777,34803.24484041636,0.006361639209781121,1800.0,Normal operation with demand variation
leak_large_0194,1,402.7922539540916,29.8,3486.7,sudden,0.0,10000.0,0.508,4.6e-05,crude_oil,28807735.592860773,3130129.8360027582,0.038140586728536985,34581.98521402986,0.008538177754226222,1800.0,"large sudden leak at 3487 m, d=29.8 mm, start=403 s"
leak_large_0058,1,479.00261789192984,20.52,6670.2,ramp,103.842493385112,10000.0,0.508,4.6e-05,crude_oil,24278582.254629884,4860791.015830388,0.0618886784690514,10698.731800140798,0.0032281734474495912,1800.0,"large ramp leak at 6670 m, d=20.5 mm, start=479 s"
leak_small_0215,1,356.6364236813209,5.99,4893.2,ramp,268.9272290598101,10000.0,0.508,4.6e-05,crude_oil,4750249.283626381,4250249.283626381,0.06999437245784311,20710.518970018053,0.009301599925933452,1800.0,"small ramp leak at 4893 m, d=6.0 mm, start=357 s"
leak_medium_0073,1,573.2204352486938,12.59,5842.3,ramp,63.48535013367178,10000.0,0.508,4.6e-05,crude_oil,17216971.483768232,2176848.7593929456,0.06778799889701256,29887.64533096263,0.005840247995409735,1800.0,"medium ramp leak at 5842 m, d=12.6 mm, start=573 s"
normal_0129,0,,,,,,10000.0,0.508,4.6e-05,crude_oil,15508334.619484771,4934854.854385506,0.04853367039397609,29445.51189001403,0.008254056380591561,1800.0,Normal operation with demand variation
normal_0151,0,,,,,,10000.0,0.508,4.6e-05,crude_oil,13312927.548186049,3337809.8307244023,0.021630928009855103,29066.810620305547,0.007951957781559927,1800.0,Normal operation with demand variation
leak_small_0175,1,661.460229247262,4.92,2679.3,ramp,100.89456451324185,10000.0,0.508,4.6e-05,crude_oil,14416456.789116327,2843691.8238857826,0.06409097923909621,19109.75251329607,0.005370188484412191,1800.0,"small ramp leak at 2679 m, d=4.9 mm, start=661 s"
normal_0056,0,,,,,,10000.0,0.508,4.6e-05,crude_oil,23581253.04624823,1515750.437288807,0.021776437347716792,30148.384265675762,0.0039012669068847787,1800.0,Normal operation with demand variation
normal_0099,0,,,,,,10000.0,0.508,4.6e-05,crude_oil,18533376.950684678,4256123.561210258,0.044999959882392804,34041.68301528169,0.0059300595711309296,1800.0,Normal operation with demand variation
leak_small_0048,1,307.05130185790085,3.82,6895.0,sudden,0.0,10000.0,0.508,4.6e-05,crude_oil,9063886.830124078,3895426.351172197,0.05534124925461305,16499.36606693008,0.008436368050543576,1800.0,"small sudden leak at 6895 m, d=3.8 mm, start=307 s"
normal_0058,0,,,,,,10000.0,0.508,4.6e-05,crude_oil,28852706.741145145,2927796.8289594874,0.07985480223577503,21771.072787653822,0.00932239008228444,1800.0,Normal operation with demand variation
leak_medium_0190,1,388.37961616033886,8.27,5822.7,sudden,0.0,10000.0,0.508,4.6e-05,crude_oil,20544498.819965277,2383579.405438069,0.05876070343825038,19963.525549366608,0.008610103321020341,1800.0,"medium sudden leak at 5823 m, d=8.3 mm, start=388 s"
leak_large_0125,1,738.3056059243256,20.71,2819.6,sudden,0.0,10000.0,0.508,4.6e-05,crude_oil,25958045.81779842,1537638.0116000893,0.07273574197686328,22872.25347960458,0.005158727141605058,1800.0,"large sudden leak at 2820 m, d=20.7 mm, start=738 s"
leak_large_0038,1,667.0035192364464,21.9,6498.4,ramp,231.45606004691356,10000.0,0.508,4.6e-05,crude_oil,19095023.368643887,3434350.47609095,0.07454306118789704,23264.45672393486,0.0076419204703347034,1800.0,"large ramp leak at 6498 m, d=21.9 mm, start=667 s"
leak_medium_0117,1,230.51527162935113,10.22,5674.7,ramp,120.88389906268954,10000.0,0.508,4.6e-05,crude_oil,28197059.457658768,3641631.1746972413,0.03162755676634476,25198.334192795606,0.00318895869021523,1800.0,"medium ramp leak at 5675 m, d=10.2 mm, start=231 s"
leak_large_0165,1,198.66688422547978,18.47,7993.2,ramp,30.084893303903478,10000.0,0.508,4.6e-05,crude_oil,26838114.565010957,3314332.265469391,0.023775800778232794,30486.839678459353,0.0030263313950168805,1800.0,"large ramp leak at 7993 m, d=18.5 mm, start=199 s"
leak_large_0147,1,881.4389996414279,21.22,7282.1,sudden,0.0,10000.0,0.508,4.6e-05,crude_oil,15032076.90685184,3858619.04042673,0.02135923926247624,27174.687273663403,0.00686733397235144,1800.0,"large sudden leak at 7282 m, d=21.2 mm, start=881 s"
normal_0198,0,,,,,,10000.0,0.508,4.6e-05,crude_oil,16603458.907817833,2945193.0556100835,0.04034141755518959,12807.488360151183,0.00910423006582041,1800.0,Normal operation with demand variation
normal_0028,0,,,,,,10000.0,0.508,4.6e-05,crude_oil,13354347.898300031,3545681.4663208737,0.051963336563944404,32046.794869308724,0.003619236745005747,1800.0,Normal operation with demand variation
leak_small_0196,1,538.2429532679229,3.39,2933.6,sudden,0.0,10000.0,0.508,4.6e-05,crude_oil,14520484.832048668,2041092.877910771,0.022734839220052677,26381.567382263012,0.002602270130226298,1800.0,"small sudden leak at 2934 m, d=3.4 mm, start=538 s"
normal_0235,0,,,,,,10000.0,0.508,4.6e-05,crude_oil,34224259.251326874,3139418.6186548565,0.030223490549517493,17417.69719920311,0.003997363031470612,1800.0,Normal operation with demand variation
leak_medium_0153,1,618.0842662515057,17.98,3842.8,exponential,119.66732071707128,10000.0,0.508,4.6e-05,crude_oil,20773390.03076149,4018894.006091073,0.0774555460516503,21351.280444161133,0.0035977879761682633,1800.0,"medium exponential leak at 3843 m, d=18.0 mm, start=618 s"
normal_0107,0,,,,,,10000.0,0.508,4.6e-05,crude_oil,16954865.09582004,3878344.5322313523,0.032419109578450386,14040.76074770042,0.008882255089751528,1800.0,Normal operation with demand variation
leak_large_0094,1,716.186371854517,20.81,7872.9,ramp,61.895329575349976,10000.0,0.508,4.6e-05,crude_oil,8683478.903956274,2967859.330374058,0.06149324882644511,24584.749276048628,0.007933522920360953,1800.0,"large ramp leak at 7873 m, d=20.8 mm, start=716 s"
leak_small_0131,1,888.3507601667566,4.44,5571.3,exponential,173.50627759754212,10000.0,0.508,4.6e-05,crude_oil,15577165.208126541,2889363.3241747553,0.057861688683982726,31730.802845284037,0.007053347084639487,1800.0,"small exponential leak at 5571 m, d=4.4 mm, start=888 s"
normal_0225,0,,,,,,10000.0,0.508,4.6e-05,crude_oil,19023708.83172184,4186813.6144455955,0.027464623323591432,12662.034790236674,0.005254846715126612,1800.0,Normal operation with demand variation
leak_large_0164,1,763.0338089145273,22.98,2331.2,sudden,0.0,10000.0,0.508,4.6e-05,crude_oil,22475058.877639532,2110933.3425134495,0.030694760189065612,11906.000448860092,0.007482521939353938,1800.0,"large sudden leak at 2331 m, d=23.0 mm, start=763 s"
normal_0208,0,,,,,,10000.0,0.508,4.6e-05,crude_oil,8109347.2111066375,2785568.0563762775,0.03136947663123295,27893.352980808202,0.00833816669736322,1800.0,Normal operation with demand variation
normal_0093,0,,,,,,10000.0,0.508,4.6e-05,crude_oil,32932956.777632196,3053800.102385917,0.039332940429376295,28966.07500344587,0.004672890135670045,1800.0,Normal operation with demand variation
normal_0220,0,,,,,,10000.0,0.508,4.6e-05,crude_oil,21392126.599365015,3916734.429262346,0.05513622568793479,10371.916417473878,0.0060778772790115515,1800.0,Normal operation with demand variation
normal_0089,0,,,,,,10000.0,0.508,4.6e-05,crude_oil,18024802.81137928,4816374.598830974,0.04418841224714491,25268.024552540628,0.009256690615276068,1800.0,Normal operation with demand variation
leak_small_0006,1,227.7740187148184,5.69,5637.5,sudden,0.0,10000.0,0.508,4.6e-05,crude_oil,21508122.650440346,1948637.2561398142,0.06917167831306054,31483.928229785142,0.009000799176491782,1800.0,"small sudden leak at 5638 m, d=5.7 mm, start=228 s"
leak_medium_0241,1,444.60600843838665,8.19,7068.6,ramp,116.58367033028021,10000.0,0.508,4.6e-05,crude_oil,24587913.895457044,4258154.117944086,0.07301189177738729,17652.30284026997,0.007725033886207342,1800.0,"medium ramp leak at 7069 m, d=8.2 mm, start=445 s"
normal_0060,0,,,,,,10000.0,0.508,4.6e-05,crude_oil,16969967.98772995,1705291.3506419784,0.051772523317104344,29603.176270284854,0.004395066332118605,1800.0,Normal operation with demand variation
leak_small_0081,1,329.30847017235465,4.92,4705.5,exponential,171.42123972986633,10000.0,0.508,4.6e-05,crude_oil,8312409.789906498,3071224.326336856,0.03499920524171053,24219.534190872728,0.006646970787491056,1800.0,"small exponential leak at 4706 m, d=4.9 mm, start=329 s"
normal_0012,0,,,,,,10000.0,0.508,4.6e-05,crude_oil,26075489.9989917,3203304.157933561,0.05430368314256452,19947.069920276568,0.006165379219772302,1800.0,Normal operation with demand variation
normal_0046,0,,,,,,10000.0,0.508,4.6e-05,crude_oil,14876650.491660925,3116219.0964520383,0.020643658698540575,14912.539127748876,0.003327254943012269,1800.0,Normal operation with demand variation
leak_large_0133,1,476.6218012886313,26.57,5493.0,sudden,0.0,10000.0,0.508,4.6e-05,crude_oil,12863584.23266619,1731090.2626981805,0.04222697547187688,28636.995346409905,0.0070132414560268325,1800.0,"large sudden leak at 5493 m, d=26.6 mm, start=477 s"
normal_0185,0,,,,,,10000.0,0.508,4.6e-05,crude_oil,1100819.7885046487,581011.41104248,0.07571157050343974,19437.44707107528,0.00819151550910125,1800.0,Normal operation with demand variation
leak_large_0170,1,419.6754902981135,26.73,3816.5,ramp,210.99841603383317,10000.0,0.508,4.6e-05,crude_oil,20506414.608194027,2515167.456707577,0.06025528163323769,11930.469465247881,0.0048018415725430905,1800.0,"large ramp leak at 3817 m, d=26.7 mm, start=420 s"
normal_0054,0,,,,,,10000.0,0.508,4.6e-05,crude_oil,24855401.69494926,3127407.0966777857,0.06762092903359836,34061.79360957173,0.00939761333775911,1800.0,Normal operation with demand variation
normal_0036,0,,,,,,10000.0,0.508,4.6e-05,crude_oil,1963312.2321645883,680681.2843651267,0.07463829362785311,10162.895023861014,0.0024132633361151914,1800.0,Normal operation with demand variation
leak_large_0150,1,391.1569152540801,18.25,2832.2,ramp,112.60460903625521,10000.0,0.508,4.6e-05,crude_oil,1771897.7670713754,752852.3805271628,0.04435666384927818,28807.66047114067,0.0034731214935472734,1800.0,"large ramp leak at 2832 m, d=18.3 mm, start=391 s"
leak_small_0089,1,292.51726352429705,6.5,7379.6,ramp,275.6442571510786,10000.0,0.508,4.6e-05,crude_oil,23069229.77819916,4518674.284442175,0.04428490413131478,31000.304622022722,0.0020587851125141014,1800.0,"small ramp leak at 7380 m, d=6.5 mm, start=293 s"
normal_0082,0,,,,,,10000.0,0.508,4.6e-05,crude_oil,19498592.999441262,2358406.405581234,0.0724745083913343,17452.192115969545,0.003958372012401163,1800.0,Normal operation with demand variation
normal_0189,0,,,,,,10000.0,0.508,4.6e-05,crude_oil,13657902.193740906,2240224.7331695757,0.0781862947298606,35144.09664490912,0.0031368314068131414,1800.0,Normal operation with demand variation
leak_small_0055,1,504.5310632291668,5.29,5069.2,sudden,0.0,10000.0,0.508,4.6e-05,crude_oil,30735801.559947953,2239178.020101703,0.05064538920491089,17505.131584150888,0.009011158006007033,1800.0,"small sudden leak at 5069 m, d=5.3 mm, start=505 s"
normal_0061,0,,,,,,10000.0,0.508,4.6e-05,crude_oil,16743143.652908074,1849740.7997503423,0.06702944656254281,39841.052468050744,0.007396779815832193,1800.0,Normal operation with demand variation
normal_0029,0,,,,,,10000.0,0.508,4.6e-05,crude_oil,14143797.405419197,1285287.2446898038,0.07615638936203756,34026.5252825529,0.006749456035730833,1800.0,Normal operation with demand variation
leak_large_0217,1,848.540257813612,27.05,6318.1,ramp,275.1065542458641,10000.0,0.508,4.6e-05,crude_oil,22499221.615007587,1707659.0800373862,0.043372757491984895,26821.86358977292,0.006037322222777378,1800.0,"large ramp leak at 6318 m, d=27.1 mm, start=849 s"
normal_0091,0,,,,,,10000.0,0.508,4.6e-05,crude_oil,36188195.21814969,2363381.3202915154,0.036509151536102805,30242.096420478338,0.00928261528148202,1800.0,Normal operation with demand variation
leak_large_0177,1,822.159505326108,21.79,3542.9,sudden,0.0,10000.0,0.508,4.6e-05,crude_oil,10887410.352398029,1608759.3491846006,0.027995668665861853,10461.899648817096,0.006226938563009776,1800.0,"large sudden leak at 3543 m, d=21.8 mm, start=822 s"
normal_0021,0,,,,,,10000.0,0.508,4.6e-05,crude_oil,13307695.905990534,2818047.4621000327,0.04475429415642082,29557.930767399226,0.0089399250540186,1800.0,Normal operation with demand variation
normal_0133,0,,,,,,10000.0,0.508,4.6e-05,crude_oil,9272761.983290393,2650719.075724773,0.04886738610578899,34452.192886562625,0.005585925065364856,1800.0,Normal operation with demand variation
normal_0124,0,,,,,,10000.0,0.508,4.6e-05,crude_oil,1309744.3410417528,809744.3410417528,0.05673326051563715,16174.593790390227,0.009805888195117286,1800.0,Normal operation with demand variation
normal_0074,0,,,,,,10000.0,0.508,4.6e-05,crude_oil,16589828.605577137,3737748.2324257935,0.06400969427376979,25510.584605482876,0.00793373128415788,1800.0,Normal operation with demand variation
normal_0062,0,,,,,,10000.0,0.508,4.6e-05,crude_oil,35238667.87098141,2148127.7073374866,0.05917532759383991,22989.174786033014,0.0022867420113453054,1800.0,Normal operation with demand variation
leak_medium_0248,1,624.2207395512994,13.28,4304.9,exponential,46.428655627922694,10000.0,0.508,4.6e-05,crude_oil,30094825.796662603,2719769.8750851974,0.07862671522766498,21848.006293856088,0.006383519604904933,1800.0,"medium exponential leak at 4305 m, d=13.3 mm, start=624 s"
normal_0204,0,,,,,,10000.0,0.508,4.6e-05,crude_oil,35861892.57544419,1811250.6006759892,0.07121781038880404,22787.326095401702,0.008364204209828818,1800.0,Normal operation with demand variation
normal_0066,0,,,,,,10000.0,0.508,4.6e-05,crude_oil,22115580.415967777,2026589.0404511592,0.07512939161184097,10938.505387049336,0.002885035740497626,1800.0,Normal operation with demand variation
leak_large_0151,1,484.4922727377997,26.65,5612.5,exponential,145.19144933970168,10000.0,0.508,4.6e-05,crude_oil,12607612.66291791,2959190.7529592155,0.026176342822843986,11864.175524016317,0.004064971997196464,1800.0,"large exponential leak at 5613 m, d=26.6 mm, start=484 s"
leak_medium_0041,1,687.6906811194399,15.78,2986.3,sudden,0.0,10000.0,0.508,4.6e-05,crude_oil,23682391.284056578,1883795.647170944,0.04593951775214648,35128.518785664615,0.005875074073611608,1800.0,"medium sudden leak at 2986 m, d=15.8 mm, start=688 s"
normal_0019,0,,,,,,10000.0,0.508,4.6e-05,crude_oil,18009486.917809397,3210044.1587303667,0.0371867736129233,26655.94126980474,0.007071800893448681,1800.0,Normal operation with demand variation
leak_large_0156,1,659.4146685764678,23.94,6170.4,ramp,253.94571124406505,10000.0,0.508,4.6e-05,crude_oil,1581089.869464142,628982.5952242265,0.046266102023930576,32277.071852669542,0.003974049114217677,1800.0,"large ramp leak at 6170 m, d=23.9 mm, start=659 s"
leak_medium_0154,1,635.2052667035905,12.06,2073.5,exponential,299.64778298050334,10000.0,0.508,4.6e-05,crude_oil,23626641.257530913,3838582.6690070764,0.07948388293313725,12776.768162149987,0.006432156016565684,1800.0,"medium exponential leak at 2074 m, d=12.1 mm, start=635 s"
leak_small_0100,1,212.3578105266291,7.02,5504.4,ramp,252.61569327680596,10000.0,0.508,4.6e-05,crude_oil,2832234.166473726,1313125.1573123906,0.021215525601064763,29602.14436010927,0.007283617907946954,1800.0,"small ramp leak at 5504 m, d=7.0 mm, start=212 s"
normal_0228,0,,,,,,10000.0,0.508,4.6e-05,crude_oil,17318242.907953154,2713639.574055993,0.04055614139901667,12472.839683713804,0.0059725191771775,1800.0,Normal operation with demand variation
leak_small_0200,1,783.8187370478246,6.59,7270.3,exponential,265.1931821621183,10000.0,0.508,4.6e-05,crude_oil,22032393.969061393,1535481.4919924487,0.023520027939952462,32315.481793000643,0.009590179241641699,1800.0,"small exponential leak at 7270 m, d=6.6 mm, start=784 s"
normal_0001,0,,,,,,10000.0,0.508,4.6e-05,crude_oil,23227616.1327083,3051949.695895659,0.02382903536625052,32742.632202561213,0.0048362077450389476,1800.0,Normal operation with demand variation
normal_0032,0,,,,,,10000.0,0.508,4.6e-05,crude_oil,16983665.473615356,3287596.441211957,0.03886639881225577,38083.82390127232,0.005503232297590026,1800.0,Normal operation with demand variation
normal_0007,0,,,,,,10000.0,0.508,4.6e-05,crude_oil,23140203.846660346,2084405.2196769635,0.06334156103578702,25031.343253100906,0.0032184968217053474,1800.0,Normal operation with demand variation
normal_0081,0,,,,,,10000.0,0.508,4.6e-05,crude_oil,22600149.717440348,4203235.456860988,0.027239320246621183,17936.194334539334,0.008771828288543657,1800.0,Normal operation with demand variation
normal_0043,0,,,,,,10000.0,0.508,4.6e-05,crude_oil,19314181.9517989,3691043.6832936998,0.06420234130893322,25108.987755492977,0.006162200917924553,1800.0,Normal operation with demand variation
normal_0233,0,,,,,,10000.0,0.508,4.6e-05,crude_oil,36097458.6970585,2037222.7188096668,0.06435033931560336,17653.739681729017,0.006089150107439546,1800.0,Normal operation with demand variation
normal_0158,0,,,,,,10000.0,0.508,4.6e-05,crude_oil,19991942.254222233,3669017.862828741,0.051719452286497464,12155.51006458703,0.006125499508175777,1800.0,Normal operation with demand variation
normal_0090,0,,,,,,10000.0,0.508,4.6e-05,crude_oil,18423624.33300054,2928548.338808546,0.0255034207435404,29887.291426302858,0.0021581315627415333,1800.0,Normal operation with demand variation
normal_0175,0,,,,,,10000.0,0.508,4.6e-05,crude_oil,19143537.719943613,3326567.5214109956,0.05686316639211114,13260.009124128053,0.0021102188423524028,1800.0,Normal operation with demand variation
normal_0064,0,,,,,,10000.0,0.508,4.6e-05,crude_oil,11020715.687836384,2182377.3315342925,0.026724222259921854,25245.02067438625,0.005916016052057665,1800.0,Normal operation with demand variation
leak_large_0018,1,888.9012299111623,21.14,6264.6,exponential,213.06311962638495,10000.0,0.508,4.6e-05,crude_oil,17822306.97473585,3893101.0249912,0.05604829334762415,15656.802359036741,0.002613109291607052,1800.0,"large exponential leak at 6265 m, d=21.1 mm, start=889 s"
leak_medium_0067,1,538.3419332213563,12.25,5894.6,sudden,0.0,10000.0,0.508,4.6e-05,crude_oil,13600574.762362305,2609845.280588357,0.07459623037504767,25304.988798933013,0.0022881992546901317,1800.0,"medium sudden leak at 5895 m, d=12.3 mm, start=538 s"
leak_large_0186,1,225.037286119652,22.04,6982.1,exponential,233.83707566213428,10000.0,0.508,4.6e-05,crude_oil,33131033.15404801,3317816.410169821,0.04376880470529801,32808.258540590454,0.006514826455592993,1800.0,"large exponential leak at 6982 m, d=22.0 mm, start=225 s"
leak_medium_0104,1,477.93586311658623,9.62,2508.6,exponential,238.81240779739068,10000.0,0.508,4.6e-05,crude_oil,15563071.144709535,1964202.0404274305,0.07264562475298332,19009.590073690473,0.00544971974500668,1800.0,"medium exponential leak at 2509 m, d=9.6 mm, start=478 s"
normal_0125,0,,,,,,10000.0,0.508,4.6e-05,crude_oil,37703505.48888665,2327261.523842406,0.023799708722153486,37373.46388886926,0.00629775106955472,1800.0,Normal operation with demand variation
leak_large_0088,1,724.9941618786427,25.02,6758.5,ramp,299.5291068281299,10000.0,0.508,4.6e-05,crude_oil,1121923.6364985977,621923.6364985977,0.07755023234402289,34508.4419276844,0.00748693842055055,1800.0,"large ramp leak at 6758 m, d=25.0 mm, start=725 s"
leak_medium_0039,1,180.4624586639091,14.18,5423.1,exponential,204.1157409630228,10000.0,0.508,4.6e-05,crude_oil,12983745.470217975,2764805.663815262,0.05660147050669473,31511.70899321634,0.008066396347709098,1800.0,"medium exponential leak at 5423 m, d=14.2 mm, start=180 s"
normal_0008,0,,,,,,10000.0,0.508,4.6e-05,crude_oil,18810212.260964826,2555292.312017568,0.025258995158966062,37257.42072122821,0.007597657070485996,1800.0,Normal operation with demand variation
leak_medium_0149,1,279.097045295306,15.97,4653.7,sudden,0.0,10000.0,0.508,4.6e-05,crude_oil,36842815.91347145,2916601.370349435,0.022271966998587692,13071.109900453683,0.006486892583491103,1800.0,"medium sudden leak at 4654 m, d=16.0 mm, start=279 s"
leak_small_0031,1,507.5461636807001,3.27,7492.4,ramp,287.65243472536605,10000.0,0.508,4.6e-05,crude_oil,11303178.857754253,3082135.0395584414,0.0464625127805236,35654.91839452641,0.003305425256513149,1800.0,"small ramp leak at 7492 m, d=3.3 mm, start=508 s"
normal_0098,0,,,,,,10000.0,0.508,4.6e-05,crude_oil,21526867.34869255,4972147.019348192,0.02571194521765184,19549.79162887061,0.005689671086700591,1800.0,Normal operation with demand variation
leak_large_0052,1,290.23227057843155,21.48,2365.0,ramp,119.4447342232831,10000.0,0.508,4.6e-05,crude_oil,15922576.409353726,3398904.2486663423,0.037964689688991464,22900.79708936564,0.009066762165623743,1800.0,"large ramp leak at 2365 m, d=21.5 mm, start=290 s"
leak_small_0043,1,764.7771973328582,7.98,7840.1,exponential,262.3980077035148,10000.0,0.508,4.6e-05,crude_oil,18440371.68259154,3317291.365009037,0.049896749522619806,25429.5799934405,0.007688554831821218,1800.0,"small exponential leak at 7840 m, d=8.0 mm, start=765 s"
normal_0238,0,,,,,,10000.0,0.508,4.6e-05,crude_oil,22066959.21313226,3513532.3341997573,0.030498670249249293,33482.840441683074,0.0036501832272427663,1800.0,Normal operation with demand variation
leak_medium_0146,1,653.6820826123162,16.61,5169.9,sudden,0.0,10000.0,0.508,4.6e-05,crude_oil,15462818.127353476,1372450.0387320349,0.05754096741562251,15231.751534691455,0.002387956658175732,1800.0,"medium sudden leak at 5170 m, d=16.6 mm, start=654 s"
leak_large_0008,1,690.440053695565,21.85,3671.6,exponential,285.9998748190052,10000.0,0.508,4.6e-05,crude_oil,17448547.471937157,4109862.5023110495,0.05539911333458081,32525.090003093876,0.004343487252030698,1800.0,"large exponential leak at 3672 m, d=21.9 mm, start=690 s"
leak_medium_0078,1,775.9732822992148,17.0,3929.7,exponential,238.118776094746,10000.0,0.508,4.6e-05,crude_oil,21867539.585414577,4668174.64674712,0.05358337074666153,12864.502358776524,0.007696008214656412,1800.0,"medium exponential leak at 3930 m, d=17.0 mm, start=776 s"
normal_0110,0,,,,,,10000.0,0.508,4.6e-05,crude_oil,27214435.517560747,4925219.503651536,0.07825308371274427,27542.5810841481,0.0030244208843822956,1800.0,Normal operation with demand variation
leak_medium_0181,1,395.0809379815909,11.71,7437.9,ramp,104.38792665280931,10000.0,0.508,4.6e-05,crude_oil,16262456.21199462,3990270.0194329,0.06580322324859701,36664.49449028987,0.008403598498547608,1800.0,"medium ramp leak at 7438 m, d=11.7 mm, start=395 s"
leak_small_0025,1,247.84550240119222,3.91,3653.8,ramp,81.49633247713388,10000.0,0.508,4.6e-05,crude_oil,17596812.19174127,2784287.5104253115,0.06224713342127486,26000.757625441034,0.004590616019707327,1800.0,"small ramp leak at 3654 m, d=3.9 mm, start=248 s"
normal_0122,0,,,,,,10000.0,0.508,4.6e-05,crude_oil,9893634.916728538,1858141.9055211858,0.07203818243007087,39276.92621103689,0.008737237244134975,1800.0,Normal operation with demand variation
leak_medium_0162,1,487.3909390317621,14.96,5948.2,ramp,227.55165153630307,10000.0,0.508,4.6e-05,crude_oil,11847946.349957073,2468289.69777524,0.07594832308016448,34521.686122494575,0.009422705744665735,1800.0,"medium ramp leak at 5948 m, d=15.0 mm, start=487 s"
normal_0173,0,,,,,,10000.0,0.508,4.6e-05,crude_oil,3696780.769779265,1518114.1550170274,0.06522624077863734,35370.98201940916,0.006160575298091905,1800.0,Normal operation with demand variation
leak_small_0145,1,647.1697924753998,6.39,4490.6,exponential,228.04251533308292,10000.0,0.508,4.6e-05,crude_oil,15879637.485243862,3158769.7493233783,0.020223530484657245,23656.91042953472,0.004414154388155969,1800.0,"small exponential leak at 4491 m, d=6.4 mm, start=647 s"
normal_0144,0,,,,,,10000.0,0.508,4.6e-05,crude_oil,16466710.505082436,2197585.9079733714,0.058355020421370196,37521.867677984264,0.008807976960417315,1800.0,Normal operation with demand variation
normal_0199,0,,,,,,10000.0,0.508,4.6e-05,crude_oil,17720701.771308858,3124553.460277352,0.037947508649991336,11295.256751706536,0.0020388587022182325,1800.0,Normal operation with demand variation
leak_large_0032,1,713.1206554402514,29.3,2170.1,exponential,280.27119789111,10000.0,0.508,4.6e-05,crude_oil,16662757.734159725,3767168.7219868912,0.0611148459263432,23178.161854314756,0.0041481091811185755,1800.0,"large exponential leak at 2170 m, d=29.3 mm, start=713 s"
normal_0152,0,,,,,,10000.0,0.508,4.6e-05,crude_oil,19495322.41123521,3741537.2423627446,0.06870514227315591,14230.81899850044,0.009778769983468785,1800.0,Normal operation with demand variation
leak_small_0022,1,866.9579609304056,7.43,2795.3,sudden,0.0,10000.0,0.508,4.6e-05,crude_oil,21955520.304126415,1986517.7747929285,0.03169026118888351,23180.50185568675,0.0028969853077791107,1800.0,"small sudden leak at 2795 m, d=7.4 mm, start=867 s"
leak_medium_0023,1,578.1693645679723,15.76,7828.2,exponential,103.14850621430436,10000.0,0.508,4.6e-05,crude_oil,11552043.235960077,1966241.8188881082,0.0751495939359987,26686.55358172524,0.00476429593432014,1800.0,"medium exponential leak at 7828 m, d=15.8 mm, start=578 s"
normal_0181,0,,,,,,10000.0,0.508,4.6e-05,crude_oil,16813214.587658525,3861844.6334205437,0.040931639122783844,20838.96696558049,0.008820981752315599,1800.0,Normal operation with demand variation
normal_0020,0,,,,,,10000.0,0.508,4.6e-05,crude_oil,12191143.193163037,3898695.736429545,0.06826165493677824,10535.103519309632,0.00287315197412588,1800.0,Normal operation with demand variation
normal_0037,0,,,,,,10000.0,0.508,4.6e-05,crude_oil,16494088.42923073,1171695.8204597812,0.06632650394626283,11204.538986411993,0.0036142568857524433,1800.0,Normal operation with demand variation
leak_medium_0219,1,259.1298083868376,13.22,7191.4,sudden,0.0,10000.0,0.508,4.6e-05,crude_oil,16567740.081478499,4460821.505085075,0.06151156843833992,31194.691558020648,0.0059099239946914985,1800.0,"medium sudden leak at 7191 m, d=13.2 mm, start=259 s"
normal_0115,0,,,,,,10000.0,0.508,4.6e-05,crude_oil,29299308.86769937,4575672.669238889,0.03622050729195965,24897.71436538845,0.006291903390018006,1800.0,Normal operation with demand variation
leak_large_0056,1,422.6303655840967,24.33,5075.3,sudden,0.0,10000.0,0.508,4.6e-05,crude_oil,19646025.871930365,2703355.8912352985,0.07567087410966884,19807.583655766743,0.00270712188333998,1800.0,"large sudden leak at 5075 m, d=24.3 mm, start=423 s"
normal_0018,0,,,,,,10000.0,0.508,4.6e-05,crude_oil,16218325.04628531,3272154.7606722154,0.03198653909960346,32169.520117466254,0.003048462012458506,1800.0,Normal operation with demand variation
leak_small_0212,1,455.03176247897835,3.87,6499.9,exponential,191.64570883625555,10000.0,0.508,4.6e-05,crude_oil,24897692.33382445,3270720.046987025,0.03116026221996447,21873.004297173105,0.004319253025723806,1800.0,"small exponential leak at 6500 m, d=3.9 mm, start=455 s"
normal_0080,0,,,,,,10000.0,0.508,4.6e-05,crude_oil,4383187.83120857,2771628.8536002384,0.03519532846401184,27526.835801836547,0.007881035420157067,1800.0,Normal operation with demand variation
normal_0139,0,,,,,,10000.0,0.508,4.6e-05,crude_oil,17132851.837019756,1420166.214068472,0.0341153833049387,17937.92816038475,0.005439656399200382,1800.0,Normal operation with demand variation
normal_0042,0,,,,,,10000.0,0.508,4.6e-05,crude_oil,8360598.342773637,2255200.132470581,0.054347475987326935,29438.454466036303,0.007219464452168253,1800.0,Normal operation with demand variation
normal_0226,0,,,,,,10000.0,0.508,4.6e-05,crude_oil,30345641.3016356,3835889.1083457908,0.021894879841579912,16976.567873291908,0.007328418394153189,1800.0,Normal operation with demand variation
normal_0164,0,,,,,,10000.0,0.508,4.6e-05,crude_oil,9887122.100289192,3551562.636764073,0.06556046600134324,19490.843720101453,0.0034160112889707285,1800.0,Normal operation with demand variation
leak_large_0134,1,184.9521679447198,27.82,2618.6,sudden,0.0,10000.0,0.508,4.6e-05,crude_oil,17082799.94435805,4341585.252477748,0.03343606350153798,19216.034008969393,0.004662442976980803,1800.0,"large sudden leak at 2619 m, d=27.8 mm, start=185 s"
leak_large_0063,1,181.38938966880443,29.97,4473.9,sudden,0.0,10000.0,0.508,4.6e-05,crude_oil,18437100.769970696,4822384.8493703995,0.03544325454167688,21118.847845168988,0.003629514792641439,1800.0,"large sudden leak at 4474 m, d=30.0 mm, start=181 s"
leak_medium_0201,1,506.3899456641649,8.94,4555.2,sudden,0.0,10000.0,0.508,4.6e-05,crude_oil,9167918.277733175,3771426.638752245,0.047359090969643615,39822.714093013485,0.009013257958679688,1800.0,"medium sudden leak at 4555 m, d=8.9 mm, start=506 s"
leak_medium_0024,1,729.6561314874573,9.16,3132.7,ramp,286.9163921505763,10000.0,0.508,4.6e-05,crude_oil,15373102.924029276,4314004.060920736,0.05391899282029661,30883.490728390385,0.00257421674448615,1800.0,"medium ramp leak at 3133 m, d=9.2 mm, start=730 s"
leak_large_0185,1,275.36500666382716,25.14,6144.2,ramp,60.82978909742043,10000.0,0.508,4.6e-05,crude_oil,15876229.114065371,4984341.626716796,0.07196352291103016,36376.77570440697,0.008517330128646229,1800.0,"large ramp leak at 6144 m, d=25.1 mm, start=275 s"
normal_0205,0,,,,,,10000.0,0.508,4.6e-05,crude_oil,26951684.23774034,4407463.78561076,0.07318008943598141,17899.518467694565,0.005348598330891634,1800.0,Normal operation with demand variation
leak_small_0004,1,286.5217775793922,7.15,6660.1,exponential,276.6128987717674,10000.0,0.508,4.6e-05,crude_oil,8111867.530868769,3959877.752574893,0.030118692908298716,19732.169924248155,0.008386806502078889,1800.0,"small exponential leak at 6660 m, d=7.1 mm, start=287 s"
normal_0172,0,,,,,,10000.0,0.508,4.6e-05,crude_oil,17152437.481791496,4508463.966966143,0.03450197587886786,17736.820274433823,0.007543412724686839,1800.0,Normal operation with demand variation
leak_medium_0143,1,338.04298868280705,11.09,3051.1,exponential,158.9931089452975,10000.0,0.508,4.6e-05,crude_oil,3024592.6225623805,1947360.3469566326,0.053257888116775884,23184.45299736677,0.003710545238337847,1800.0,"medium exponential leak at 3051 m, d=11.1 mm, start=338 s"
normal_0087,0,,,,,,10000.0,0.508,4.6e-05,crude_oil,16290300.571820417,2033143.4855515151,0.07531114700929971,23832.98290464723,0.007279610409034231,1800.0,Normal operation with demand variation
normal_0146,0,,,,,,10000.0,0.508,4.6e-05,crude_oil,22447709.278167542,4371770.803505114,0.027070634054349865,25158.307668792877,0.006661154794516301,1800.0,Normal operation with demand variation
normal_0023,0,,,,,,10000.0,0.508,4.6e-05,crude_oil,10847200.823379356,1460840.1855761758,0.023323724549855606,27734.314483329137,0.007445716214396051,1800.0,Normal operation with demand variation
normal_0121,0,,,,,,10000.0,0.508,4.6e-05,crude_oil,1239297.3492691969,739297.3492691969,0.07494469147272256,23350.481645619766,0.0025049373656309683,1800.0,Normal operation with demand variation
leak_large_0108,1,663.8513200557027,25.95,7887.6,exponential,237.64671673680547,10000.0,0.508,4.6e-05,crude_oil,16763446.693975173,1488249.1578995693,0.03143856539635955,24676.8720156997,0.0026026452995656273,1800.0,"large exponential leak at 7888 m, d=25.9 mm, start=664 s"
leak_small_0179,1,794.943897575192,6.35,7404.1,sudden,0.0,10000.0,0.508,4.6e-05,crude_oil,15151901.046820045,1744435.0737272613,0.0735223709620249,26032.56856725538,0.00884484368477556,1800.0,"small sudden leak at 7404 m, d=6.3 mm, start=795 s"
normal_0126,0,,,,,,10000.0,0.508,4.6e-05,crude_oil,16005836.206738502,2853366.7255167495,0.04087404654539553,23135.24697027512,0.009565549214595787,1800.0,Normal operation with demand variation
leak_large_0013,1,214.18091815182794,29.04,4793.0,exponential,52.561748680089124,10000.0,0.508,4.6e-05,crude_oil,3637256.783665811,2793759.603898619,0.032315591027912136,37572.61383905668,0.008998585234192433,1800.0,"large exponential leak at 4793 m, d=29.0 mm, start=214 s"
leak_large_0029,1,604.5298940918278,21.14,6773.2,ramp,238.93943555613018,10000.0,0.508,4.6e-05,crude_oil,11666875.612574277,2054049.0498677923,0.03754029362658195,34653.191781196016,0.003260812106307827,1800.0,"large ramp leak at 6773 m, d=21.1 mm, start=605 s"
leak_small_0214,1,750.0154645276675,7.79,2223.2,ramp,75.10031600914732,10000.0,0.508,4.6e-05,crude_oil,24079331.22818593,3214774.5998476194,0.04112496767805553,30060.99661224793,0.00870533627287517,1800.0,"small ramp leak at 2223 m, d=7.8 mm, start=750 s"
normal_0134,0,,,,,,10000.0,0.508,4.6e-05,crude_oil,11608105.614175154,1529066.7292534038,0.03445562698485873,18184.12990437507,0.0030471226468039604,1800.0,Normal operation with demand variation
leak_medium_0163,1,500.8320213849567,12.51,5224.4,exponential,31.579506121873955,10000.0,0.508,4.6e-05,crude_oil,4319946.595939554,1239151.9710016013,0.02774985176614387,32162.782596437417,0.009684243711237637,1800.0,"medium exponential leak at 5224 m, d=12.5 mm, start=501 s"
normal_0213,0,,,,,,10000.0,0.508,4.6e-05,crude_oil,22202160.29002664,3745415.211692998,0.052250459752232276,18194.6962217656,0.00621919824526505,1800.0,Normal operation with demand variation
normal_0242,0,,,,,,10000.0,0.508,4.6e-05,crude_oil,10166334.382058725,3075655.278117709,0.07609746901195105,12254.18223796589,0.007918648752308036,1800.0,Normal operation with demand variation
normal_0240,0,,,,,,10000.0,0.508,4.6e-05,crude_oil,24191096.64566605,1851827.0049584794,0.0766883103166423,35233.60193512964,0.009928001984611908,1800.0,Normal operation with demand variation
normal_0221,0,,,,,,10000.0,0.508,4.6e-05,crude_oil,10498260.878097221,2582634.6234915485,0.030375638466015886,26299.275287078708,0.005994242055793184,1800.0,Normal operation with demand variation
normal_0025,0,,,,,,10000.0,0.508,4.6e-05,crude_oil,16016719.029037159,4417104.938259959,0.025946788494792532,39387.12041759778,0.008416207042188747,1800.0,Normal operation with demand variation
leak_medium_0103,1,466.18134025726664,15.43,2783.9,ramp,141.14703768502875,10000.0,0.508,4.6e-05,crude_oil,37949654.34930189,1875237.9605104923,0.0487351044686003,33116.77908355299,0.0021508126323036263,1800.0,"medium ramp leak at 2784 m, d=15.4 mm, start=466 s"
normal_0138,0,,,,,,10000.0,0.508,4.6e-05,crude_oil,17962996.304534853,2094299.9082044763,0.07695761138055544,30439.884180690733,0.0035353692912886833,1800.0,Normal operation with demand variation
normal_0166,0,,,,,,10000.0,0.508,4.6e-05,crude_oil,25143216.67599497,2125114.614939912,0.029002374694892606,31744.504667406192,0.006795414468639482,1800.0,Normal operation with demand variation
leak_medium_0077,1,605.5758842067615,8.92,3939.2,sudden,0.0,10000.0,0.508,4.6e-05,crude_oil,18096520.300271843,3390496.8331656023,0.05702137460963365,13028.535978943404,0.008118503586846721,1800.0,"medium sudden leak at 3939 m, d=8.9 mm, start=606 s"
leak_large_0084,1,316.84383835785445,23.15,6506.5,ramp,46.63847956195524,10000.0,0.508,4.6e-05,crude_oil,23358850.175531425,2479285.260349607,0.07307660015901682,16151.517955695499,0.008449851909783852,1800.0,"large ramp leak at 6506 m, d=23.1 mm, start=317 s"
normal_0184,0,,,,,,10000.0,0.508,4.6e-05,crude_oil,8395602.083901918,1324748.3244245711,0.021968599969863722,21358.62782303556,0.005081341898847754,1800.0,Normal operation with demand variation
normal_0130,0,,,,,,10000.0,0.508,4.6e-05,crude_oil,23562290.037966073,3708729.0500516063,0.06031125131684403,22752.453025423936,0.008496983689496473,1800.0,Normal operation with demand variation
normal_0104,0,,,,,,10000.0,0.508,4.6e-05,crude_oil,14560738.790950634,1867250.744914575,0.05305452610942417,10797.332949918751,0.0023956730971681256,1800.0,Normal operation with demand variation
leak_medium_0161,1,871.158541927967,15.65,2187.7,exponential,69.893430169469,10000.0,0.508,4.6e-05,crude_oil,13527510.440724697,3188051.334856419,0.03359033491587053,33241.077790336814,0.004649595254449688,1800.0,"medium exponential leak at 2188 m, d=15.7 mm, start=871 s"
normal_0239,0,,,,,,10000.0,0.508,4.6e-05,crude_oil,1901189.3551293337,1369675.8103070538,0.07292466256628626,30952.856637365196,0.007393224538351718,1800.0,Normal operation with demand variation
normal_0207,0,,,,,,10000.0,0.508,4.6e-05,crude_oil,9506005.943372639,1025851.7714012562,0.07923117992250163,12155.864975228802,0.006737062599229335,1800.0,Normal operation with demand variation
leak_large_0066,1,844.5192622849258,26.4,4076.0,sudden,0.0,10000.0,0.508,4.6e-05,crude_oil,31646977.394365035,3160855.312157618,0.04375476074244214,26345.501010683824,0.007283689162483656,1800.0,"large sudden leak at 4076 m, d=26.4 mm, start=845 s"
leak_large_0068,1,694.740160270741,28.89,7666.2,ramp,48.61351696778977,10000.0,0.508,4.6e-05,crude_oil,1292165.0990470357,609940.0077141045,0.030668867842732567,12733.943362791479,0.009005968130877175,1800.0,"large ramp leak at 7666 m, d=28.9 mm, start=695 s"
normal_0105,0,,,,,,10000.0,0.508,4.6e-05,crude_oil,12186560.873148017,3273730.9561985815,0.04312216885142618,19442.48855693143,0.006512761096377783,1800.0,Normal operation with demand variation
normal_0052,0,,,,,,10000.0,0.508,4.6e-05,crude_oil,33064650.22555457,3171270.5576970647,0.0632417568031011,36004.043147857796,0.0029128325694690975,1800.0,Normal operation with demand variation
normal_0106,0,,,,,,10000.0,0.508,4.6e-05,crude_oil,1004269.8600909889,504269.8600909889,0.030317621116221372,24282.752700359822,0.00948433555074124,1800.0,Normal operation with demand variation
normal_0053,0,,,,,,10000.0,0.508,4.6e-05,crude_oil,21541024.09482357,4894352.908469493,0.06402520984627497,13716.09324592663,0.002327575682285758,1800.0,Normal operation with demand variation
leak_large_0090,1,693.9796932461287,21.58,4830.7,ramp,299.2739004875912,10000.0,0.508,4.6e-05,crude_oil,17942786.739158407,2814246.1398867727,0.024495301775568128,22088.882253115175,0.005558686074254894,1800.0,"large ramp leak at 4831 m, d=21.6 mm, start=694 s"
leak_large_0240,1,555.0623521324118,21.08,5150.6,exponential,131.76763008299895,10000.0,0.508,4.6e-05,crude_oil,4273016.098615458,1236376.8451452109,0.025997283152678165,37499.19580718366,0.004491061954149245,1800.0,"large exponential leak at 5151 m, d=21.1 mm, start=555 s"
leak_small_0071,1,437.1232290455654,7.87,6296.6,ramp,260.004321051567,10000.0,0.508,4.6e-05,crude_oil,24904421.78925322,4986927.720286967,0.024840822704879903,10423.797247295637,0.0027618688823070033,1800.0,"small ramp leak at 6297 m, d=7.9 mm, start=437 s"
normal_0155,0,,,,,,10000.0,0.508,4.6e-05,crude_oil,10463522.417832268,3526210.455316719,0.07138457783934435,19229.963991370903,0.0037329789134723417,1800.0,Normal operation with demand variation
normal_0177,0,,,,,,10000.0,0.508,4.6e-05,crude_oil,25289494.668184802,3604804.6698397174,0.067253335091793,39430.14434061319,0.0023387689119896385,1800.0,Normal operation with demand variation
leak_small_0075,1,265.5195286288165,7.36,5516.8,exponential,243.0683507646101,10000.0,0.508,4.6e-05,crude_oil,33697486.59160722,3415081.9483043524,0.0709794321467642,21853.460896191464,0.008400624553532222,1800.0,"small exponential leak at 5517 m, d=7.4 mm, start=266 s"
leak_small_0017,1,839.5389034793599,4.9,2341.5,sudden,0.0,10000.0,0.508,4.6e-05,crude_oil,33313427.661376856,4072781.554916535,0.0310275241913665,20615.75917970002,0.0029902986489371017,1800.0,"small sudden leak at 2341 m, d=4.9 mm, start=840 s"
normal_0068,0,,,,,,10000.0,0.508,4.6e-05,crude_oil,21034244.543333214,4946273.367661753,0.03910394706970758,16490.670856762044,0.0053122087503138914,1800.0,Normal operation with demand variation
normal_0024,0,,,,,,10000.0,0.508,4.6e-05,crude_oil,13045262.3702223,3625014.8267038255,0.030889904575791445,27136.97955228318,0.005330099405625538,1800.0,Normal operation with demand variation
leak_small_0092,1,228.68640549309242,5.75,7638.3,exponential,157.99517830051013,10000.0,0.508,4.6e-05,crude_oil,30160411.03722951,4384836.3113504425,0.02353492036014821,11764.03173470493,0.007931574452701706,1800.0,"small exponential leak at 7638 m, d=5.7 mm, start=229 s"
normal_0073,0,,,,,,10000.0,0.508,4.6e-05,crude_oil,4184114.2252415135,2312540.9769932935,0.07337938530052383,14481.224691044523,0.00969239703632826,1800.0,Normal operation with demand variation
normal_0191,0,,,,,,10000.0,0.508,4.6e-05,crude_oil,17585571.7814874,3820235.580379223,0.0736837149028839,27629.04923959129,0.007744498693074003,1800.0,Normal operation with demand variation
leak_large_0003,1,411.54055406600486,21.0,4830.7,exponential,53.189276548144676,10000.0,0.508,4.6e-05,crude_oil,14741443.008931346,1179972.503756045,0.055288780886844205,27828.832840414616,0.003661097376751358,1800.0,"large exponential leak at 4831 m, d=21.0 mm, start=412 s"
normal_0231,0,,,,,,10000.0,0.508,4.6e-05,crude_oil,16059423.569909615,2290213.179231932,0.043645045364915494,34174.50884051867,0.009161312942189918,1800.0,Normal operation with demand variation
leak_small_0002,1,899.5608262904593,3.93,6253.2,exponential,32.02040894882698,10000.0,0.508,4.6e-05,crude_oil,25748813.654926673,4730025.270238167,0.0289510510331809,23687.419221630455,0.0032398814248484537,1800.0,"small exponential leak at 6253 m, d=3.9 mm, start=900 s"
leak_large_0174,1,229.4915774244563,25.56,5633.5,ramp,149.585384456624,10000.0,0.508,4.6e-05,crude_oil,15575560.359439544,3592826.7959191487,0.022827494995734342,29551.159913593237,0.007017007802496984,1800.0,"large ramp leak at 5634 m, d=25.6 mm, start=229 s"
normal_0174,0,,,,,,10000.0,0.508,4.6e-05,crude_oil,24529751.615601033,3777781.0640120786,0.04935591144984787,30626.018053296153,0.0023789800538359185,1800.0,Normal operation with demand variation
normal_0212,0,,,,,,10000.0,0.508,4.6e-05,crude_oil,22561208.097430743,4991835.873185226,0.05236626551986337,11472.22143172819,0.005234211650643592,1800.0,Normal operation with demand variation
leak_small_0105,1,803.2946654552544,5.43,5997.3,ramp,68.18644776698295,10000.0,0.508,4.6e-05,crude_oil,34533483.02872356,3452603.3747491045,0.03406199794970365,19513.619856254147,0.0072317851737354515,1800.0,"small ramp leak at 5997 m, d=5.4 mm, start=803 s"
normal_0009,0,,,,,,10000.0,0.508,4.6e-05,crude_oil,34319572.45906694,3072765.2575032604,0.0741561437926305,19178.698724519574,0.0066337565515351676,1800.0,Normal operation with demand variation
leak_medium_0110,1,386.4774317474123,15.61,3938.8,exponential,66.72741020964475,10000.0,0.508,4.6e-05,crude_oil,37825670.98698718,3780945.6561888936,0.07142951572692494,39197.67970292953,0.008913109414564259,1800.0,"medium exponential leak at 3939 m, d=15.6 mm, start=386 s"
leak_large_0141,1,585.544415378623,25.35,7171.0,ramp,109.53014024092782,10000.0,0.508,4.6e-05,crude_oil,30412075.353513405,4780761.1255257465,0.06553185441555717,39844.69520242671,0.006444916205522816,1800.0,"large ramp leak at 7171 m, d=25.4 mm, start=586 s"
normal_0006,0,,,,,,10000.0,0.508,4.6e-05,crude_oil,17145846.72819529,2929850.2530362266,0.02349816450134396,29857.495441806852,0.006456257218730227,1800.0,Normal operation with demand variation
normal_0092,0,,,,,,10000.0,0.508,4.6e-05,crude_oil,22013911.012434322,4835228.63969948,0.05752868941483617,21990.284054909105,0.007483421766088114,1800.0,Normal operation with demand variation
normal_0057,0,,,,,,10000.0,0.508,4.6e-05,crude_oil,28886267.46454577,3566120.8780910214,0.07319345373031215,20257.80815636981,0.00774111318113254,1800.0,Normal operation with demand variation
normal_0118,0,,,,,,10000.0,0.508,4.6e-05,crude_oil,21901267.6957846,2071870.9505230905,0.05712288669017852,25667.526819471164,0.003714611222839893,1800.0,Normal operation with demand variation
leak_medium_0099,1,836.6311062514663,11.5,7267.5,sudden,0.0,10000.0,0.508,4.6e-05,crude_oil,2232507.8481450737,1732507.8481450737,0.05455001711490823,17088.70304550897,0.0043710999103440985,1800.0,"medium sudden leak at 7267 m, d=11.5 mm, start=837 s"
normal_0163,0,,,,,,10000.0,0.508,4.6e-05,crude_oil,28498696.509396475,2622975.2592351562,0.05033016916142402,32475.224719465987,0.004668399411826843,1800.0,Normal operation with demand variation
leak_medium_0009,1,226.4093513675343,13.21,6739.4,ramp,98.55059373904413,10000.0,0.508,4.6e-05,crude_oil,2304650.568014264,876566.9840701412,0.04845455488552319,14238.678012613016,0.004135469191501828,1800.0,"medium ramp leak at 6739 m, d=13.2 mm, start=226 s"
normal_0084,0,,,,,,10000.0,0.508,4.6e-05,crude_oil,27126499.41023143,3440457.9321397673,0.021803274725670726,19645.989744469953,0.0068650336953167326,1800.0,Normal operation with demand variation
normal_0192,0,,,,,,10000.0,0.508,4.6e-05,crude_oil,9041514.938028716,3999296.0107430317,0.04894256027774686,13420.57574003653,0.009437057501793794,1800.0,Normal operation with demand variation
leak_small_0085,1,420.8132823877575,7.91,2084.6,exponential,71.259581294096,10000.0,0.508,4.6e-05,crude_oil,17024853.452445462,3947447.831548783,0.026809095986102708,30369.56982744811,0.0025693505803831497,1800.0,"small exponential leak at 2085 m, d=7.9 mm, start=421 s"
normal_0197,0,,,,,,10000.0,0.508,4.6e-05,crude_oil,20076769.97461778,4032009.789320503,0.05674635975519089,36071.61358831008,0.0022914415654630665,1800.0,Normal operation with demand variation
leak_small_0049,1,813.2161360247111,7.28,4502.3,sudden,0.0,10000.0,0.508,4.6e-05,crude_oil,4023510.9233035236,1663372.4731849595,0.07155070872181382,19277.491790084685,0.0036251966013391757,1800.0,"small sudden leak at 4502 m, d=7.3 mm, start=813 s"
leak_large_0107,1,578.7087078709629,23.39,2223.0,ramp,185.48685980468838,10000.0,0.508,4.6e-05,crude_oil,15461042.320715012,3309250.502051948,0.06222419717862611,18227.157166760157,0.008508212396644316,1800.0,"large ramp leak at 2223 m, d=23.4 mm, start=579 s"
leak_small_0237,1,339.2024426718861,5.85,7196.0,exponential,59.31946658232327,10000.0,0.508,4.6e-05,crude_oil,37993735.43235234,2721789.126214545,0.02560077474084032,13431.866722038269,0.004173565978181363,1800.0,"small exponential leak at 7196 m, d=5.9 mm, start=339 s"
normal_0128,0,,,,,,10000.0,0.508,4.6e-05,crude_oil,2990590.8094615154,1690075.5344894892,0.0796888935697765,22652.98188143684,0.0025346060376117033,1800.0,Normal operation with demand variation
leak_large_0157,1,648.679624863687,23.34,5946.5,exponential,274.1765790247431,10000.0,0.508,4.6e-05,crude_oil,11396837.2546951,1127018.3518275279,0.0378873375130216,32462.125586471833,0.007329429216920181,1800.0,"large exponential leak at 5947 m, d=23.3 mm, start=649 s"
leak_medium_0132,1,694.5409160488995,9.56,4165.4,exponential,72.86211665258608,10000.0,0.508,4.6e-05,crude_oil,32737352.651458327,4240809.102230474,0.033668669065183045,39419.20825427765,0.0038222975276896378,1800.0,"medium exponential leak at 4165 m, d=9.6 mm, start=695 s"
normal_0013,0,,,,,,10000.0,0.508,4.6e-05,crude_oil,36650090.033916965,1990871.8114951376,0.0603344055823887,31809.83842860648,0.008149179935341255,1800.0,Normal operation with demand variation
leak_large_0139,1,378.8972215444163,19.84,4144.9,ramp,165.8578359626975,10000.0,0.508,4.6e-05,crude_oil,28570911.924850788,3422444.6556058233,0.023329159191458882,19061.537782475556,0.003159313254866719,1800.0,"large ramp leak at 4145 m, d=19.8 mm, start=379 s"
normal_0193,0,,,,,,10000.0,0.508,4.6e-05,crude_oil,12524502.34834758,2248485.0402018726,0.03519845604233862,11162.539945852885,0.0072298437806153654,1800.0,Normal operation with demand variation
normal_0014,0,,,,,,10000.0,0.508,4.6e-05,crude_oil,27992781.88163345,1630943.9466166291,0.06978738458794478,38586.98185209235,0.004327342705120949,1800.0,Normal operation with demand variation
leak_large_0168,1,322.6889021924544,27.71,3838.1,sudden,0.0,10000.0,0.508,4.6e-05,crude_oil,9101605.960533233,3943335.8068608246,0.02873496152613415,17486.71546079668,0.0054353870641722256,1800.0,"large sudden leak at 3838 m, d=27.7 mm, start=323 s"
normal_0244,0,,,,,,10000.0,0.508,4.6e-05,crude_oil,15310298.731484106,1551424.3716355017,0.07239439618123285,10848.769169143437,0.006469394371800449,1800.0,Normal operation with demand variation
normal_0117,0,,,,,,10000.0,0.508,4.6e-05,crude_oil,18699843.67847198,2961667.52428916,0.07026301149122247,36230.0276900444,0.0021917628442236436,1800.0,Normal operation with demand variation
normal_0039,0,,,,,,10000.0,0.508,4.6e-05,crude_oil,15423505.515801672,4594509.989783861,0.025503260349451884,23756.819273754692,0.008272647586731264,1800.0,Normal operation with demand variation
normal_0186,0,,,,,,10000.0,0.508,4.6e-05,crude_oil,36641559.5035595,3020222.368788535,0.03850757734986501,39828.075374898486,0.008160725745270957,1800.0,Normal operation with demand variation
leak_medium_0080,1,455.7585183619273,17.28,2200.9,ramp,158.09233212101387,10000.0,0.508,4.6e-05,crude_oil,34504811.89980478,3693856.8264560597,0.05055801879348931,35679.12400522374,0.007674192089137986,1800.0,"medium ramp leak at 2201 m, d=17.3 mm, start=456 s"
leak_medium_0011,1,815.6227191440977,14.93,3466.9,ramp,130.9588968791703,10000.0,0.508,4.6e-05,crude_oil,16865579.13666278,1292634.120318948,0.05687637315514557,14549.911263383337,0.003724565682641747,1800.0,"medium ramp leak at 3467 m, d=14.9 mm, start=816 s"
leak_small_0001,1,452.97004398591497,7.03,7982.4,exponential,205.1692240499097,10000.0,0.508,4.6e-05,crude_oil,17812765.239932727,2852980.7205099883,0.025306326156479285,28692.145106861062,0.0053606685224223335,1800.0,"small exponential leak at 7982 m, d=7.0 mm, start=453 s"
normal_0048,0,,,,,,10000.0,0.508,4.6e-05,crude_oil,17071036.221562147,1133947.2669228367,0.049411852544095185,12523.460036706461,0.003949339632445708,1800.0,Normal operation with demand variation
leak_large_0235,1,629.8300872939243,19.37,4598.7,ramp,149.76384604432417,10000.0,0.508,4.6e-05,crude_oil,9181262.266145235,3832929.21855742,0.05451606059984186,36950.26918607287,0.007594499005552876,1800.0,"large ramp leak at 4599 m, d=19.4 mm, start=630 s"
normal_0123,0,,,,,,10000.0,0.508,4.6e-05,crude_oil,32093784.02305362,3402234.5827795123,0.062290299382590855,21590.243716695455,0.004892792236581301,1800.0,Normal operation with demand variation
leak_large_0035,1,315.2581546987303,19.1,3584.2,sudden,0.0,10000.0,0.508,4.6e-05,crude_oil,37015766.872324914,4375645.979539912,0.07907644259605578,26858.227708035334,0.004630284782480827,1800.0,"large sudden leak at 3584 m, d=19.1 mm, start=315 s"
leak_small_0102,1,564.2063524367048,6.03,3730.3,exponential,171.72896584016507,10000.0,0.508,4.6e-05,crude_oil,20363197.772226285,2332423.847086269,0.04755176574152392,17244.67181865382,0.008915603055430283,1800.0,"small exponential leak at 3730 m, d=6.0 mm, start=564 s"
normal_0243,0,,,,,,10000.0,0.508,4.6e-05,crude_oil,21267660.643271606,2736513.423029314,0.07989370886707123,27875.738521929557,0.0029521931998573486,1800.0,Normal operation with demand variation
leak_medium_0195,1,660.5488624208131,10.13,2342.4,sudden,0.0,10000.0,0.508,4.6e-05,crude_oil,10675326.983665325,2657984.0683109397,0.059336394946592916,27829.685343619698,0.0031818285003285497,1800.0,"medium sudden leak at 2342 m, d=10.1 mm, start=661 s"
leak_small_0211,1,747.5177102398009,4.19,4493.6,ramp,70.15288637567951,10000.0,0.508,4.6e-05,crude_oil,33587381.31169764,2194472.9636653955,0.03575235293893982,35193.628715685445,0.00308857849466753,1800.0,"small ramp leak at 4494 m, d=4.2 mm, start=748 s"
normal_0033,0,,,,,,10000.0,0.508,4.6e-05,crude_oil,24361399.868384622,4231055.228682873,0.07919789269545932,13554.357316511241,0.00880426943352626,1800.0,Normal operation with demand variation
leak_large_0062,1,518.3750837695442,22.07,2488.7,ramp,37.619273687878646,10000.0,0.508,4.6e-05,crude_oil,22054493.312345777,2326936.5204741564,0.03666187582779255,28115.93682815032,0.003759120341880493,1800.0,"large ramp leak at 2489 m, d=22.1 mm, start=518 s"
normal_0044,0,,,,,,10000.0,0.508,4.6e-05,crude_oil,16373823.623450685,2482424.9395522703,0.07051959266236779,20023.901215046375,0.00338395556153275,1800.0,Normal operation with demand variation
leak_medium_0064,1,657.587001148344,9.88,2854.7,exponential,169.2820482562524,10000.0,0.508,4.6e-05,crude_oil,25259739.014987566,2965051.439440868,0.06277317748592606,11179.581490998113,0.009895137620304065,1800.0,"medium exponential leak at 2855 m, d=9.9 mm, start=658 s"
leak_large_0093,1,554.1019614516026,23.68,7263.1,exponential,254.72621213873398,10000.0,0.508,4.6e-05,crude_oil,25914044.80133792,1563808.7554614427,0.06869580467579978,27056.405651493747,0.0038743648064953895,1800.0,"large exponential leak at 7263 m, d=23.7 mm, start=554 s"
leak_large_0019,1,387.58936882353754,26.33,2859.8,exponential,82.65795626410338,10000.0,0.508,4.6e-05,crude_oil,4468022.40342639,1874115.968190539,0.07622090005257581,15213.306633471722,0.002461541373331521,1800.0,"large exponential leak at 2860 m, d=26.3 mm, start=388 s"
leak_large_0232,1,199.00501112343238,29.99,3816.1,ramp,168.4888259399407,10000.0,0.508,4.6e-05,crude_oil,16495047.524116252,3143057.9447297384,0.03263625116678571,23460.118604646515,0.0023556598114910445,1800.0,"large ramp leak at 3816 m, d=30.0 mm, start=199 s"
leak_medium_0243,1,885.0457542635818,9.32,5738.0,ramp,63.046686578568384,10000.0,0.508,4.6e-05,crude_oil,19754883.37794845,3078735.8700906048,0.06908897050492013,20287.61819279592,0.0029852846869831157,1800.0,"medium ramp leak at 5738 m, d=9.3 mm, start=885 s"
leak_small_0114,1,275.31740970313234,6.84,2668.2,ramp,50.938952050595915,10000.0,0.508,4.6e-05,crude_oil,3317016.783578182,1569094.9821170035,0.07249383202835535,19194.411319557395,0.0022793263345819723,1800.0,"small ramp leak at 2668 m, d=6.8 mm, start=275 s"
leak_medium_0233,1,552.9540762389488,9.66,7538.0,exponential,99.88542790998163,10000.0,0.508,4.6e-05,crude_oil,2096270.3947828873,1596270.3947828873,0.04692120311550776,27611.96240046406,0.006045247117121726,1800.0,"medium exponential leak at 7538 m, d=9.7 mm, start=553 s"
leak_small_0097,1,217.64304779135256,7.41,4227.7,exponential,230.472108585018,10000.0,0.508,4.6e-05,crude_oil,16570113.241517918,4224059.081628715,0.021165367283524427,27866.33136150387,0.009353776794952402,1800.0,"small exponential leak at 4228 m, d=7.4 mm, start=218 s"
leak_medium_0222,1,814.4390308506764,17.94,6212.3,sudden,0.0,10000.0,0.508,4.6e-05,crude_oil,17427645.92687814,2523897.5303498865,0.05836441941749601,36076.23432491484,0.004872102657150388,1800.0,"medium sudden leak at 6212 m, d=17.9 mm, start=814 s"
leak_large_0047,1,664.156491996089,18.14,7311.0,exponential,203.53702731359576,10000.0,0.508,4.6e-05,crude_oil,32833237.951834127,3930864.769502335,0.039235043746994366,18325.333583020456,0.005607322137296831,1800.0,"large exponential leak at 7311 m, d=18.1 mm, start=664 s"
normal_0003,0,,,,,,10000.0,0.508,4.6e-05,crude_oil,9299215.053354716,2427114.778677801,0.04622911513233985,19370.99924146123,0.008658078411161608,1800.0,Normal operation with demand variation
leak_small_0148,1,504.8556807841433,4.97,2439.1,exponential,96.1770762304588,10000.0,0.508,4.6e-05,crude_oil,18445048.516775467,4136583.6545871096,0.03032947309818218,15103.732168469503,0.0021577515520918864,1800.0,"small exponential leak at 2439 m, d=5.0 mm, start=505 s"
leak_small_0076,1,446.01915325050203,7.22,4704.2,ramp,104.03464861921796,10000.0,0.508,4.6e-05,crude_oil,14952148.230600186,3730269.0223905966,0.05882712728441397,10872.14842506391,0.005252785149615703,1800.0,"small ramp leak at 4704 m, d=7.2 mm, start=446 s"
leak_large_0224,1,329.531221274886,24.97,2966.5,ramp,30.651077306552956,10000.0,0.508,4.6e-05,crude_oil,17762442.903406695,1604919.776362483,0.03913178896976571,32769.556816667064,0.008345586993657252,1800.0,"large ramp leak at 2967 m, d=25.0 mm, start=330 s"
normal_0234,0,,,,,,10000.0,0.508,4.6e-05,crude_oil,23757384.859632075,4954306.0342136305,0.06917949317210978,36122.00119953592,0.007510017702079359,1800.0,Normal operation with demand variation
normal_0154,0,,,,,,10000.0,0.508,4.6e-05,crude_oil,33201856.101044513,4587612.746151319,0.06276498162567798,24029.57357350637,0.0033577128407884854,1800.0,Normal operation with demand variation
normal_0195,0,,,,,,10000.0,0.508,4.6e-05,crude_oil,11859212.914632149,1590878.6278600786,0.0432892300746839,33155.81622531777,0.005030943650783657,1800.0,Normal operation with demand variation
normal_0005,0,,,,,,10000.0,0.508,4.6e-05,crude_oil,9145300.735359734,3005208.885371415,0.06589993144496153,26776.214822362406,0.004431600784500897,1800.0,Normal operation with demand variation
leak_large_0182,1,228.70047924220637,27.22,6080.4,exponential,79.44789337944067,10000.0,0.508,4.6e-05,crude_oil,33850693.702411704,4634852.29648235,0.05676452940201962,21422.58924083886,0.007756599957566898,1800.0,"large exponential leak at 6080 m, d=27.2 mm, start=229 s"
normal_0079,0,,,,,,10000.0,0.508,4.6e-05,crude_oil,15648035.526072342,3630132.391793858,0.07894200098627195,14133.806077834157,0.004435732211808263,1800.0,Normal operation with demand variation
normal_0249,0,,,,,,10000.0,0.508,4.6e-05,crude_oil,16238568.811293019,2936545.1574440636,0.022173339862718217,10607.833846124175,0.003996385407509763,1800.0,Normal operation with demand variation
leak_small_0171,1,801.163305549313,3.51,5007.4,sudden,0.0,10000.0,0.508,4.6e-05,crude_oil,17294374.266776994,2091540.3430764491,0.07596476456044748,14684.956706147954,0.003552813538790222,1800.0,"small sudden leak at 5007 m, d=3.5 mm, start=801 s"
leak_medium_0236,1,678.9421513434504,16.87,3524.9,exponential,147.39629282848043,10000.0,0.508,4.6e-05,crude_oil,24689124.835222855,4859528.751240302,0.06495991928424442,17719.14294974093,0.0020279598488747766,1800.0,"medium exponential leak at 3525 m, d=16.9 mm, start=679 s"
leak_large_0042,1,793.4148256331455,29.94,2686.7,ramp,263.19415064390495,10000.0,0.508,4.6e-05,crude_oil,27967857.20994237,3572619.3070862326,0.07332772965088599,16757.43412538521,0.004640194745989328,1800.0,"large ramp leak at 2687 m, d=29.9 mm, start=793 s"
leak_large_0054,1,701.8100772849305,29.32,3530.1,sudden,0.0,10000.0,0.508,4.6e-05,crude_oil,23197267.71144733,4297741.012699986,0.06257717059315474,37207.07254166593,0.006588206893667587,1800.0,"large sudden leak at 3530 m, d=29.3 mm, start=702 s"
normal_0218,0,,,,,,10000.0,0.508,4.6e-05,crude_oil,31921399.1562673,3748110.940850373,0.027166906155722023,35099.22239219633,0.00316665840588544,1800.0,Normal operation with demand variation
normal_0086,0,,,,,,10000.0,0.508,4.6e-05,crude_oil,33095213.684846707,4127935.0466070087,0.07542699896559081,10069.26317760226,0.009946947987289425,1800.0,Normal operation with demand variation
normal_0135,0,,,,,,10000.0,0.508,4.6e-05,crude_oil,10359972.626205526,3289466.4694597013,0.05857990540044995,28405.494541894965,0.00911823573231895,1800.0,Normal operation with demand variation
leak_large_0206,1,274.90469070156155,23.59,4320.2,ramp,263.05091314342883,10000.0,0.508,4.6e-05,crude_oil,30585178.247979745,4883601.166794814,0.04206282828994806,21479.66511442411,0.004089376672132727,1800.0,"large ramp leak at 4320 m, d=23.6 mm, start=275 s"
leak_medium_0083,1,701.0484023337797,16.32,2484.6,sudden,0.0,10000.0,0.508,4.6e-05,crude_oil,33501833.59676452,4645859.123179212,0.06196542261933875,34205.03341571365,0.0028330775008578017,1800.0,"medium sudden leak at 2485 m, d=16.3 mm, start=701 s"
leak_medium_0074,1,696.614063526444,10.16,4200.3,sudden,0.0,10000.0,0.508,4.6e-05,crude_oil,18133254.1109448,4463918.212538961,0.046543375634056736,37739.50658975387,0.005844479126391347,1800.0,"medium sudden leak at 4200 m, d=10.2 mm, start=697 s"
leak_large_0158,1,407.301772203499,24.17,6969.4,ramp,69.2411820313284,10000.0,0.508,4.6e-05,crude_oil,32743286.43413312,2958342.9383689193,0.058676320390060016,37005.576853145394,0.009075985184836008,1800.0,"large ramp leak at 6969 m, d=24.2 mm, start=407 s"
leak_large_0208,1,841.2650882005836,23.88,3958.1,ramp,227.9652449885641,10000.0,0.508,4.6e-05,crude_oil,10469092.381274652,3870665.8009485756,0.04670211774989192,12876.386131032565,0.007121369984865996,1800.0,"large ramp leak at 3958 m, d=23.9 mm, start=841 s"
leak_large_0169,1,610.8714731993639,28.97,5297.8,sudden,0.0,10000.0,0.508,4.6e-05,crude_oil,35537287.93153633,2700981.6869521295,0.040805149895663764,18936.245279293173,0.0068534281220637904,1800.0,"large sudden leak at 5298 m, d=29.0 mm, start=611 s"
leak_large_0096,1,496.15024413771073,20.64,4156.0,ramp,78.6923665612344,10000.0,0.508,4.6e-05,crude_oil,10250765.257745909,2414808.3374954443,0.038194917088870746,27459.96176367965,0.003608129189420479,1800.0,"large ramp leak at 4156 m, d=20.6 mm, start=496 s"
normal_0063,0,,,,,,10000.0,0.508,4.6e-05,crude_oil,1984266.4460197538,584158.5374744933,0.03875419694171504,21535.131339697844,0.002484227606612289,1800.0,Normal operation with demand variation
leak_large_0046,1,622.8175549704288,20.71,3965.1,sudden,0.0,10000.0,0.508,4.6e-05,crude_oil,30698112.022388343,2503924.4413805325,0.03320289922859647,14295.902132293648,0.003971806824667414,1800.0,"large sudden leak at 3965 m, d=20.7 mm, start=623 s"
leak_medium_0155,1,636.6119150845323,11.86,2518.9,ramp,263.2327365712138,10000.0,0.508,4.6e-05,crude_oil,9839344.524690198,1845300.8734790594,0.04081760152205179,21881.76834350964,0.0023202501023941117,1800.0,"medium ramp leak at 2519 m, d=11.9 mm, start=637 s"
normal_0147,0,,,,,,10000.0,0.508,4.6e-05,crude_oil,28207425.695233125,4077831.261956608,0.03131181403244961,31655.089967008404,0.009342879973005872,1800.0,Normal operation with demand variation
leak_large_0178,1,304.78230712505956,26.42,4238.1,ramp,187.69305595935856,10000.0,0.508,4.6e-05,crude_oil,23322834.849108092,3653163.384155644,0.05294843461313478,14947.462258258405,0.00662448610549354,1800.0,"large ramp leak at 4238 m, d=26.4 mm, start=305 s"
leak_large_0172,1,532.4607355179438,18.35,3767.7,exponential,195.70273051599818,10000.0,0.508,4.6e-05,crude_oil,9281622.706457105,3946692.4886969132,0.06512829633973542,19730.199796109184,0.007735668767155793,1800.0,"large exponential leak at 3768 m, d=18.4 mm, start=532 s"
normal_0094,0,,,,,,10000.0,0.508,4.6e-05,crude_oil,37010368.49348058,4451630.100166926,0.06588003371371998,23693.565835428148,0.003921810209192025,1800.0,Normal operation with demand variation
leak_medium_0246,1,192.11481864896285,15.3,6151.5,ramp,103.16553998224735,10000.0,0.508,4.6e-05,crude_oil,3387352.151718474,2629757.5098240566,0.041727351850846896,12845.86090333565,0.0027872767529603746,1800.0,"medium ramp leak at 6152 m, d=15.3 mm, start=192 s"
leak_medium_0123,1,569.2117333598367,9.38,5003.6,sudden,0.0,10000.0,0.508,4.6e-05,crude_oil,34485865.91672608,2930102.686695376,0.054740966587410664,25231.26530599372,0.009524887985340468,1800.0,"medium sudden leak at 5004 m, d=9.4 mm, start=569 s"
leak_small_0203,1,216.24900929025736,6.68,7511.5,sudden,0.0,10000.0,0.508,4.6e-05,crude_oil,23081848.100379247,4603820.78748221,0.029270882489368846,36100.77642571413,0.005893755019284858,1800.0,"small sudden leak at 7512 m, d=6.7 mm, start=216 s"
normal_0102,0,,,,,,10000.0,0.508,4.6e-05,crude_oil,20041786.043908138,4125930.957818816,0.033151352988717936,13567.310441018815,0.002687858800887561,1800.0,Normal operation with demand variation
leak_large_0239,1,457.9441442058898,21.97,6763.3,sudden,0.0,10000.0,0.508,4.6e-05,crude_oil,33343571.91432987,3540549.931774348,0.06063527862070074,27382.400887894164,0.008339735048308882,1800.0,"large sudden leak at 6763 m, d=22.0 mm, start=458 s"
leak_large_0230,1,498.22353942149334,25.89,2073.5,sudden,0.0,10000.0,0.508,4.6e-05,crude_oil,34554032.65411009,4909049.526558988,0.059543553968153196,17830.183264077896,0.007318360748988673,1800.0,"large sudden leak at 2073 m, d=25.9 mm, start=498 s"
normal_0211,0,,,,,,10000.0,0.508,4.6e-05,crude_oil,21316285.421713177,4150723.0145897153,0.055170577716258315,38709.14753892338,0.0067001742442309945,1800.0,Normal operation with demand variation
leak_medium_0126,1,656.7933083462653,10.33,6651.1,exponential,61.12310730755114,10000.0,0.508,4.6e-05,crude_oil,15313713.071333118,3416758.317086401,0.07697436623921959,10697.813203653033,0.004229681444450719,1800.0,"medium exponential leak at 6651 m, d=10.3 mm, start=657 s"
normal_0030,0,,,,,,10000.0,0.508,4.6e-05,crude_oil,37298351.8166253,2386841.7384371553,0.05696994200144728,27172.915421015492,0.005727881223849819,1800.0,Normal operation with demand variation
leak_large_0193,1,739.5692276385208,19.05,6787.6,sudden,0.0,10000.0,0.508,4.6e-05,crude_oil,31043324.610152584,4584860.465241918,0.03753410636792089,13143.930674301855,0.0062320848005885405,1800.0,"large sudden leak at 6788 m, d=19.1 mm, start=740 s"
normal_0145,0,,,,,,10000.0,0.508,4.6e-05,crude_oil,4469694.157930335,1652773.3357695376,0.02769759551066721,31851.24897239227,0.005529781987844465,1800.0,Normal operation with demand variation
leak_large_0027,1,226.06023053395683,19.65,3751.4,ramp,229.11432020179018,10000.0,0.508,4.6e-05,crude_oil,10559390.818807438,3998226.776163014,0.023713128621534588,12146.935001858554,0.009467106854759445,1800.0,"large ramp leak at 3751 m, d=19.6 mm, start=226 s"
leak_large_0192,1,279.6268988833945,25.5,2163.9,sudden,0.0,10000.0,0.508,4.6e-05,crude_oil,26103101.836631667,4882666.842409343,0.07084103734515121,13498.121367055497,0.008726224791523457,1800.0,"large sudden leak at 2164 m, d=25.5 mm, start=280 s"
normal_0167,0,,,,,,10000.0,0.508,4.6e-05,crude_oil,12772329.099757966,2078998.8809998329,0.04113274961390745,23175.35539617804,0.0071520752115989475,1800.0,Normal operation with demand variation
normal_0031,0,,,,,,10000.0,0.508,4.6e-05,crude_oil,31397991.80248058,3598577.045329143,0.02702621395400663,22558.24902371138,0.008194571329134745,1800.0,Normal operation with demand variation
normal_0162,0,,,,,,10000.0,0.508,4.6e-05,crude_oil,21390272.10264674,4509896.9029556215,0.05171250373654718,23194.271274414,0.009884968812096065,1800.0,Normal operation with demand variation
leak_medium_0007,1,250.61747550547136,8.67,7875.5,ramp,253.88970812484217,10000.0,0.508,4.6e-05,crude_oil,8607071.846019117,2646662.767019701,0.06745190785179606,26468.63598083488,0.006504086080690872,1800.0,"medium ramp leak at 7875 m, d=8.7 mm, start=251 s"
normal_0085,0,,,,,,10000.0,0.508,4.6e-05,crude_oil,16872389.446153414,4960113.644818518,0.04812555782083715,20241.61202145183,0.00240085351757547,1800.0,Normal operation with demand variation
leak_medium_0238,1,488.09787875276396,10.38,2017.2,exponential,33.38450661318825,10000.0,0.508,4.6e-05,crude_oil,3860820.0172885857,1311119.347334003,0.07911775539417495,35549.485070033974,0.003959095587843254,1800.0,"medium exponential leak at 2017 m, d=10.4 mm, start=488 s"
normal_0045,0,,,,,,10000.0,0.508,4.6e-05,crude_oil,4308693.698082745,3591019.454778739,0.05605042447670486,38752.87542702917,0.009963715780669097,1800.0,Normal operation with demand variation
leak_large_0166,1,874.3133425571012,26.23,3503.1,sudden,0.0,10000.0,0.508,4.6e-05,crude_oil,11661563.678024199,3651511.708295895,0.028590725029162867,19378.332033527244,0.00730590422808441,1800.0,"large sudden leak at 3503 m, d=26.2 mm, start=874 s"
normal_0222,0,,,,,,10000.0,0.508,4.6e-05,crude_oil,28707874.111420278,3924700.492392488,0.047823183679795565,30349.318252051246,0.007973853718704373,1800.0,Normal operation with demand variation
leak_large_0221,1,376.9966932951486,23.61,4599.1,exponential,164.96804947698965,10000.0,0.508,4.6e-05,crude_oil,36772704.44015595,4582810.283132229,0.0582754249760494,24845.456847704696,0.007510468596107586,1800.0,"large exponential leak at 4599 m, d=23.6 mm, start=377 s"
leak_small_0057,1,851.7456191874753,5.29,7016.7,exponential,91.07100024655676,10000.0,0.508,4.6e-05,crude_oil,21306465.2595032,4789552.312296566,0.06906895563465011,31133.74864100251,0.0026260720614685617,1800.0,"small exponential leak at 7017 m, d=5.3 mm, start=852 s"
normal_0201,0,,,,,,10000.0,0.508,4.6e-05,crude_oil,16807061.957668096,2732421.658739368,0.06584456320527743,10977.773297410435,0.0025358241050559196,1800.0,Normal operation with demand variation
normal_0224,0,,,,,,10000.0,0.508,4.6e-05,crude_oil,23589662.496934306,1928013.3802098653,0.07017198505746652,10116.824391433978,0.005562053644288326,1800.0,Normal operation with demand variation
leak_medium_0116,1,429.4128571015743,14.55,3004.1,sudden,0.0,10000.0,0.508,4.6e-05,crude_oil,19002120.211765982,3174727.033495197,0.07865035904773586,21207.730194171738,0.003071112555001453,1800.0,"medium sudden leak at 3004 m, d=14.6 mm, start=429 s"
leak_medium_0210,1,206.4327750579238,13.03,4584.8,ramp,172.5104285457375,10000.0,0.508,4.6e-05,crude_oil,19602045.029716782,2709939.607278003,0.04548546161123541,22766.319041491646,0.009924998186947961,1800.0,"medium ramp leak at 4585 m, d=13.0 mm, start=206 s"
leak_medium_0122,1,213.16672807357762,14.8,3252.4,exponential,154.91018626033738,10000.0,0.508,4.6e-05,crude_oil,14845514.243787412,2473245.4794837413,0.07732293304425492,15625.943397166251,0.005833706117135592,1800.0,"medium exponential leak at 3252 m, d=14.8 mm, start=213 s"
leak_large_0198,1,833.7205775118651,21.57,7780.3,sudden,0.0,10000.0,0.508,4.6e-05,crude_oil,20008687.29526769,3387306.95179487,0.060025685573339774,21340.453220090465,0.009600275705633078,1800.0,"large sudden leak at 7780 m, d=21.6 mm, start=834 s"
leak_medium_0112,1,841.245272201016,10.37,7968.8,sudden,0.0,10000.0,0.508,4.6e-05,crude_oil,10712740.727079913,2945536.8952154135,0.061385117956428495,16019.998762387524,0.0020074088538512393,1800.0,"medium sudden leak at 7969 m, d=10.4 mm, start=841 s"
